[INFO] Process start to main: 48 ms
[INFO] Registered singleton 0 for afterhours::files::ProvidesResourcePaths (0)
[INFO] Settings loaded from /Users/gabeochoa/Library/Application Support/floatinghotel/settings.json
[INFO] Pre-graphics init: 11 ms
[INFO]   Window+GPU init: 177 ms
[INFO] Registered singleton 1 for afterhours::input::InputCollector (1)
[INFO] Registered singleton 1 for afterhours::input::ProvidesMaxGamepadID (2)
[INFO] Registered singleton 1 for afterhours::input::ProvidesInputMapping (3)
[INFO] Registered singleton 1 for afterhours::input::ProvidesInputConfig (4)
[WARN] try_load_gamepad_mappings: no backend configured
[INFO] Registered singleton 1 for afterhours::window_manager::ProvidesTargetFPS (5)
[INFO] Registered singleton 1 for afterhours::window_manager::ProvidesCurrentResolution (6)
[INFO] Registered singleton 1 for afterhours::window_manager::ProvidesAvailableWindowResolutions (7)
[INFO] Registered singleton 2 for afterhours::ui::UIContext<InputAction> (8)
[INFO] Registered singleton 2 for afterhours::ui::FontManager (9)
[INFO] Registered singleton 2 for afterhours::ui::TextMeasureCache (10)
[INFO] Registered singleton 2 for afterhours::ui::UIEntityMappingCache (11)
[INFO] Registered singleton 2 for afterhours::ui::DragGroupState (12)
[INFO]   Preload+fonts: 2 ms
[INFO] Registered singleton 6 for afterhours::modal::ModalRoot (28)
[INFO] Registered singleton 7 for afterhours::ui::TooltipState (29)
[INFO]   Systems registration: 0 ms
[INFO] Startup time: 179 ms (from graphics::run to app_init done)
[INFO] [Validation] No UI violations detected
[INFO] git: 5239 ms (waited 0 ms for lock): git ls-files
[INFO] git: 5258 ms (waited 0 ms for lock): git log
[INFO] commits loaded: 1 commits, 5259 ms after refresh requested, 5521 ms since process start
[INFO] git: 5581 ms (waited 0 ms for lock): git status
[INFO] refresh: status ready at 5582 ms
[INFO] git: 686 ms (waited 0 ms for lock): git diff
[INFO] refresh: diff ready at 5926 ms
[INFO] git: 857 ms (waited 0 ms for lock): git branch
[INFO] refresh: branches ready at 6117 ms
[INFO] git: 581 ms (waited 0 ms for lock): git diff
[INFO] refresh: done in 6163 ms
[WARN] Layout wrap: 'commit_heading' in parent 'main_content' - NoWrap set but would overflow (child_size=120.0, offset=0.0, container=0.0)
[WARN] Layout overflow: 'commit_heading' extends outside parent 'main_content' bounds (child_rel=[0.0,0.0], child_size=[0.0,120.0], child_end=[0.0,120.0], parent_size=[0.0,0.0], gap=0.0, start_offset=0.0)
[WARN] Layout wrap: 'commit_sticky_revision' in parent 'commit_heading' - NoWrap set but would overflow (child_size=176.0, offset=0.0, container=0.0)
[WARN] Layout overflow: 'commit_sticky_revision' extends outside parent 'commit_heading' bounds (child_rel=[0.0,0.0], child_size=[176.0,104.0], child_end=[176.0,104.0], parent_size=[0.0,104.0], gap=0.0, start_offset=0.0)
[WARN] Layout wrap: 'commit_find_host' in parent 'main_content' - NoWrap set but would overflow (child_size=144.0, offset=120.0, container=0.0)
[WARN] Layout overflow: 'commit_find_host' extends outside parent 'main_content' bounds (child_rel=[0.0,120.0], child_size=[0.0,144.0], child_end=[0.0,264.0], parent_size=[0.0,0.0], gap=0.0, start_offset=0.0)
[WARN] Layout wrap: 'commit_detail_scroll' in parent 'main_content' - NoWrap set but would overflow (child_size=0.0, offset=264.0, container=0.0)
[WARN] Layout overflow: 'commit_detail_scroll' extends outside parent 'main_content' bounds (child_rel=[0.0,264.0], child_size=[0.0,0.0], child_end=[0.0,264.0], parent_size=[0.0,0.0], gap=0.0, start_offset=0.0)
[WARN] Layout wrap: 'commit_relative_date' in parent 'commit_meta_compact' - NoWrap set but would overflow (child_size=120.0, offset=12.0, container=0.0)
[WARN] Layout overflow: 'commit_relative_date' extends outside parent 'commit_meta_compact' bounds (child_rel=[12.0,4.0], child_size=[120.0,56.0], child_end=[132.0,60.0], parent_size=[0.0,64.0], gap=12.0, start_offset=0.0)
[WARN] Layout wrap: 'commit_short_hash' in parent 'commit_meta_compact' - NoWrap set but would overflow (child_size=168.0, offset=144.0, container=0.0)
[WARN] Layout overflow: 'commit_short_hash' extends outside parent 'commit_meta_compact' bounds (child_rel=[144.0,4.0], child_size=[168.0,56.0], child_end=[312.0,60.0], parent_size=[0.0,64.0], gap=12.0, start_offset=0.0)
[WARN] Layout wrap: 'commit_meta_toggle' in parent 'commit_meta_compact' - NoWrap set but would overflow (child_size=160.0, offset=324.0, container=0.0)
[WARN] Layout overflow: 'commit_meta_toggle' extends outside parent 'commit_meta_compact' bounds (child_rel=[324.0,4.0], child_size=[160.0,56.0], child_end=[484.0,60.0], parent_size=[0.0,64.0], gap=12.0, start_offset=0.0)
[INFO] git: 183 ms (waited 0 ms for lock): git rev-parse
[INFO] git: 152 ms (waited 0 ms for lock): git show
[INFO] git: 127 ms (waited 0 ms for lock): git show
[INFO] git: 137 ms (waited 0 ms for lock): git rev-parse
[INFO] git: 111 ms (waited 0 ms for lock): git rev-parse
[INFO] git: 118 ms (waited 0 ms for lock): git ls-tree
[INFO] git: 124 ms (waited 0 ms for lock): git rev-parse
[INFO] git: 144 ms (waited 0 ms for lock): git rev-parse
[INFO] git: 114 ms (waited 0 ms for lock): git cat-file
[INFO] git: 147 ms (waited 0 ms for lock): git ls-tree
[INFO] git: 128 ms (waited 0 ms for lock): git cat-file
[INFO] git: 87 ms (waited 0 ms for lock): git ls-tree
[INFO] git: 101 ms (waited 0 ms for lock): git rev-parse
[INFO] git: 140 ms (waited 0 ms for lock): git grep
[INFO] git: 121 ms (waited 0 ms for lock): git rev-parse
[INFO] git: 73 ms (waited 0 ms for lock): git cat-file
[INFO] git: 147 ms (waited 0 ms for lock): git rev-parse
[INFO] git: 144 ms (waited 0 ms for lock): git cat-file
[INFO] git: 152 ms (waited 0 ms for lock): git ls-tree
[INFO] git: 153 ms (waited 0 ms for lock): git cat-file
[INFO] git: 106 ms (waited 0 ms for lock): git rev-parse
[INFO] git: 132 ms (waited 0 ms for lock): git rev-parse
[WARN] Layout wrap: 'commit_heading' in parent 'main_content' - NoWrap set but would overflow (child_size=120.0, offset=0.0, container=0.0)
[WARN] Layout overflow: 'commit_heading' extends outside parent 'main_content' bounds (child_rel=[0.0,0.0], child_size=[0.0,120.0], child_end=[0.0,120.0], parent_size=[0.0,0.0], gap=0.0, start_offset=0.0)
[WARN] Layout wrap: 'commit_sticky_revision' in parent 'commit_heading' - NoWrap set but would overflow (child_size=176.0, offset=0.0, container=0.0)
[WARN] Layout overflow: 'commit_sticky_revision' extends outside parent 'commit_heading' bounds (child_rel=[0.0,0.0], child_size=[176.0,104.0], child_end=[176.0,104.0], parent_size=[0.0,104.0], gap=0.0, start_offset=0.0)
[WARN] Layout wrap: 'commit_find_host' in parent 'main_content' - NoWrap set but would overflow (child_size=144.0, offset=120.0, container=0.0)
[WARN] Layout overflow: 'commit_find_host' extends outside parent 'main_content' bounds (child_rel=[0.0,120.0], child_size=[0.0,144.0], child_end=[0.0,264.0], parent_size=[0.0,0.0], gap=0.0, start_offset=0.0)
[WARN] Layout wrap: 'commit_detail_scroll' in parent 'main_content' - NoWrap set but would overflow (child_size=0.0, offset=264.0, container=0.0)
[WARN] Layout overflow: 'commit_detail_scroll' extends outside parent 'main_content' bounds (child_rel=[0.0,264.0], child_size=[0.0,0.0], child_end=[0.0,264.0], parent_size=[0.0,0.0], gap=0.0, start_offset=0.0)
[WARN] Layout wrap: 'commit_relative_date' in parent 'commit_meta_compact' - NoWrap set but would overflow (child_size=120.0, offset=12.0, container=0.0)
[WARN] Layout overflow: 'commit_relative_date' extends outside parent 'commit_meta_compact' bounds (child_rel=[12.0,4.0], child_size=[120.0,56.0], child_end=[132.0,60.0], parent_size=[0.0,64.0], gap=12.0, start_offset=0.0)
[WARN] Layout wrap: 'commit_short_hash' in parent 'commit_meta_compact' - NoWrap set but would overflow (child_size=168.0, offset=144.0, container=0.0)
[WARN] Layout overflow: 'commit_short_hash' extends outside parent 'commit_meta_compact' bounds (child_rel=[144.0,4.0], child_size=[168.0,56.0], child_end=[312.0,60.0], parent_size=[0.0,64.0], gap=12.0, start_offset=0.0)
[WARN] Layout wrap: 'commit_meta_toggle' in parent 'commit_meta_compact' - NoWrap set but would overflow (child_size=160.0, offset=324.0, container=0.0)
[WARN] Layout overflow: 'commit_meta_toggle' extends outside parent 'commit_meta_compact' bounds (child_rel=[324.0,4.0], child_size=[160.0,56.0], child_end=[484.0,60.0], parent_size=[0.0,64.0], gap=12.0, start_offset=0.0)
[INFO] git: 102 ms (waited 0 ms for lock): git rev-parse
[INFO] git: 107 ms (waited 0 ms for lock): git rev-parse
[INFO] commit patch cache hit for 6ae60300523e5674b35e39a47545a3aa914f47e4
[WARN] Layout wrap: 'Review' in parent 'sidebar_review' - NoWrap set but would overflow (child_size=77.0, offset=44.0, container=48.0)
[WARN] Layout overflow: 'Review' extends outside parent 'sidebar_review' bounds (child_rel=[44.0,0.0], child_size=[77.0,52.0], child_end=[121.0,52.0], parent_size=[48.0,52.0], gap=12.0, start_offset=0.0)
[WARN] Layout wrap: 'Files' in parent 'sidebar_working_files' - NoWrap set but would overflow (child_size=50.0, offset=44.0, container=48.0)
[WARN] Layout overflow: 'Files' extends outside parent 'sidebar_working_files' bounds (child_rel=[44.0,0.0], child_size=[50.0,52.0], child_end=[94.0,52.0], parent_size=[48.0,52.0], gap=12.0, start_offset=0.0)
[WARN] Layout wrap: 'tree_review_progress' in parent 'changed_files_header' - NoWrap set but would overflow (child_size=128.0, offset=0.0, container=112.0)
[WARN] Layout overflow: 'tree_review_progress' extends outside parent 'changed_files_header' bounds (child_rel=[0.0,0.0], child_size=[128.0,64.0], child_end=[128.0,64.0], parent_size=[112.0,64.0], gap=0.0, start_offset=0.0)
[WARN] Layout wrap: 'tree_review_status:unreviewed' in parent 'commit_changed_file' - NoWrap set but would overflow (child_size=40.0, offset=64.0, container=100.0)
[WARN] Layout overflow: 'tree_review_status:unreviewed' extends outside parent 'commit_changed_file' bounds (child_rel=[64.0,0.0], child_size=[40.0,56.0], child_end=[104.0,56.0], parent_size=[100.0,56.0], gap=8.0, start_offset=0.0)
[WARN] Layout wrap: 'tree_additions' in parent 'commit_changed_file' - NoWrap set but would overflow (child_size=64.0, offset=112.0, container=100.0)
[WARN] Layout overflow: 'tree_additions' extends outside parent 'commit_changed_file' bounds (child_rel=[112.0,0.0], child_size=[64.0,56.0], child_end=[176.0,56.0], parent_size=[100.0,56.0], gap=8.0, start_offset=0.0)
[WARN] Layout wrap: 'history_branch' in parent 'log_header' - NoWrap set but would overflow (child_size=144.0, offset=0.0, container=112.0)
[WARN] Layout overflow: 'history_branch' extends outside parent 'log_header' bounds (child_rel=[0.0,0.0], child_size=[144.0,64.0], child_end=[144.0,64.0], parent_size=[112.0,64.0], gap=0.0, start_offset=0.0)
[WARN] Layout wrap: '' in parent '' - NoWrap set but would overflow (child_size=192.0, offset=16.0, container=96.0)
[WARN] Layout overflow: '' extends outside parent '' bounds (child_rel=[16.0,4.0], child_size=[192.0,40.0], child_end=[208.0,44.0], parent_size=[96.0,48.0], gap=16.0, start_offset=0.0)
[WARN] Layout wrap: 'Review' in parent 'sidebar_review' - NoWrap set but would overflow (child_size=77.0, offset=44.0, container=48.0)
[WARN] Layout overflow: 'Review' extends outside parent 'sidebar_review' bounds (child_rel=[44.0,0.0], child_size=[77.0,52.0], child_end=[121.0,52.0], parent_size=[48.0,52.0], gap=12.0, start_offset=0.0)
[WARN] Layout wrap: 'Files' in parent 'sidebar_working_files' - NoWrap set but would overflow (child_size=50.0, offset=44.0, container=48.0)
[WARN] Layout overflow: 'Files' extends outside parent 'sidebar_working_files' bounds (child_rel=[44.0,0.0], child_size=[50.0,52.0], child_end=[94.0,52.0], parent_size=[48.0,52.0], gap=12.0, start_offset=0.0)
[WARN] Layout wrap: 'tree_review_progress' in parent 'changed_files_header' - NoWrap set but would overflow (child_size=128.0, offset=0.0, container=112.0)
[WARN] Layout overflow: 'tree_review_progress' extends outside parent 'changed_files_header' bounds (child_rel=[0.0,0.0], child_size=[128.0,64.0], child_end=[128.0,64.0], parent_size=[112.0,64.0], gap=0.0, start_offset=0.0)
[WARN] Layout wrap: 'tree_review_status:unreviewed' in parent 'commit_changed_file' - NoWrap set but would overflow (child_size=40.0, offset=64.0, container=100.0)
[WARN] Layout overflow: 'tree_review_status:unreviewed' extends outside parent 'commit_changed_file' bounds (child_rel=[64.0,0.0], child_size=[40.0,56.0], child_end=[104.0,56.0], parent_size=[100.0,56.0], gap=8.0, start_offset=0.0)
[WARN] Layout wrap: 'tree_additions' in parent 'commit_changed_file' - NoWrap set but would overflow (child_size=64.0, offset=112.0, container=100.0)
[WARN] Layout overflow: 'tree_additions' extends outside parent 'commit_changed_file' bounds (child_rel=[112.0,0.0], child_size=[64.0,56.0], child_end=[176.0,56.0], parent_size=[100.0,56.0], gap=8.0, start_offset=0.0)
[WARN] Layout wrap: 'history_branch' in parent 'log_header' - NoWrap set but would overflow (child_size=144.0, offset=0.0, container=112.0)
[WARN] Layout overflow: 'history_branch' extends outside parent 'log_header' bounds (child_rel=[0.0,0.0], child_size=[144.0,64.0], child_end=[144.0,64.0], parent_size=[112.0,64.0], gap=0.0, start_offset=0.0)
[WARN] Layout wrap: '' in parent '' - NoWrap set but would overflow (child_size=192.0, offset=16.0, container=96.0)
[WARN] Layout overflow: '' extends outside parent '' bounds (child_rel=[16.0,4.0], child_size=[192.0,40.0], child_end=[208.0,44.0], parent_size=[96.0,48.0], gap=16.0, start_offset=0.0)
[WARN] Layout wrap: 'Review' in parent 'sidebar_review' - NoWrap set but would overflow (child_size=77.0, offset=44.0, container=48.0)
[WARN] Layout overflow: 'Review' extends outside parent 'sidebar_review' bounds (child_rel=[44.0,0.0], child_size=[77.0,52.0], child_end=[121.0,52.0], parent_size=[48.0,52.0], gap=12.0, start_offset=0.0)
[WARN] Layout wrap: 'Files' in parent 'sidebar_working_files' - NoWrap set but would overflow (child_size=50.0, offset=44.0, container=48.0)
[WARN] Layout overflow: 'Files' extends outside parent 'sidebar_working_files' bounds (child_rel=[44.0,0.0], child_size=[50.0,52.0], child_end=[94.0,52.0], parent_size=[48.0,52.0], gap=12.0, start_offset=0.0)
[WARN] Layout wrap: 'tree_review_progress' in parent 'changed_files_header' - NoWrap set but would overflow (child_size=128.0, offset=0.0, container=112.0)
[WARN] Layout overflow: 'tree_review_progress' extends outside parent 'changed_files_header' bounds (child_rel=[0.0,0.0], child_size=[128.0,64.0], child_end=[128.0,64.0], parent_size=[112.0,64.0], gap=0.0, start_offset=0.0)
[WARN] Layout wrap: 'tree_review_status:unreviewed' in parent 'commit_changed_file' - NoWrap set but would overflow (child_size=40.0, offset=64.0, container=100.0)
[WARN] Layout overflow: 'tree_review_status:unreviewed' extends outside parent 'commit_changed_file' bounds (child_rel=[64.0,0.0], child_size=[40.0,56.0], child_end=[104.0,56.0], parent_size=[100.0,56.0], gap=8.0, start_offset=0.0)
[WARN] Layout wrap: 'tree_additions' in parent 'commit_changed_file' - NoWrap set but would overflow (child_size=64.0, offset=112.0, container=100.0)
[WARN] Layout overflow: 'tree_additions' extends outside parent 'commit_changed_file' bounds (child_rel=[112.0,0.0], child_size=[64.0,56.0], child_end=[176.0,56.0], parent_size=[100.0,56.0], gap=8.0, start_offset=0.0)
[WARN] Layout wrap: 'history_branch' in parent 'log_header' - NoWrap set but would overflow (child_size=144.0, offset=0.0, container=112.0)
[WARN] Layout overflow: 'history_branch' extends outside parent 'log_header' bounds (child_rel=[0.0,0.0], child_size=[144.0,64.0], child_end=[144.0,64.0], parent_size=[112.0,64.0], gap=0.0, start_offset=0.0)
[WARN] Layout wrap: '' in parent '' - NoWrap set but would overflow (child_size=192.0, offset=16.0, container=96.0)
[WARN] Layout overflow: '' extends outside parent '' bounds (child_rel=[16.0,4.0], child_size=[192.0,40.0], child_end=[208.0,44.0], parent_size=[96.0,48.0], gap=16.0, start_offset=0.0)
[WARN] Layout wrap: 'Review' in parent 'sidebar_review' - NoWrap set but would overflow (child_size=77.0, offset=44.0, container=48.0)
[WARN] Layout overflow: 'Review' extends outside parent 'sidebar_review' bounds (child_rel=[44.0,0.0], child_size=[77.0,52.0], child_end=[121.0,52.0], parent_size=[48.0,52.0], gap=12.0, start_offset=0.0)
[WARN] Layout wrap: 'Files' in parent 'sidebar_working_files' - NoWrap set but would overflow (child_size=50.0, offset=44.0, container=48.0)
[WARN] Layout overflow: 'Files' extends outside parent 'sidebar_working_files' bounds (child_rel=[44.0,0.0], child_size=[50.0,52.0], child_end=[94.0,52.0], parent_size=[48.0,52.0], gap=12.0, start_offset=0.0)
[WARN] Layout wrap: 'tree_review_progress' in parent 'changed_files_header' - NoWrap set but would overflow (child_size=128.0, offset=0.0, container=112.0)
[WARN] Layout overflow: 'tree_review_progress' extends outside parent 'changed_files_header' bounds (child_rel=[0.0,0.0], child_size=[128.0,64.0], child_end=[128.0,64.0], parent_size=[112.0,64.0], gap=0.0, start_offset=0.0)
[WARN] Layout wrap: 'tree_review_status:unreviewed' in parent 'commit_changed_file' - NoWrap set but would overflow (child_size=40.0, offset=64.0, container=100.0)
[WARN] Layout overflow: 'tree_review_status:unreviewed' extends outside parent 'commit_changed_file' bounds (child_rel=[64.0,0.0], child_size=[40.0,56.0], child_end=[104.0,56.0], parent_size=[100.0,56.0], gap=8.0, start_offset=0.0)
[WARN] Layout wrap: 'tree_additions' in parent 'commit_changed_file' - NoWrap set but would overflow (child_size=64.0, offset=112.0, container=100.0)
[WARN] Layout overflow: 'tree_additions' extends outside parent 'commit_changed_file' bounds (child_rel=[112.0,0.0], child_size=[64.0,56.0], child_end=[176.0,56.0], parent_size=[100.0,56.0], gap=8.0, start_offset=0.0)
[WARN] Layout wrap: 'history_branch' in parent 'log_header' - NoWrap set but would overflow (child_size=144.0, offset=0.0, container=112.0)
[WARN] Layout overflow: 'history_branch' extends outside parent 'log_header' bounds (child_rel=[0.0,0.0], child_size=[144.0,64.0], child_end=[144.0,64.0], parent_size=[112.0,64.0], gap=0.0, start_offset=0.0)
[WARN] Layout wrap: '' in parent '' - NoWrap set but would overflow (child_size=192.0, offset=16.0, container=96.0)
[WARN] Layout overflow: '' extends outside parent '' bounds (child_rel=[16.0,4.0], child_size=[192.0,40.0], child_end=[208.0,44.0], parent_size=[96.0,48.0], gap=16.0, start_offset=0.0)
[WARN] Layout wrap: 'Review' in parent 'sidebar_review' - NoWrap set but would overflow (child_size=77.0, offset=44.0, container=48.0)
[WARN] Layout overflow: 'Review' extends outside parent 'sidebar_review' bounds (child_rel=[44.0,0.0], child_size=[77.0,52.0], child_end=[121.0,52.0], parent_size=[48.0,52.0], gap=12.0, start_offset=0.0)
[WARN] Layout wrap: 'Files' in parent 'sidebar_working_files' - NoWrap set but would overflow (child_size=50.0, offset=44.0, container=48.0)
[WARN] Layout overflow: 'Files' extends outside parent 'sidebar_working_files' bounds (child_rel=[44.0,0.0], child_size=[50.0,52.0], child_end=[94.0,52.0], parent_size=[48.0,52.0], gap=12.0, start_offset=0.0)
[WARN] Layout wrap: 'tree_review_progress' in parent 'changed_files_header' - NoWrap set but would overflow (child_size=128.0, offset=0.0, container=112.0)
[WARN] Layout overflow: 'tree_review_progress' extends outside parent 'changed_files_header' bounds (child_rel=[0.0,0.0], child_size=[128.0,64.0], child_end=[128.0,64.0], parent_size=[112.0,64.0], gap=0.0, start_offset=0.0)
[WARN] Layout wrap: 'tree_review_status:unreviewed' in parent 'commit_changed_file' - NoWrap set but would overflow (child_size=40.0, offset=64.0, container=100.0)
[WARN] Layout overflow: 'tree_review_status:unreviewed' extends outside parent 'commit_changed_file' bounds (child_rel=[64.0,0.0], child_size=[40.0,56.0], child_end=[104.0,56.0], parent_size=[100.0,56.0], gap=8.0, start_offset=0.0)
[WARN] Layout wrap: 'tree_additions' in parent 'commit_changed_file' - NoWrap set but would overflow (child_size=64.0, offset=112.0, container=100.0)
[WARN] Layout overflow: 'tree_additions' extends outside parent 'commit_changed_file' bounds (child_rel=[112.0,0.0], child_size=[64.0,56.0], child_end=[176.0,56.0], parent_size=[100.0,56.0], gap=8.0, start_offset=0.0)
[WARN] Layout wrap: 'history_branch' in parent 'log_header' - NoWrap set but would overflow (child_size=144.0, offset=0.0, container=112.0)
[WARN] Layout overflow: 'history_branch' extends outside parent 'log_header' bounds (child_rel=[0.0,0.0], child_size=[144.0,64.0], child_end=[144.0,64.0], parent_size=[112.0,64.0], gap=0.0, start_offset=0.0)
[WARN] Layout wrap: '' in parent '' - NoWrap set but would overflow (child_size=192.0, offset=16.0, container=96.0)
[WARN] Layout overflow: '' extends outside parent '' bounds (child_rel=[16.0,4.0], child_size=[192.0,40.0], child_end=[208.0,44.0], parent_size=[96.0,48.0], gap=16.0, start_offset=0.0)
[WARN] Layout wrap: 'Review' in parent 'sidebar_review' - NoWrap set but would overflow (child_size=77.0, offset=44.0, container=48.0)
[WARN] Layout overflow: 'Review' extends outside parent 'sidebar_review' bounds (child_rel=[44.0,0.0], child_size=[77.0,52.0], child_end=[121.0,52.0], parent_size=[48.0,52.0], gap=12.0, start_offset=0.0)
[WARN] Layout wrap: 'Files' in parent 'sidebar_working_files' - NoWrap set but would overflow (child_size=50.0, offset=44.0, container=48.0)
[WARN] Layout overflow: 'Files' extends outside parent 'sidebar_working_files' bounds (child_rel=[44.0,0.0], child_size=[50.0,52.0], child_end=[94.0,52.0], parent_size=[48.0,52.0], gap=12.0, start_offset=0.0)
[WARN] Layout wrap: 'tree_review_progress' in parent 'changed_files_header' - NoWrap set but would overflow (child_size=128.0, offset=0.0, container=112.0)
[WARN] Layout overflow: 'tree_review_progress' extends outside parent 'changed_files_header' bounds (child_rel=[0.0,0.0], child_size=[128.0,64.0], child_end=[128.0,64.0], parent_size=[112.0,64.0], gap=0.0, start_offset=0.0)
[WARN] Layout wrap: 'tree_review_status:unreviewed' in parent 'commit_changed_file' - NoWrap set but would overflow (child_size=40.0, offset=64.0, container=100.0)
[WARN] Layout overflow: 'tree_review_status:unreviewed' extends outside parent 'commit_changed_file' bounds (child_rel=[64.0,0.0], child_size=[40.0,56.0], child_end=[104.0,56.0], parent_size=[100.0,56.0], gap=8.0, start_offset=0.0)
[WARN] Layout wrap: 'tree_additions' in parent 'commit_changed_file' - NoWrap set but would overflow (child_size=64.0, offset=112.0, container=100.0)
[WARN] Layout overflow: 'tree_additions' extends outside parent 'commit_changed_file' bounds (child_rel=[112.0,0.0], child_size=[64.0,56.0], child_end=[176.0,56.0], parent_size=[100.0,56.0], gap=8.0, start_offset=0.0)
[WARN] Layout wrap: 'history_branch' in parent 'log_header' - NoWrap set but would overflow (child_size=144.0, offset=0.0, container=112.0)
[WARN] Layout overflow: 'history_branch' extends outside parent 'log_header' bounds (child_rel=[0.0,0.0], child_size=[144.0,64.0], child_end=[144.0,64.0], parent_size=[112.0,64.0], gap=0.0, start_offset=0.0)
[WARN] Layout wrap: '' in parent '' - NoWrap set but would overflow (child_size=192.0, offset=16.0, container=96.0)
[WARN] Layout overflow: '' extends outside parent '' bounds (child_rel=[16.0,4.0], child_size=[192.0,40.0], child_end=[208.0,44.0], parent_size=[96.0,48.0], gap=16.0, start_offset=0.0)
[WARN] Layout wrap: 'Review' in parent 'sidebar_review' - NoWrap set but would overflow (child_size=77.0, offset=44.0, container=48.0)
[WARN] Layout overflow: 'Review' extends outside parent 'sidebar_review' bounds (child_rel=[44.0,0.0], child_size=[77.0,52.0], child_end=[121.0,52.0], parent_size=[48.0,52.0], gap=12.0, start_offset=0.0)
[WARN] Layout wrap: 'Files' in parent 'sidebar_working_files' - NoWrap set but would overflow (child_size=50.0, offset=44.0, container=48.0)
[WARN] Layout overflow: 'Files' extends outside parent 'sidebar_working_files' bounds (child_rel=[44.0,0.0], child_size=[50.0,52.0], child_end=[94.0,52.0], parent_size=[48.0,52.0], gap=12.0, start_offset=0.0)
[WARN] Layout wrap: 'tree_review_progress' in parent 'changed_files_header' - NoWrap set but would overflow (child_size=128.0, offset=0.0, container=112.0)
[WARN] Layout overflow: 'tree_review_progress' extends outside parent 'changed_files_header' bounds (child_rel=[0.0,0.0], child_size=[128.0,64.0], child_end=[128.0,64.0], parent_size=[112.0,64.0], gap=0.0, start_offset=0.0)
[WARN] Layout wrap: 'tree_review_status:unreviewed' in parent 'commit_changed_file' - NoWrap set but would overflow (child_size=40.0, offset=64.0, container=100.0)
[WARN] Layout overflow: 'tree_review_status:unreviewed' extends outside parent 'commit_changed_file' bounds (child_rel=[64.0,0.0], child_size=[40.0,56.0], child_end=[104.0,56.0], parent_size=[100.0,56.0], gap=8.0, start_offset=0.0)
[WARN] Layout wrap: 'tree_additions' in parent 'commit_changed_file' - NoWrap set but would overflow (child_size=64.0, offset=112.0, container=100.0)
[WARN] Layout overflow: 'tree_additions' extends outside parent 'commit_changed_file' bounds (child_rel=[112.0,0.0], child_size=[64.0,56.0], child_end=[176.0,56.0], parent_size=[100.0,56.0], gap=8.0, start_offset=0.0)
[WARN] Layout wrap: 'history_branch' in parent 'log_header' - NoWrap set but would overflow (child_size=144.0, offset=0.0, container=112.0)
[WARN] Layout overflow: 'history_branch' extends outside parent 'log_header' bounds (child_rel=[0.0,0.0], child_size=[144.0,64.0], child_end=[144.0,64.0], parent_size=[112.0,64.0], gap=0.0, start_offset=0.0)
[WARN] Layout wrap: '' in parent '' - NoWrap set but would overflow (child_size=192.0, offset=16.0, container=96.0)
[WARN] Layout overflow: '' extends outside parent '' bounds (child_rel=[16.0,4.0], child_size=[192.0,40.0], child_end=[208.0,44.0], parent_size=[96.0,48.0], gap=16.0, start_offset=0.0)
[WARN] Layout wrap: 'Review' in parent 'sidebar_review' - NoWrap set but would overflow (child_size=77.0, offset=44.0, container=48.0)
[WARN] Layout overflow: 'Review' extends outside parent 'sidebar_review' bounds (child_rel=[44.0,0.0], child_size=[77.0,52.0], child_end=[121.0,52.0], parent_size=[48.0,52.0], gap=12.0, start_offset=0.0)
[WARN] Layout wrap: 'Files' in parent 'sidebar_working_files' - NoWrap set but would overflow (child_size=50.0, offset=44.0, container=48.0)
[WARN] Layout overflow: 'Files' extends outside parent 'sidebar_working_files' bounds (child_rel=[44.0,0.0], child_size=[50.0,52.0], child_end=[94.0,52.0], parent_size=[48.0,52.0], gap=12.0, start_offset=0.0)
[WARN] Layout wrap: 'tree_review_progress' in parent 'changed_files_header' - NoWrap set but would overflow (child_size=128.0, offset=0.0, container=112.0)
[WARN] Layout overflow: 'tree_review_progress' extends outside parent 'changed_files_header' bounds (child_rel=[0.0,0.0], child_size=[128.0,64.0], child_end=[128.0,64.0], parent_size=[112.0,64.0], gap=0.0, start_offset=0.0)
[WARN] Layout wrap: 'tree_review_status:unreviewed' in parent 'commit_changed_file' - NoWrap set but would overflow (child_size=40.0, offset=64.0, container=100.0)
[WARN] Layout overflow: 'tree_review_status:unreviewed' extends outside parent 'commit_changed_file' bounds (child_rel=[64.0,0.0], child_size=[40.0,56.0], child_end=[104.0,56.0], parent_size=[100.0,56.0], gap=8.0, start_offset=0.0)
[WARN] Layout wrap: 'tree_additions' in parent 'commit_changed_file' - NoWrap set but would overflow (child_size=64.0, offset=112.0, container=100.0)
[WARN] Layout overflow: 'tree_additions' extends outside parent 'commit_changed_file' bounds (child_rel=[112.0,0.0], child_size=[64.0,56.0], child_end=[176.0,56.0], parent_size=[100.0,56.0], gap=8.0, start_offset=0.0)
[WARN] Layout wrap: 'history_branch' in parent 'log_header' - NoWrap set but would overflow (child_size=144.0, offset=0.0, container=112.0)
[WARN] Layout overflow: 'history_branch' extends outside parent 'log_header' bounds (child_rel=[0.0,0.0], child_size=[144.0,64.0], child_end=[144.0,64.0], parent_size=[112.0,64.0], gap=0.0, start_offset=0.0)
[WARN] Layout wrap: '' in parent '' - NoWrap set but would overflow (child_size=192.0, offset=16.0, container=96.0)
[WARN] Layout overflow: '' extends outside parent '' bounds (child_rel=[16.0,4.0], child_size=[192.0,40.0], child_end=[208.0,44.0], parent_size=[96.0,48.0], gap=16.0, start_offset=0.0)
[WARN] Layout wrap: 'Review' in parent 'sidebar_review' - NoWrap set but would overflow (child_size=77.0, offset=44.0, container=48.0)
[WARN] Layout overflow: 'Review' extends outside parent 'sidebar_review' bounds (child_rel=[44.0,0.0], child_size=[77.0,52.0], child_end=[121.0,52.0], parent_size=[48.0,52.0], gap=12.0, start_offset=0.0)
[WARN] Layout wrap: 'Files' in parent 'sidebar_working_files' - NoWrap set but would overflow (child_size=50.0, offset=44.0, container=48.0)
[WARN] Layout overflow: 'Files' extends outside parent 'sidebar_working_files' bounds (child_rel=[44.0,0.0], child_size=[50.0,52.0], child_end=[94.0,52.0], parent_size=[48.0,52.0], gap=12.0, start_offset=0.0)
[WARN] Layout wrap: 'tree_review_progress' in parent 'changed_files_header' - NoWrap set but would overflow (child_size=128.0, offset=0.0, container=112.0)
[WARN] Layout overflow: 'tree_review_progress' extends outside parent 'changed_files_header' bounds (child_rel=[0.0,0.0], child_size=[128.0,64.0], child_end=[128.0,64.0], parent_size=[112.0,64.0], gap=0.0, start_offset=0.0)
[WARN] Layout wrap: 'tree_review_status:unreviewed' in parent 'commit_changed_file' - NoWrap set but would overflow (child_size=40.0, offset=64.0, container=100.0)
[WARN] Layout overflow: 'tree_review_status:unreviewed' extends outside parent 'commit_changed_file' bounds (child_rel=[64.0,0.0], child_size=[40.0,56.0], child_end=[104.0,56.0], parent_size=[100.0,56.0], gap=8.0, start_offset=0.0)
[WARN] Layout wrap: 'tree_additions' in parent 'commit_changed_file' - NoWrap set but would overflow (child_size=64.0, offset=112.0, container=100.0)
[WARN] Layout overflow: 'tree_additions' extends outside parent 'commit_changed_file' bounds (child_rel=[112.0,0.0], child_size=[64.0,56.0], child_end=[176.0,56.0], parent_size=[100.0,56.0], gap=8.0, start_offset=0.0)
[WARN] Layout wrap: 'history_branch' in parent 'log_header' - NoWrap set but would overflow (child_size=144.0, offset=0.0, container=112.0)
[WARN] Layout overflow: 'history_branch' extends outside parent 'log_header' bounds (child_rel=[0.0,0.0], child_size=[144.0,64.0], child_end=[144.0,64.0], parent_size=[112.0,64.0], gap=0.0, start_offset=0.0)
[WARN] Layout wrap: '' in parent '' - NoWrap set but would overflow (child_size=192.0, offset=16.0, container=96.0)
[WARN] Layout overflow: '' extends outside parent '' bounds (child_rel=[16.0,4.0], child_size=[192.0,40.0], child_end=[208.0,44.0], parent_size=[96.0,48.0], gap=16.0, start_offset=0.0)
[WARN] Layout wrap: 'Review' in parent 'sidebar_review' - NoWrap set but would overflow (child_size=77.0, offset=44.0, container=48.0)
[WARN] Layout overflow: 'Review' extends outside parent 'sidebar_review' bounds (child_rel=[44.0,0.0], child_size=[77.0,52.0], child_end=[121.0,52.0], parent_size=[48.0,52.0], gap=12.0, start_offset=0.0)
[WARN] Layout wrap: 'Files' in parent 'sidebar_working_files' - NoWrap set but would overflow (child_size=50.0, offset=44.0, container=48.0)
[WARN] Layout overflow: 'Files' extends outside parent 'sidebar_working_files' bounds (child_rel=[44.0,0.0], child_size=[50.0,52.0], child_end=[94.0,52.0], parent_size=[48.0,52.0], gap=12.0, start_offset=0.0)
[WARN] Layout wrap: 'tree_review_progress' in parent 'changed_files_header' - NoWrap set but would overflow (child_size=128.0, offset=0.0, container=112.0)
[WARN] Layout overflow: 'tree_review_progress' extends outside parent 'changed_files_header' bounds (child_rel=[0.0,0.0], child_size=[128.0,64.0], child_end=[128.0,64.0], parent_size=[112.0,64.0], gap=0.0, start_offset=0.0)
[WARN] Layout wrap: 'tree_review_status:unreviewed' in parent 'commit_changed_file' - NoWrap set but would overflow (child_size=40.0, offset=64.0, container=100.0)
[WARN] Layout overflow: 'tree_review_status:unreviewed' extends outside parent 'commit_changed_file' bounds (child_rel=[64.0,0.0], child_size=[40.0,56.0], child_end=[104.0,56.0], parent_size=[100.0,56.0], gap=8.0, start_offset=0.0)
[WARN] Layout wrap: 'tree_additions' in parent 'commit_changed_file' - NoWrap set but would overflow (child_size=64.0, offset=112.0, container=100.0)
[WARN] Layout overflow: 'tree_additions' extends outside parent 'commit_changed_file' bounds (child_rel=[112.0,0.0], child_size=[64.0,56.0], child_end=[176.0,56.0], parent_size=[100.0,56.0], gap=8.0, start_offset=0.0)
[WARN] Layout wrap: 'history_branch' in parent 'log_header' - NoWrap set but would overflow (child_size=144.0, offset=0.0, container=112.0)
[WARN] Layout overflow: 'history_branch' extends outside parent 'log_header' bounds (child_rel=[0.0,0.0], child_size=[144.0,64.0], child_end=[144.0,64.0], parent_size=[112.0,64.0], gap=0.0, start_offset=0.0)
[WARN] Layout wrap: '' in parent '' - NoWrap set but would overflow (child_size=192.0, offset=16.0, container=96.0)
[WARN] Layout overflow: '' extends outside parent '' bounds (child_rel=[16.0,4.0], child_size=[192.0,40.0], child_end=[208.0,44.0], parent_size=[96.0,48.0], gap=16.0, start_offset=0.0)
[WARN] Layout wrap: 'Review' in parent 'sidebar_review' - NoWrap set but would overflow (child_size=77.0, offset=44.0, container=48.0)
[WARN] Layout overflow: 'Review' extends outside parent 'sidebar_review' bounds (child_rel=[44.0,0.0], child_size=[77.0,52.0], child_end=[121.0,52.0], parent_size=[48.0,52.0], gap=12.0, start_offset=0.0)
[WARN] Layout wrap: 'Files' in parent 'sidebar_working_files' - NoWrap set but would overflow (child_size=50.0, offset=44.0, container=48.0)
[WARN] Layout overflow: 'Files' extends outside parent 'sidebar_working_files' bounds (child_rel=[44.0,0.0], child_size=[50.0,52.0], child_end=[94.0,52.0], parent_size=[48.0,52.0], gap=12.0, start_offset=0.0)
[WARN] Layout wrap: 'tree_review_progress' in parent 'changed_files_header' - NoWrap set but would overflow (child_size=128.0, offset=0.0, container=112.0)
[WARN] Layout overflow: 'tree_review_progress' extends outside parent 'changed_files_header' bounds (child_rel=[0.0,0.0], child_size=[128.0,64.0], child_end=[128.0,64.0], parent_size=[112.0,64.0], gap=0.0, start_offset=0.0)
[WARN] Layout wrap: 'tree_review_status:unreviewed' in parent 'commit_changed_file' - NoWrap set but would overflow (child_size=40.0, offset=64.0, container=100.0)
[WARN] Layout overflow: 'tree_review_status:unreviewed' extends outside parent 'commit_changed_file' bounds (child_rel=[64.0,0.0], child_size=[40.0,56.0], child_end=[104.0,56.0], parent_size=[100.0,56.0], gap=8.0, start_offset=0.0)
[WARN] Layout wrap: 'tree_additions' in parent 'commit_changed_file' - NoWrap set but would overflow (child_size=64.0, offset=112.0, container=100.0)
[WARN] Layout overflow: 'tree_additions' extends outside parent 'commit_changed_file' bounds (child_rel=[112.0,0.0], child_size=[64.0,56.0], child_end=[176.0,56.0], parent_size=[100.0,56.0], gap=8.0, start_offset=0.0)
[WARN] Layout wrap: 'history_branch' in parent 'log_header' - NoWrap set but would overflow (child_size=144.0, offset=0.0, container=112.0)
[WARN] Layout overflow: 'history_branch' extends outside parent 'log_header' bounds (child_rel=[0.0,0.0], child_size=[144.0,64.0], child_end=[144.0,64.0], parent_size=[112.0,64.0], gap=0.0, start_offset=0.0)
[WARN] Layout wrap: '' in parent '' - NoWrap set but would overflow (child_size=192.0, offset=16.0, container=96.0)
[WARN] Layout overflow: '' extends outside parent '' bounds (child_rel=[16.0,4.0], child_size=[192.0,40.0], child_end=[208.0,44.0], parent_size=[96.0,48.0], gap=16.0, start_offset=0.0)
[WARN] Layout wrap: 'Review' in parent 'sidebar_review' - NoWrap set but would overflow (child_size=77.0, offset=44.0, container=48.0)
[WARN] Layout overflow: 'Review' extends outside parent 'sidebar_review' bounds (child_rel=[44.0,0.0], child_size=[77.0,52.0], child_end=[121.0,52.0], parent_size=[48.0,52.0], gap=12.0, start_offset=0.0)
[WARN] Layout wrap: 'Files' in parent 'sidebar_working_files' - NoWrap set but would overflow (child_size=50.0, offset=44.0, container=48.0)
[WARN] Layout overflow: 'Files' extends outside parent 'sidebar_working_files' bounds (child_rel=[44.0,0.0], child_size=[50.0,52.0], child_end=[94.0,52.0], parent_size=[48.0,52.0], gap=12.0, start_offset=0.0)
[WARN] Layout wrap: 'tree_review_progress' in parent 'changed_files_header' - NoWrap set but would overflow (child_size=128.0, offset=0.0, container=112.0)
[WARN] Layout overflow: 'tree_review_progress' extends outside parent 'changed_files_header' bounds (child_rel=[0.0,0.0], child_size=[128.0,64.0], child_end=[128.0,64.0], parent_size=[112.0,64.0], gap=0.0, start_offset=0.0)
[WARN] Layout wrap: 'tree_review_status:unreviewed' in parent 'commit_changed_file' - NoWrap set but would overflow (child_size=40.0, offset=64.0, container=100.0)
[WARN] Layout overflow: 'tree_review_status:unreviewed' extends outside parent 'commit_changed_file' bounds (child_rel=[64.0,0.0], child_size=[40.0,56.0], child_end=[104.0,56.0], parent_size=[100.0,56.0], gap=8.0, start_offset=0.0)
[WARN] Layout wrap: 'tree_additions' in parent 'commit_changed_file' - NoWrap set but would overflow (child_size=64.0, offset=112.0, container=100.0)
[WARN] Layout overflow: 'tree_additions' extends outside parent 'commit_changed_file' bounds (child_rel=[112.0,0.0], child_size=[64.0,56.0], child_end=[176.0,56.0], parent_size=[100.0,56.0], gap=8.0, start_offset=0.0)
[WARN] Layout wrap: 'history_branch' in parent 'log_header' - NoWrap set but would overflow (child_size=144.0, offset=0.0, container=112.0)
[WARN] Layout overflow: 'history_branch' extends outside parent 'log_header' bounds (child_rel=[0.0,0.0], child_size=[144.0,64.0], child_end=[144.0,64.0], parent_size=[112.0,64.0], gap=0.0, start_offset=0.0)
[WARN] Layout wrap: '' in parent '' - NoWrap set but would overflow (child_size=192.0, offset=16.0, container=96.0)
[WARN] Layout overflow: '' extends outside parent '' bounds (child_rel=[16.0,4.0], child_size=[192.0,40.0], child_end=[208.0,44.0], parent_size=[96.0,48.0], gap=16.0, start_offset=0.0)
[WARN] Layout wrap: 'Review' in parent 'sidebar_review' - NoWrap set but would overflow (child_size=77.0, offset=44.0, container=48.0)
[WARN] Layout overflow: 'Review' extends outside parent 'sidebar_review' bounds (child_rel=[44.0,0.0], child_size=[77.0,52.0], child_end=[121.0,52.0], parent_size=[48.0,52.0], gap=12.0, start_offset=0.0)
[WARN] Layout wrap: 'Files' in parent 'sidebar_working_files' - NoWrap set but would overflow (child_size=50.0, offset=44.0, container=48.0)
[WARN] Layout overflow: 'Files' extends outside parent 'sidebar_working_files' bounds (child_rel=[44.0,0.0], child_size=[50.0,52.0], child_end=[94.0,52.0], parent_size=[48.0,52.0], gap=12.0, start_offset=0.0)
[WARN] Layout wrap: 'tree_review_progress' in parent 'changed_files_header' - NoWrap set but would overflow (child_size=128.0, offset=0.0, container=112.0)
[WARN] Layout overflow: 'tree_review_progress' extends outside parent 'changed_files_header' bounds (child_rel=[0.0,0.0], child_size=[128.0,64.0], child_end=[128.0,64.0], parent_size=[112.0,64.0], gap=0.0, start_offset=0.0)
[WARN] Layout wrap: 'tree_review_status:unreviewed' in parent 'commit_changed_file' - NoWrap set but would overflow (child_size=40.0, offset=64.0, container=100.0)
[WARN] Layout overflow: 'tree_review_status:unreviewed' extends outside parent 'commit_changed_file' bounds (child_rel=[64.0,0.0], child_size=[40.0,56.0], child_end=[104.0,56.0], parent_size=[100.0,56.0], gap=8.0, start_offset=0.0)
[WARN] Layout wrap: 'tree_additions' in parent 'commit_changed_file' - NoWrap set but would overflow (child_size=64.0, offset=112.0, container=100.0)
[WARN] Layout overflow: 'tree_additions' extends outside parent 'commit_changed_file' bounds (child_rel=[112.0,0.0], child_size=[64.0,56.0], child_end=[176.0,56.0], parent_size=[100.0,56.0], gap=8.0, start_offset=0.0)
[WARN] Layout wrap: 'history_branch' in parent 'log_header' - NoWrap set but would overflow (child_size=144.0, offset=0.0, container=112.0)
[WARN] Layout overflow: 'history_branch' extends outside parent 'log_header' bounds (child_rel=[0.0,0.0], child_size=[144.0,64.0], child_end=[144.0,64.0], parent_size=[112.0,64.0], gap=0.0, start_offset=0.0)
[WARN] Layout wrap: '' in parent '' - NoWrap set but would overflow (child_size=192.0, offset=16.0, container=96.0)
[WARN] Layout overflow: '' extends outside parent '' bounds (child_rel=[16.0,4.0], child_size=[192.0,40.0], child_end=[208.0,44.0], parent_size=[96.0,48.0], gap=16.0, start_offset=0.0)
[WARN] Layout wrap: 'Review' in parent 'sidebar_review' - NoWrap set but would overflow (child_size=77.0, offset=44.0, container=48.0)
[WARN] Layout overflow: 'Review' extends outside parent 'sidebar_review' bounds (child_rel=[44.0,0.0], child_size=[77.0,52.0], child_end=[121.0,52.0], parent_size=[48.0,52.0], gap=12.0, start_offset=0.0)
[WARN] Layout wrap: 'Files' in parent 'sidebar_working_files' - NoWrap set but would overflow (child_size=50.0, offset=44.0, container=48.0)
[WARN] Layout overflow: 'Files' extends outside parent 'sidebar_working_files' bounds (child_rel=[44.0,0.0], child_size=[50.0,52.0], child_end=[94.0,52.0], parent_size=[48.0,52.0], gap=12.0, start_offset=0.0)
[WARN] Layout wrap: 'tree_review_progress' in parent 'changed_files_header' - NoWrap set but would overflow (child_size=128.0, offset=0.0, container=112.0)
[WARN] Layout overflow: 'tree_review_progress' extends outside parent 'changed_files_header' bounds (child_rel=[0.0,0.0], child_size=[128.0,64.0], child_end=[128.0,64.0], parent_size=[112.0,64.0], gap=0.0, start_offset=0.0)
[WARN] Layout wrap: 'tree_review_status:unreviewed' in parent 'commit_changed_file' - NoWrap set but would overflow (child_size=40.0, offset=64.0, container=100.0)
[WARN] Layout overflow: 'tree_review_status:unreviewed' extends outside parent 'commit_changed_file' bounds (child_rel=[64.0,0.0], child_size=[40.0,56.0], child_end=[104.0,56.0], parent_size=[100.0,56.0], gap=8.0, start_offset=0.0)
[WARN] Layout wrap: 'tree_additions' in parent 'commit_changed_file' - NoWrap set but would overflow (child_size=64.0, offset=112.0, container=100.0)
[WARN] Layout overflow: 'tree_additions' extends outside parent 'commit_changed_file' bounds (child_rel=[112.0,0.0], child_size=[64.0,56.0], child_end=[176.0,56.0], parent_size=[100.0,56.0], gap=8.0, start_offset=0.0)
[WARN] Layout wrap: 'history_branch' in parent 'log_header' - NoWrap set but would overflow (child_size=144.0, offset=0.0, container=112.0)
[WARN] Layout overflow: 'history_branch' extends outside parent 'log_header' bounds (child_rel=[0.0,0.0], child_size=[144.0,64.0], child_end=[144.0,64.0], parent_size=[112.0,64.0], gap=0.0, start_offset=0.0)
[WARN] Layout wrap: '' in parent '' - NoWrap set but would overflow (child_size=192.0, offset=16.0, container=96.0)
[WARN] Layout overflow: '' extends outside parent '' bounds (child_rel=[16.0,4.0], child_size=[192.0,40.0], child_end=[208.0,44.0], parent_size=[96.0,48.0], gap=16.0, start_offset=0.0)
[WARN] Layout wrap: 'Review' in parent 'sidebar_review' - NoWrap set but would overflow (child_size=77.0, offset=44.0, container=48.0)
[WARN] Layout overflow: 'Review' extends outside parent 'sidebar_review' bounds (child_rel=[44.0,0.0], child_size=[77.0,52.0], child_end=[121.0,52.0], parent_size=[48.0,52.0], gap=12.0, start_offset=0.0)
[WARN] Layout wrap: 'Files' in parent 'sidebar_working_files' - NoWrap set but would overflow (child_size=50.0, offset=44.0, container=48.0)
[WARN] Layout overflow: 'Files' extends outside parent 'sidebar_working_files' bounds (child_rel=[44.0,0.0], child_size=[50.0,52.0], child_end=[94.0,52.0], parent_size=[48.0,52.0], gap=12.0, start_offset=0.0)
[WARN] Layout wrap: 'tree_review_progress' in parent 'changed_files_header' - NoWrap set but would overflow (child_size=128.0, offset=0.0, container=112.0)
[WARN] Layout overflow: 'tree_review_progress' extends outside parent 'changed_files_header' bounds (child_rel=[0.0,0.0], child_size=[128.0,64.0], child_end=[128.0,64.0], parent_size=[112.0,64.0], gap=0.0, start_offset=0.0)
[WARN] Layout wrap: 'tree_review_status:unreviewed' in parent 'commit_changed_file' - NoWrap set but would overflow (child_size=40.0, offset=64.0, container=100.0)
[WARN] Layout overflow: 'tree_review_status:unreviewed' extends outside parent 'commit_changed_file' bounds (child_rel=[64.0,0.0], child_size=[40.0,56.0], child_end=[104.0,56.0], parent_size=[100.0,56.0], gap=8.0, start_offset=0.0)
[WARN] Layout wrap: 'tree_additions' in parent 'commit_changed_file' - NoWrap set but would overflow (child_size=64.0, offset=112.0, container=100.0)
[WARN] Layout overflow: 'tree_additions' extends outside parent 'commit_changed_file' bounds (child_rel=[112.0,0.0], child_size=[64.0,56.0], child_end=[176.0,56.0], parent_size=[100.0,56.0], gap=8.0, start_offset=0.0)
[WARN] Layout wrap: 'history_branch' in parent 'log_header' - NoWrap set but would overflow (child_size=144.0, offset=0.0, container=112.0)
[WARN] Layout overflow: 'history_branch' extends outside parent 'log_header' bounds (child_rel=[0.0,0.0], child_size=[144.0,64.0], child_end=[144.0,64.0], parent_size=[112.0,64.0], gap=0.0, start_offset=0.0)
[WARN] Layout wrap: '' in parent '' - NoWrap set but would overflow (child_size=192.0, offset=16.0, container=96.0)
[WARN] Layout overflow: '' extends outside parent '' bounds (child_rel=[16.0,4.0], child_size=[192.0,40.0], child_end=[208.0,44.0], parent_size=[96.0,48.0], gap=16.0, start_offset=0.0)
[WARN] Layout wrap: 'Review' in parent 'sidebar_review' - NoWrap set but would overflow (child_size=77.0, offset=44.0, container=48.0)
[WARN] Layout overflow: 'Review' extends outside parent 'sidebar_review' bounds (child_rel=[44.0,0.0], child_size=[77.0,52.0], child_end=[121.0,52.0], parent_size=[48.0,52.0], gap=12.0, start_offset=0.0)
[WARN] Layout wrap: 'Files' in parent 'sidebar_working_files' - NoWrap set but would overflow (child_size=50.0, offset=44.0, container=48.0)
[WARN] Layout overflow: 'Files' extends outside parent 'sidebar_working_files' bounds (child_rel=[44.0,0.0], child_size=[50.0,52.0], child_end=[94.0,52.0], parent_size=[48.0,52.0], gap=12.0, start_offset=0.0)
[WARN] Layout wrap: 'tree_review_progress' in parent 'changed_files_header' - NoWrap set but would overflow (child_size=128.0, offset=0.0, container=112.0)
[WARN] Layout overflow: 'tree_review_progress' extends outside parent 'changed_files_header' bounds (child_rel=[0.0,0.0], child_size=[128.0,64.0], child_end=[128.0,64.0], parent_size=[112.0,64.0], gap=0.0, start_offset=0.0)
[WARN] Layout wrap: 'tree_review_status:unreviewed' in parent 'commit_changed_file' - NoWrap set but would overflow (child_size=40.0, offset=64.0, container=100.0)
[WARN] Layout overflow: 'tree_review_status:unreviewed' extends outside parent 'commit_changed_file' bounds (child_rel=[64.0,0.0], child_size=[40.0,56.0], child_end=[104.0,56.0], parent_size=[100.0,56.0], gap=8.0, start_offset=0.0)
[WARN] Layout wrap: 'tree_additions' in parent 'commit_changed_file' - NoWrap set but would overflow (child_size=64.0, offset=112.0, container=100.0)
[WARN] Layout overflow: 'tree_additions' extends outside parent 'commit_changed_file' bounds (child_rel=[112.0,0.0], child_size=[64.0,56.0], child_end=[176.0,56.0], parent_size=[100.0,56.0], gap=8.0, start_offset=0.0)
[WARN] Layout wrap: 'history_branch' in parent 'log_header' - NoWrap set but would overflow (child_size=144.0, offset=0.0, container=112.0)
[WARN] Layout overflow: 'history_branch' extends outside parent 'log_header' bounds (child_rel=[0.0,0.0], child_size=[144.0,64.0], child_end=[144.0,64.0], parent_size=[112.0,64.0], gap=0.0, start_offset=0.0)
[WARN] Layout wrap: '' in parent '' - NoWrap set but would overflow (child_size=192.0, offset=16.0, container=96.0)
[WARN] Layout overflow: '' extends outside parent '' bounds (child_rel=[16.0,4.0], child_size=[192.0,40.0], child_end=[208.0,44.0], parent_size=[96.0,48.0], gap=16.0, start_offset=0.0)
[WARN] Layout wrap: 'Review' in parent 'sidebar_review' - NoWrap set but would overflow (child_size=77.0, offset=44.0, container=48.0)
[WARN] Layout overflow: 'Review' extends outside parent 'sidebar_review' bounds (child_rel=[44.0,0.0], child_size=[77.0,52.0], child_end=[121.0,52.0], parent_size=[48.0,52.0], gap=12.0, start_offset=0.0)
[WARN] Layout wrap: 'Files' in parent 'sidebar_working_files' - NoWrap set but would overflow (child_size=50.0, offset=44.0, container=48.0)
[WARN] Layout overflow: 'Files' extends outside parent 'sidebar_working_files' bounds (child_rel=[44.0,0.0], child_size=[50.0,52.0], child_end=[94.0,52.0], parent_size=[48.0,52.0], gap=12.0, start_offset=0.0)
[WARN] Layout wrap: 'tree_review_progress' in parent 'changed_files_header' - NoWrap set but would overflow (child_size=128.0, offset=0.0, container=112.0)
[WARN] Layout overflow: 'tree_review_progress' extends outside parent 'changed_files_header' bounds (child_rel=[0.0,0.0], child_size=[128.0,64.0], child_end=[128.0,64.0], parent_size=[112.0,64.0], gap=0.0, start_offset=0.0)
[WARN] Layout wrap: 'tree_review_status:unreviewed' in parent 'commit_changed_file' - NoWrap set but would overflow (child_size=40.0, offset=64.0, container=100.0)
[WARN] Layout overflow: 'tree_review_status:unreviewed' extends outside parent 'commit_changed_file' bounds (child_rel=[64.0,0.0], child_size=[40.0,56.0], child_end=[104.0,56.0], parent_size=[100.0,56.0], gap=8.0, start_offset=0.0)
[WARN] Layout wrap: 'tree_additions' in parent 'commit_changed_file' - NoWrap set but would overflow (child_size=64.0, offset=112.0, container=100.0)
[WARN] Layout overflow: 'tree_additions' extends outside parent 'commit_changed_file' bounds (child_rel=[112.0,0.0], child_size=[64.0,56.0], child_end=[176.0,56.0], parent_size=[100.0,56.0], gap=8.0, start_offset=0.0)
[WARN] Layout wrap: 'history_branch' in parent 'log_header' - NoWrap set but would overflow (child_size=144.0, offset=0.0, container=112.0)
[WARN] Layout overflow: 'history_branch' extends outside parent 'log_header' bounds (child_rel=[0.0,0.0], child_size=[144.0,64.0], child_end=[144.0,64.0], parent_size=[112.0,64.0], gap=0.0, start_offset=0.0)
[WARN] Layout wrap: '' in parent '' - NoWrap set but would overflow (child_size=192.0, offset=16.0, container=96.0)
[WARN] Layout overflow: '' extends outside parent '' bounds (child_rel=[16.0,4.0], child_size=[192.0,40.0], child_end=[208.0,44.0], parent_size=[96.0,48.0], gap=16.0, start_offset=0.0)
[WARN] Layout wrap: 'Review' in parent 'sidebar_review' - NoWrap set but would overflow (child_size=77.0, offset=44.0, container=48.0)
[WARN] Layout overflow: 'Review' extends outside parent 'sidebar_review' bounds (child_rel=[44.0,0.0], child_size=[77.0,52.0], child_end=[121.0,52.0], parent_size=[48.0,52.0], gap=12.0, start_offset=0.0)
[WARN] Layout wrap: 'Files' in parent 'sidebar_working_files' - NoWrap set but would overflow (child_size=50.0, offset=44.0, container=48.0)
[WARN] Layout overflow: 'Files' extends outside parent 'sidebar_working_files' bounds (child_rel=[44.0,0.0], child_size=[50.0,52.0], child_end=[94.0,52.0], parent_size=[48.0,52.0], gap=12.0, start_offset=0.0)
[WARN] Layout wrap: 'tree_review_progress' in parent 'changed_files_header' - NoWrap set but would overflow (child_size=128.0, offset=0.0, container=112.0)
[WARN] Layout overflow: 'tree_review_progress' extends outside parent 'changed_files_header' bounds (child_rel=[0.0,0.0], child_size=[128.0,64.0], child_end=[128.0,64.0], parent_size=[112.0,64.0], gap=0.0, start_offset=0.0)
[WARN] Layout wrap: 'tree_review_status:unreviewed' in parent 'commit_changed_file' - NoWrap set but would overflow (child_size=40.0, offset=64.0, container=100.0)
[WARN] Layout overflow: 'tree_review_status:unreviewed' extends outside parent 'commit_changed_file' bounds (child_rel=[64.0,0.0], child_size=[40.0,56.0], child_end=[104.0,56.0], parent_size=[100.0,56.0], gap=8.0, start_offset=0.0)
[WARN] Layout wrap: 'tree_additions' in parent 'commit_changed_file' - NoWrap set but would overflow (child_size=64.0, offset=112.0, container=100.0)
[WARN] Layout overflow: 'tree_additions' extends outside parent 'commit_changed_file' bounds (child_rel=[112.0,0.0], child_size=[64.0,56.0], child_end=[176.0,56.0], parent_size=[100.0,56.0], gap=8.0, start_offset=0.0)
[WARN] Layout wrap: 'history_branch' in parent 'log_header' - NoWrap set but would overflow (child_size=144.0, offset=0.0, container=112.0)
[WARN] Layout overflow: 'history_branch' extends outside parent 'log_header' bounds (child_rel=[0.0,0.0], child_size=[144.0,64.0], child_end=[144.0,64.0], parent_size=[112.0,64.0], gap=0.0, start_offset=0.0)
[WARN] Layout wrap: '' in parent '' - NoWrap set but would overflow (child_size=192.0, offset=16.0, container=96.0)
[WARN] Layout overflow: '' extends outside parent '' bounds (child_rel=[16.0,4.0], child_size=[192.0,40.0], child_end=[208.0,44.0], parent_size=[96.0,48.0], gap=16.0, start_offset=0.0)
[WARN] Layout wrap: 'Review' in parent 'sidebar_review' - NoWrap set but would overflow (child_size=77.0, offset=44.0, container=48.0)
[WARN] Layout overflow: 'Review' extends outside parent 'sidebar_review' bounds (child_rel=[44.0,0.0], child_size=[77.0,52.0], child_end=[121.0,52.0], parent_size=[48.0,52.0], gap=12.0, start_offset=0.0)
[WARN] Layout wrap: 'Files' in parent 'sidebar_working_files' - NoWrap set but would overflow (child_size=50.0, offset=44.0, container=48.0)
[WARN] Layout overflow: 'Files' extends outside parent 'sidebar_working_files' bounds (child_rel=[44.0,0.0], child_size=[50.0,52.0], child_end=[94.0,52.0], parent_size=[48.0,52.0], gap=12.0, start_offset=0.0)
[WARN] Layout wrap: 'tree_review_progress' in parent 'changed_files_header' - NoWrap set but would overflow (child_size=128.0, offset=0.0, container=112.0)
[WARN] Layout overflow: 'tree_review_progress' extends outside parent 'changed_files_header' bounds (child_rel=[0.0,0.0], child_size=[128.0,64.0], child_end=[128.0,64.0], parent_size=[112.0,64.0], gap=0.0, start_offset=0.0)
[WARN] Layout wrap: 'tree_review_status:unreviewed' in parent 'commit_changed_file' - NoWrap set but would overflow (child_size=40.0, offset=64.0, container=100.0)
[WARN] Layout overflow: 'tree_review_status:unreviewed' extends outside parent 'commit_changed_file' bounds (child_rel=[64.0,0.0], child_size=[40.0,56.0], child_end=[104.0,56.0], parent_size=[100.0,56.0], gap=8.0, start_offset=0.0)
[WARN] Layout wrap: 'tree_additions' in parent 'commit_changed_file' - NoWrap set but would overflow (child_size=64.0, offset=112.0, container=100.0)
[WARN] Layout overflow: 'tree_additions' extends outside parent 'commit_changed_file' bounds (child_rel=[112.0,0.0], child_size=[64.0,56.0], child_end=[176.0,56.0], parent_size=[100.0,56.0], gap=8.0, start_offset=0.0)
[WARN] Layout wrap: 'history_branch' in parent 'log_header' - NoWrap set but would overflow (child_size=144.0, offset=0.0, container=112.0)
[WARN] Layout overflow: 'history_branch' extends outside parent 'log_header' bounds (child_rel=[0.0,0.0], child_size=[144.0,64.0], child_end=[144.0,64.0], parent_size=[112.0,64.0], gap=0.0, start_offset=0.0)
[WARN] Layout wrap: '' in parent '' - NoWrap set but would overflow (child_size=192.0, offset=16.0, container=96.0)
[WARN] Layout overflow: '' extends outside parent '' bounds (child_rel=[16.0,4.0], child_size=[192.0,40.0], child_end=[208.0,44.0], parent_size=[96.0,48.0], gap=16.0, start_offset=0.0)
[WARN] Layout wrap: 'Review' in parent 'sidebar_review' - NoWrap set but would overflow (child_size=77.0, offset=44.0, container=48.0)
[WARN] Layout overflow: 'Review' extends outside parent 'sidebar_review' bounds (child_rel=[44.0,0.0], child_size=[77.0,52.0], child_end=[121.0,52.0], parent_size=[48.0,52.0], gap=12.0, start_offset=0.0)
[WARN] Layout wrap: 'Files' in parent 'sidebar_working_files' - NoWrap set but would overflow (child_size=50.0, offset=44.0, container=48.0)
[WARN] Layout overflow: 'Files' extends outside parent 'sidebar_working_files' bounds (child_rel=[44.0,0.0], child_size=[50.0,52.0], child_end=[94.0,52.0], parent_size=[48.0,52.0], gap=12.0, start_offset=0.0)
[WARN] Layout wrap: 'tree_review_progress' in parent 'changed_files_header' - NoWrap set but would overflow (child_size=128.0, offset=0.0, container=112.0)
[WARN] Layout overflow: 'tree_review_progress' extends outside parent 'changed_files_header' bounds (child_rel=[0.0,0.0], child_size=[128.0,64.0], child_end=[128.0,64.0], parent_size=[112.0,64.0], gap=0.0, start_offset=0.0)
[WARN] Layout wrap: 'tree_review_status:unreviewed' in parent 'commit_changed_file' - NoWrap set but would overflow (child_size=40.0, offset=64.0, container=100.0)
[WARN] Layout overflow: 'tree_review_status:unreviewed' extends outside parent 'commit_changed_file' bounds (child_rel=[64.0,0.0], child_size=[40.0,56.0], child_end=[104.0,56.0], parent_size=[100.0,56.0], gap=8.0, start_offset=0.0)
[WARN] Layout wrap: 'tree_additions' in parent 'commit_changed_file' - NoWrap set but would overflow (child_size=64.0, offset=112.0, container=100.0)
[WARN] Layout overflow: 'tree_additions' extends outside parent 'commit_changed_file' bounds (child_rel=[112.0,0.0], child_size=[64.0,56.0], child_end=[176.0,56.0], parent_size=[100.0,56.0], gap=8.0, start_offset=0.0)
[WARN] Layout wrap: 'history_branch' in parent 'log_header' - NoWrap set but would overflow (child_size=144.0, offset=0.0, container=112.0)
[WARN] Layout overflow: 'history_branch' extends outside parent 'log_header' bounds (child_rel=[0.0,0.0], child_size=[144.0,64.0], child_end=[144.0,64.0], parent_size=[112.0,64.0], gap=0.0, start_offset=0.0)
[WARN] Layout wrap: '' in parent '' - NoWrap set but would overflow (child_size=192.0, offset=16.0, container=96.0)
[WARN] Layout overflow: '' extends outside parent '' bounds (child_rel=[16.0,4.0], child_size=[192.0,40.0], child_end=[208.0,44.0], parent_size=[96.0,48.0], gap=16.0, start_offset=0.0)
[WARN] Layout wrap: 'Review' in parent 'sidebar_review' - NoWrap set but would overflow (child_size=77.0, offset=44.0, container=48.0)
[WARN] Layout overflow: 'Review' extends outside parent 'sidebar_review' bounds (child_rel=[44.0,0.0], child_size=[77.0,52.0], child_end=[121.0,52.0], parent_size=[48.0,52.0], gap=12.0, start_offset=0.0)
[WARN] Layout wrap: 'Files' in parent 'sidebar_working_files' - NoWrap set but would overflow (child_size=50.0, offset=44.0, container=48.0)
[WARN] Layout overflow: 'Files' extends outside parent 'sidebar_working_files' bounds (child_rel=[44.0,0.0], child_size=[50.0,52.0], child_end=[94.0,52.0], parent_size=[48.0,52.0], gap=12.0, start_offset=0.0)
[WARN] Layout wrap: 'tree_review_progress' in parent 'changed_files_header' - NoWrap set but would overflow (child_size=128.0, offset=0.0, container=112.0)
[WARN] Layout overflow: 'tree_review_progress' extends outside parent 'changed_files_header' bounds (child_rel=[0.0,0.0], child_size=[128.0,64.0], child_end=[128.0,64.0], parent_size=[112.0,64.0], gap=0.0, start_offset=0.0)
[WARN] Layout wrap: 'tree_review_status:unreviewed' in parent 'commit_changed_file' - NoWrap set but would overflow (child_size=40.0, offset=64.0, container=100.0)
[WARN] Layout overflow: 'tree_review_status:unreviewed' extends outside parent 'commit_changed_file' bounds (child_rel=[64.0,0.0], child_size=[40.0,56.0], child_end=[104.0,56.0], parent_size=[100.0,56.0], gap=8.0, start_offset=0.0)
[WARN] Layout wrap: 'tree_additions' in parent 'commit_changed_file' - NoWrap set but would overflow (child_size=64.0, offset=112.0, container=100.0)
[WARN] Layout overflow: 'tree_additions' extends outside parent 'commit_changed_file' bounds (child_rel=[112.0,0.0], child_size=[64.0,56.0], child_end=[176.0,56.0], parent_size=[100.0,56.0], gap=8.0, start_offset=0.0)
[WARN] Layout wrap: 'history_branch' in parent 'log_header' - NoWrap set but would overflow (child_size=144.0, offset=0.0, container=112.0)
[WARN] Layout overflow: 'history_branch' extends outside parent 'log_header' bounds (child_rel=[0.0,0.0], child_size=[144.0,64.0], child_end=[144.0,64.0], parent_size=[112.0,64.0], gap=0.0, start_offset=0.0)
[WARN] Layout wrap: '' in parent '' - NoWrap set but would overflow (child_size=192.0, offset=16.0, container=96.0)
[WARN] Layout overflow: '' extends outside parent '' bounds (child_rel=[16.0,4.0], child_size=[192.0,40.0], child_end=[208.0,44.0], parent_size=[96.0,48.0], gap=16.0, start_offset=0.0)
[WARN] Layout wrap: 'Review' in parent 'sidebar_review' - NoWrap set but would overflow (child_size=77.0, offset=44.0, container=48.0)
[WARN] Layout overflow: 'Review' extends outside parent 'sidebar_review' bounds (child_rel=[44.0,0.0], child_size=[77.0,52.0], child_end=[121.0,52.0], parent_size=[48.0,52.0], gap=12.0, start_offset=0.0)
[WARN] Layout wrap: 'Files' in parent 'sidebar_working_files' - NoWrap set but would overflow (child_size=50.0, offset=44.0, container=48.0)
[WARN] Layout overflow: 'Files' extends outside parent 'sidebar_working_files' bounds (child_rel=[44.0,0.0], child_size=[50.0,52.0], child_end=[94.0,52.0], parent_size=[48.0,52.0], gap=12.0, start_offset=0.0)
[WARN] Layout wrap: 'tree_review_progress' in parent 'changed_files_header' - NoWrap set but would overflow (child_size=128.0, offset=0.0, container=112.0)
[WARN] Layout overflow: 'tree_review_progress' extends outside parent 'changed_files_header' bounds (child_rel=[0.0,0.0], child_size=[128.0,64.0], child_end=[128.0,64.0], parent_size=[112.0,64.0], gap=0.0, start_offset=0.0)
[WARN] Layout wrap: 'tree_review_status:unreviewed' in parent 'commit_changed_file' - NoWrap set but would overflow (child_size=40.0, offset=64.0, container=100.0)
[WARN] Layout overflow: 'tree_review_status:unreviewed' extends outside parent 'commit_changed_file' bounds (child_rel=[64.0,0.0], child_size=[40.0,56.0], child_end=[104.0,56.0], parent_size=[100.0,56.0], gap=8.0, start_offset=0.0)
[WARN] Layout wrap: 'tree_additions' in parent 'commit_changed_file' - NoWrap set but would overflow (child_size=64.0, offset=112.0, container=100.0)
[WARN] Layout overflow: 'tree_additions' extends outside parent 'commit_changed_file' bounds (child_rel=[112.0,0.0], child_size=[64.0,56.0], child_end=[176.0,56.0], parent_size=[100.0,56.0], gap=8.0, start_offset=0.0)
[WARN] Layout wrap: 'history_branch' in parent 'log_header' - NoWrap set but would overflow (child_size=144.0, offset=0.0, container=112.0)
[WARN] Layout overflow: 'history_branch' extends outside parent 'log_header' bounds (child_rel=[0.0,0.0], child_size=[144.0,64.0], child_end=[144.0,64.0], parent_size=[112.0,64.0], gap=0.0, start_offset=0.0)
[WARN] Layout wrap: '' in parent '' - NoWrap set but would overflow (child_size=192.0, offset=16.0, container=96.0)
[WARN] Layout overflow: '' extends outside parent '' bounds (child_rel=[16.0,4.0], child_size=[192.0,40.0], child_end=[208.0,44.0], parent_size=[96.0,48.0], gap=16.0, start_offset=0.0)
[WARN] Layout wrap: 'Review' in parent 'sidebar_review' - NoWrap set but would overflow (child_size=77.0, offset=44.0, container=48.0)
[WARN] Layout overflow: 'Review' extends outside parent 'sidebar_review' bounds (child_rel=[44.0,0.0], child_size=[77.0,52.0], child_end=[121.0,52.0], parent_size=[48.0,52.0], gap=12.0, start_offset=0.0)
[WARN] Layout wrap: 'Files' in parent 'sidebar_working_files' - NoWrap set but would overflow (child_size=50.0, offset=44.0, container=48.0)
[WARN] Layout overflow: 'Files' extends outside parent 'sidebar_working_files' bounds (child_rel=[44.0,0.0], child_size=[50.0,52.0], child_end=[94.0,52.0], parent_size=[48.0,52.0], gap=12.0, start_offset=0.0)
[WARN] Layout wrap: 'tree_review_progress' in parent 'changed_files_header' - NoWrap set but would overflow (child_size=128.0, offset=0.0, container=112.0)
[WARN] Layout overflow: 'tree_review_progress' extends outside parent 'changed_files_header' bounds (child_rel=[0.0,0.0], child_size=[128.0,64.0], child_end=[128.0,64.0], parent_size=[112.0,64.0], gap=0.0, start_offset=0.0)
[WARN] Layout wrap: 'tree_review_status:unreviewed' in parent 'commit_changed_file' - NoWrap set but would overflow (child_size=40.0, offset=64.0, container=100.0)
[WARN] Layout overflow: 'tree_review_status:unreviewed' extends outside parent 'commit_changed_file' bounds (child_rel=[64.0,0.0], child_size=[40.0,56.0], child_end=[104.0,56.0], parent_size=[100.0,56.0], gap=8.0, start_offset=0.0)
[WARN] Layout wrap: 'tree_additions' in parent 'commit_changed_file' - NoWrap set but would overflow (child_size=64.0, offset=112.0, container=100.0)
[WARN] Layout overflow: 'tree_additions' extends outside parent 'commit_changed_file' bounds (child_rel=[112.0,0.0], child_size=[64.0,56.0], child_end=[176.0,56.0], parent_size=[100.0,56.0], gap=8.0, start_offset=0.0)
[WARN] Layout wrap: 'history_branch' in parent 'log_header' - NoWrap set but would overflow (child_size=144.0, offset=0.0, container=112.0)
[WARN] Layout overflow: 'history_branch' extends outside parent 'log_header' bounds (child_rel=[0.0,0.0], child_size=[144.0,64.0], child_end=[144.0,64.0], parent_size=[112.0,64.0], gap=0.0, start_offset=0.0)
[WARN] Layout wrap: '' in parent '' - NoWrap set but would overflow (child_size=192.0, offset=16.0, container=96.0)
[WARN] Layout overflow: '' extends outside parent '' bounds (child_rel=[16.0,4.0], child_size=[192.0,40.0], child_end=[208.0,44.0], parent_size=[96.0,48.0], gap=16.0, start_offset=0.0)
[WARN] Layout wrap: 'Review' in parent 'sidebar_review' - NoWrap set but would overflow (child_size=77.0, offset=44.0, container=48.0)
[WARN] Layout overflow: 'Review' extends outside parent 'sidebar_review' bounds (child_rel=[44.0,0.0], child_size=[77.0,52.0], child_end=[121.0,52.0], parent_size=[48.0,52.0], gap=12.0, start_offset=0.0)
[WARN] Layout wrap: 'Files' in parent 'sidebar_working_files' - NoWrap set but would overflow (child_size=50.0, offset=44.0, container=48.0)
[WARN] Layout overflow: 'Files' extends outside parent 'sidebar_working_files' bounds (child_rel=[44.0,0.0], child_size=[50.0,52.0], child_end=[94.0,52.0], parent_size=[48.0,52.0], gap=12.0, start_offset=0.0)
[WARN] Layout wrap: 'tree_review_progress' in parent 'changed_files_header' - NoWrap set but would overflow (child_size=128.0, offset=0.0, container=112.0)
[WARN] Layout overflow: 'tree_review_progress' extends outside parent 'changed_files_header' bounds (child_rel=[0.0,0.0], child_size=[128.0,64.0], child_end=[128.0,64.0], parent_size=[112.0,64.0], gap=0.0, start_offset=0.0)
[WARN] Layout wrap: 'tree_review_status:unreviewed' in parent 'commit_changed_file' - NoWrap set but would overflow (child_size=40.0, offset=64.0, container=100.0)
[WARN] Layout overflow: 'tree_review_status:unreviewed' extends outside parent 'commit_changed_file' bounds (child_rel=[64.0,0.0], child_size=[40.0,56.0], child_end=[104.0,56.0], parent_size=[100.0,56.0], gap=8.0, start_offset=0.0)
[WARN] Layout wrap: 'tree_additions' in parent 'commit_changed_file' - NoWrap set but would overflow (child_size=64.0, offset=112.0, container=100.0)
[WARN] Layout overflow: 'tree_additions' extends outside parent 'commit_changed_file' bounds (child_rel=[112.0,0.0], child_size=[64.0,56.0], child_end=[176.0,56.0], parent_size=[100.0,56.0], gap=8.0, start_offset=0.0)
[WARN] Layout wrap: 'history_branch' in parent 'log_header' - NoWrap set but would overflow (child_size=144.0, offset=0.0, container=112.0)
[WARN] Layout overflow: 'history_branch' extends outside parent 'log_header' bounds (child_rel=[0.0,0.0], child_size=[144.0,64.0], child_end=[144.0,64.0], parent_size=[112.0,64.0], gap=0.0, start_offset=0.0)
[WARN] Layout wrap: '' in parent '' - NoWrap set but would overflow (child_size=192.0, offset=16.0, container=96.0)
[WARN] Layout overflow: '' extends outside parent '' bounds (child_rel=[16.0,4.0], child_size=[192.0,40.0], child_end=[208.0,44.0], parent_size=[96.0,48.0], gap=16.0, start_offset=0.0)
[WARN] Layout wrap: 'Review' in parent 'sidebar_review' - NoWrap set but would overflow (child_size=77.0, offset=44.0, container=48.0)
[WARN] Layout overflow: 'Review' extends outside parent 'sidebar_review' bounds (child_rel=[44.0,0.0], child_size=[77.0,52.0], child_end=[121.0,52.0], parent_size=[48.0,52.0], gap=12.0, start_offset=0.0)
[WARN] Layout wrap: 'Files' in parent 'sidebar_working_files' - NoWrap set but would overflow (child_size=50.0, offset=44.0, container=48.0)
[WARN] Layout overflow: 'Files' extends outside parent 'sidebar_working_files' bounds (child_rel=[44.0,0.0], child_size=[50.0,52.0], child_end=[94.0,52.0], parent_size=[48.0,52.0], gap=12.0, start_offset=0.0)
[WARN] Layout wrap: 'tree_review_progress' in parent 'changed_files_header' - NoWrap set but would overflow (child_size=128.0, offset=0.0, container=112.0)
[WARN] Layout overflow: 'tree_review_progress' extends outside parent 'changed_files_header' bounds (child_rel=[0.0,0.0], child_size=[128.0,64.0], child_end=[128.0,64.0], parent_size=[112.0,64.0], gap=0.0, start_offset=0.0)
[WARN] Layout wrap: 'tree_review_status:unreviewed' in parent 'commit_changed_file' - NoWrap set but would overflow (child_size=40.0, offset=64.0, container=100.0)
[WARN] Layout overflow: 'tree_review_status:unreviewed' extends outside parent 'commit_changed_file' bounds (child_rel=[64.0,0.0], child_size=[40.0,56.0], child_end=[104.0,56.0], parent_size=[100.0,56.0], gap=8.0, start_offset=0.0)
[WARN] Layout wrap: 'tree_additions' in parent 'commit_changed_file' - NoWrap set but would overflow (child_size=64.0, offset=112.0, container=100.0)
[WARN] Layout overflow: 'tree_additions' extends outside parent 'commit_changed_file' bounds (child_rel=[112.0,0.0], child_size=[64.0,56.0], child_end=[176.0,56.0], parent_size=[100.0,56.0], gap=8.0, start_offset=0.0)
[WARN] Layout wrap: 'history_branch' in parent 'log_header' - NoWrap set but would overflow (child_size=144.0, offset=0.0, container=112.0)
[WARN] Layout overflow: 'history_branch' extends outside parent 'log_header' bounds (child_rel=[0.0,0.0], child_size=[144.0,64.0], child_end=[144.0,64.0], parent_size=[112.0,64.0], gap=0.0, start_offset=0.0)
[WARN] Layout wrap: '' in parent '' - NoWrap set but would overflow (child_size=192.0, offset=16.0, container=96.0)
[WARN] Layout overflow: '' extends outside parent '' bounds (child_rel=[16.0,4.0], child_size=[192.0,40.0], child_end=[208.0,44.0], parent_size=[96.0,48.0], gap=16.0, start_offset=0.0)
[WARN] Layout wrap: 'Review' in parent 'sidebar_review' - NoWrap set but would overflow (child_size=77.0, offset=44.0, container=48.0)
[WARN] Layout overflow: 'Review' extends outside parent 'sidebar_review' bounds (child_rel=[44.0,0.0], child_size=[77.0,52.0], child_end=[121.0,52.0], parent_size=[48.0,52.0], gap=12.0, start_offset=0.0)
[WARN] Layout wrap: 'Files' in parent 'sidebar_working_files' - NoWrap set but would overflow (child_size=50.0, offset=44.0, container=48.0)
[WARN] Layout overflow: 'Files' extends outside parent 'sidebar_working_files' bounds (child_rel=[44.0,0.0], child_size=[50.0,52.0], child_end=[94.0,52.0], parent_size=[48.0,52.0], gap=12.0, start_offset=0.0)
[WARN] Layout wrap: 'tree_review_progress' in parent 'changed_files_header' - NoWrap set but would overflow (child_size=128.0, offset=0.0, container=112.0)
[WARN] Layout overflow: 'tree_review_progress' extends outside parent 'changed_files_header' bounds (child_rel=[0.0,0.0], child_size=[128.0,64.0], child_end=[128.0,64.0], parent_size=[112.0,64.0], gap=0.0, start_offset=0.0)
[WARN] Layout wrap: 'tree_review_status:unreviewed' in parent 'commit_changed_file' - NoWrap set but would overflow (child_size=40.0, offset=64.0, container=100.0)
[WARN] Layout overflow: 'tree_review_status:unreviewed' extends outside parent 'commit_changed_file' bounds (child_rel=[64.0,0.0], child_size=[40.0,56.0], child_end=[104.0,56.0], parent_size=[100.0,56.0], gap=8.0, start_offset=0.0)
[WARN] Layout wrap: 'tree_additions' in parent 'commit_changed_file' - NoWrap set but would overflow (child_size=64.0, offset=112.0, container=100.0)
[WARN] Layout overflow: 'tree_additions' extends outside parent 'commit_changed_file' bounds (child_rel=[112.0,0.0], child_size=[64.0,56.0], child_end=[176.0,56.0], parent_size=[100.0,56.0], gap=8.0, start_offset=0.0)
[WARN] Layout wrap: 'history_branch' in parent 'log_header' - NoWrap set but would overflow (child_size=144.0, offset=0.0, container=112.0)
[WARN] Layout overflow: 'history_branch' extends outside parent 'log_header' bounds (child_rel=[0.0,0.0], child_size=[144.0,64.0], child_end=[144.0,64.0], parent_size=[112.0,64.0], gap=0.0, start_offset=0.0)
[WARN] Layout wrap: '' in parent '' - NoWrap set but would overflow (child_size=192.0, offset=16.0, container=96.0)
[WARN] Layout overflow: '' extends outside parent '' bounds (child_rel=[16.0,4.0], child_size=[192.0,40.0], child_end=[208.0,44.0], parent_size=[96.0,48.0], gap=16.0, start_offset=0.0)
[WARN] Layout wrap: 'Review' in parent 'sidebar_review' - NoWrap set but would overflow (child_size=77.0, offset=44.0, container=48.0)
[WARN] Layout overflow: 'Review' extends outside parent 'sidebar_review' bounds (child_rel=[44.0,0.0], child_size=[77.0,52.0], child_end=[121.0,52.0], parent_size=[48.0,52.0], gap=12.0, start_offset=0.0)
[WARN] Layout wrap: 'Files' in parent 'sidebar_working_files' - NoWrap set but would overflow (child_size=50.0, offset=44.0, container=48.0)
[WARN] Layout overflow: 'Files' extends outside parent 'sidebar_working_files' bounds (child_rel=[44.0,0.0], child_size=[50.0,52.0], child_end=[94.0,52.0], parent_size=[48.0,52.0], gap=12.0, start_offset=0.0)
[WARN] Layout wrap: 'tree_review_progress' in parent 'changed_files_header' - NoWrap set but would overflow (child_size=128.0, offset=0.0, container=112.0)
[WARN] Layout overflow: 'tree_review_progress' extends outside parent 'changed_files_header' bounds (child_rel=[0.0,0.0], child_size=[128.0,64.0], child_end=[128.0,64.0], parent_size=[112.0,64.0], gap=0.0, start_offset=0.0)
[WARN] Layout wrap: 'tree_review_status:unreviewed' in parent 'commit_changed_file' - NoWrap set but would overflow (child_size=40.0, offset=64.0, container=100.0)
[WARN] Layout overflow: 'tree_review_status:unreviewed' extends outside parent 'commit_changed_file' bounds (child_rel=[64.0,0.0], child_size=[40.0,56.0], child_end=[104.0,56.0], parent_size=[100.0,56.0], gap=8.0, start_offset=0.0)
[WARN] Layout wrap: 'tree_additions' in parent 'commit_changed_file' - NoWrap set but would overflow (child_size=64.0, offset=112.0, container=100.0)
[WARN] Layout overflow: 'tree_additions' extends outside parent 'commit_changed_file' bounds (child_rel=[112.0,0.0], child_size=[64.0,56.0], child_end=[176.0,56.0], parent_size=[100.0,56.0], gap=8.0, start_offset=0.0)
[WARN] Layout wrap: 'history_branch' in parent 'log_header' - NoWrap set but would overflow (child_size=144.0, offset=0.0, container=112.0)
[WARN] Layout overflow: 'history_branch' extends outside parent 'log_header' bounds (child_rel=[0.0,0.0], child_size=[144.0,64.0], child_end=[144.0,64.0], parent_size=[112.0,64.0], gap=0.0, start_offset=0.0)
[WARN] Layout wrap: '' in parent '' - NoWrap set but would overflow (child_size=192.0, offset=16.0, container=96.0)
[WARN] Layout overflow: '' extends outside parent '' bounds (child_rel=[16.0,4.0], child_size=[192.0,40.0], child_end=[208.0,44.0], parent_size=[96.0,48.0], gap=16.0, start_offset=0.0)
[WARN] Layout wrap: 'Review' in parent 'sidebar_review' - NoWrap set but would overflow (child_size=77.0, offset=44.0, container=48.0)
[WARN] Layout overflow: 'Review' extends outside parent 'sidebar_review' bounds (child_rel=[44.0,0.0], child_size=[77.0,52.0], child_end=[121.0,52.0], parent_size=[48.0,52.0], gap=12.0, start_offset=0.0)
[WARN] Layout wrap: 'Files' in parent 'sidebar_working_files' - NoWrap set but would overflow (child_size=50.0, offset=44.0, container=48.0)
[WARN] Layout overflow: 'Files' extends outside parent 'sidebar_working_files' bounds (child_rel=[44.0,0.0], child_size=[50.0,52.0], child_end=[94.0,52.0], parent_size=[48.0,52.0], gap=12.0, start_offset=0.0)
[WARN] Layout wrap: 'tree_review_progress' in parent 'changed_files_header' - NoWrap set but would overflow (child_size=128.0, offset=0.0, container=112.0)
[WARN] Layout overflow: 'tree_review_progress' extends outside parent 'changed_files_header' bounds (child_rel=[0.0,0.0], child_size=[128.0,64.0], child_end=[128.0,64.0], parent_size=[112.0,64.0], gap=0.0, start_offset=0.0)
[WARN] Layout wrap: 'tree_review_status:unreviewed' in parent 'commit_changed_file' - NoWrap set but would overflow (child_size=40.0, offset=64.0, container=100.0)
[WARN] Layout overflow: 'tree_review_status:unreviewed' extends outside parent 'commit_changed_file' bounds (child_rel=[64.0,0.0], child_size=[40.0,56.0], child_end=[104.0,56.0], parent_size=[100.0,56.0], gap=8.0, start_offset=0.0)
[WARN] Layout wrap: 'tree_additions' in parent 'commit_changed_file' - NoWrap set but would overflow (child_size=64.0, offset=112.0, container=100.0)
[WARN] Layout overflow: 'tree_additions' extends outside parent 'commit_changed_file' bounds (child_rel=[112.0,0.0], child_size=[64.0,56.0], child_end=[176.0,56.0], parent_size=[100.0,56.0], gap=8.0, start_offset=0.0)
[WARN] Layout wrap: 'history_branch' in parent 'log_header' - NoWrap set but would overflow (child_size=144.0, offset=0.0, container=112.0)
[WARN] Layout overflow: 'history_branch' extends outside parent 'log_header' bounds (child_rel=[0.0,0.0], child_size=[144.0,64.0], child_end=[144.0,64.0], parent_size=[112.0,64.0], gap=0.0, start_offset=0.0)
[WARN] Layout wrap: '' in parent '' - NoWrap set but would overflow (child_size=192.0, offset=16.0, container=96.0)
[WARN] Layout overflow: '' extends outside parent '' bounds (child_rel=[16.0,4.0], child_size=[192.0,40.0], child_end=[208.0,44.0], parent_size=[96.0,48.0], gap=16.0, start_offset=0.0)
[WARN] Layout wrap: 'Review' in parent 'sidebar_review' - NoWrap set but would overflow (child_size=77.0, offset=44.0, container=48.0)
[WARN] Layout overflow: 'Review' extends outside parent 'sidebar_review' bounds (child_rel=[44.0,0.0], child_size=[77.0,52.0], child_end=[121.0,52.0], parent_size=[48.0,52.0], gap=12.0, start_offset=0.0)
[WARN] Layout wrap: 'Files' in parent 'sidebar_working_files' - NoWrap set but would overflow (child_size=50.0, offset=44.0, container=48.0)
[WARN] Layout overflow: 'Files' extends outside parent 'sidebar_working_files' bounds (child_rel=[44.0,0.0], child_size=[50.0,52.0], child_end=[94.0,52.0], parent_size=[48.0,52.0], gap=12.0, start_offset=0.0)
[WARN] Layout wrap: 'tree_review_progress' in parent 'changed_files_header' - NoWrap set but would overflow (child_size=128.0, offset=0.0, container=112.0)
[WARN] Layout overflow: 'tree_review_progress' extends outside parent 'changed_files_header' bounds (child_rel=[0.0,0.0], child_size=[128.0,64.0], child_end=[128.0,64.0], parent_size=[112.0,64.0], gap=0.0, start_offset=0.0)
[WARN] Layout wrap: 'tree_review_status:unreviewed' in parent 'commit_changed_file' - NoWrap set but would overflow (child_size=40.0, offset=64.0, container=100.0)
[WARN] Layout overflow: 'tree_review_status:unreviewed' extends outside parent 'commit_changed_file' bounds (child_rel=[64.0,0.0], child_size=[40.0,56.0], child_end=[104.0,56.0], parent_size=[100.0,56.0], gap=8.0, start_offset=0.0)
[WARN] Layout wrap: 'tree_additions' in parent 'commit_changed_file' - NoWrap set but would overflow (child_size=64.0, offset=112.0, container=100.0)
[WARN] Layout overflow: 'tree_additions' extends outside parent 'commit_changed_file' bounds (child_rel=[112.0,0.0], child_size=[64.0,56.0], child_end=[176.0,56.0], parent_size=[100.0,56.0], gap=8.0, start_offset=0.0)
[WARN] Layout wrap: 'history_branch' in parent 'log_header' - NoWrap set but would overflow (child_size=144.0, offset=0.0, container=112.0)
[WARN] Layout overflow: 'history_branch' extends outside parent 'log_header' bounds (child_rel=[0.0,0.0], child_size=[144.0,64.0], child_end=[144.0,64.0], parent_size=[112.0,64.0], gap=0.0, start_offset=0.0)
[WARN] Layout wrap: '' in parent '' - NoWrap set but would overflow (child_size=192.0, offset=16.0, container=96.0)
[WARN] Layout overflow: '' extends outside parent '' bounds (child_rel=[16.0,4.0], child_size=[192.0,40.0], child_end=[208.0,44.0], parent_size=[96.0,48.0], gap=16.0, start_offset=0.0)
[WARN] Layout wrap: 'Review' in parent 'sidebar_review' - NoWrap set but would overflow (child_size=77.0, offset=44.0, container=48.0)
[WARN] Layout overflow: 'Review' extends outside parent 'sidebar_review' bounds (child_rel=[44.0,0.0], child_size=[77.0,52.0], child_end=[121.0,52.0], parent_size=[48.0,52.0], gap=12.0, start_offset=0.0)
[WARN] Layout wrap: 'Files' in parent 'sidebar_working_files' - NoWrap set but would overflow (child_size=50.0, offset=44.0, container=48.0)
[WARN] Layout overflow: 'Files' extends outside parent 'sidebar_working_files' bounds (child_rel=[44.0,0.0], child_size=[50.0,52.0], child_end=[94.0,52.0], parent_size=[48.0,52.0], gap=12.0, start_offset=0.0)
[WARN] Layout wrap: 'tree_review_progress' in parent 'changed_files_header' - NoWrap set but would overflow (child_size=128.0, offset=0.0, container=112.0)
[WARN] Layout overflow: 'tree_review_progress' extends outside parent 'changed_files_header' bounds (child_rel=[0.0,0.0], child_size=[128.0,64.0], child_end=[128.0,64.0], parent_size=[112.0,64.0], gap=0.0, start_offset=0.0)
[WARN] Layout wrap: 'tree_review_status:unreviewed' in parent 'commit_changed_file' - NoWrap set but would overflow (child_size=40.0, offset=64.0, container=100.0)
[WARN] Layout overflow: 'tree_review_status:unreviewed' extends outside parent 'commit_changed_file' bounds (child_rel=[64.0,0.0], child_size=[40.0,56.0], child_end=[104.0,56.0], parent_size=[100.0,56.0], gap=8.0, start_offset=0.0)
[WARN] Layout wrap: 'tree_additions' in parent 'commit_changed_file' - NoWrap set but would overflow (child_size=64.0, offset=112.0, container=100.0)
[WARN] Layout overflow: 'tree_additions' extends outside parent 'commit_changed_file' bounds (child_rel=[112.0,0.0], child_size=[64.0,56.0], child_end=[176.0,56.0], parent_size=[100.0,56.0], gap=8.0, start_offset=0.0)
[WARN] Layout wrap: 'history_branch' in parent 'log_header' - NoWrap set but would overflow (child_size=144.0, offset=0.0, container=112.0)
[WARN] Layout overflow: 'history_branch' extends outside parent 'log_header' bounds (child_rel=[0.0,0.0], child_size=[144.0,64.0], child_end=[144.0,64.0], parent_size=[112.0,64.0], gap=0.0, start_offset=0.0)
[WARN] Layout wrap: '' in parent '' - NoWrap set but would overflow (child_size=192.0, offset=16.0, container=96.0)
[WARN] Layout overflow: '' extends outside parent '' bounds (child_rel=[16.0,4.0], child_size=[192.0,40.0], child_end=[208.0,44.0], parent_size=[96.0,48.0], gap=16.0, start_offset=0.0)
[WARN] Layout wrap: 'Review' in parent 'sidebar_review' - NoWrap set but would overflow (child_size=77.0, offset=44.0, container=48.0)
[WARN] Layout overflow: 'Review' extends outside parent 'sidebar_review' bounds (child_rel=[44.0,0.0], child_size=[77.0,52.0], child_end=[121.0,52.0], parent_size=[48.0,52.0], gap=12.0, start_offset=0.0)
[WARN] Layout wrap: 'Files' in parent 'sidebar_working_files' - NoWrap set but would overflow (child_size=50.0, offset=44.0, container=48.0)
[WARN] Layout overflow: 'Files' extends outside parent 'sidebar_working_files' bounds (child_rel=[44.0,0.0], child_size=[50.0,52.0], child_end=[94.0,52.0], parent_size=[48.0,52.0], gap=12.0, start_offset=0.0)
[WARN] Layout wrap: 'tree_review_progress' in parent 'changed_files_header' - NoWrap set but would overflow (child_size=128.0, offset=0.0, container=112.0)
[WARN] Layout overflow: 'tree_review_progress' extends outside parent 'changed_files_header' bounds (child_rel=[0.0,0.0], child_size=[128.0,64.0], child_end=[128.0,64.0], parent_size=[112.0,64.0], gap=0.0, start_offset=0.0)
[WARN] Layout wrap: 'tree_review_status:unreviewed' in parent 'commit_changed_file' - NoWrap set but would overflow (child_size=40.0, offset=64.0, container=100.0)
[WARN] Layout overflow: 'tree_review_status:unreviewed' extends outside parent 'commit_changed_file' bounds (child_rel=[64.0,0.0], child_size=[40.0,56.0], child_end=[104.0,56.0], parent_size=[100.0,56.0], gap=8.0, start_offset=0.0)
[WARN] Layout wrap: 'tree_additions' in parent 'commit_changed_file' - NoWrap set but would overflow (child_size=64.0, offset=112.0, container=100.0)
[WARN] Layout overflow: 'tree_additions' extends outside parent 'commit_changed_file' bounds (child_rel=[112.0,0.0], child_size=[64.0,56.0], child_end=[176.0,56.0], parent_size=[100.0,56.0], gap=8.0, start_offset=0.0)
[WARN] Layout wrap: 'history_branch' in parent 'log_header' - NoWrap set but would overflow (child_size=144.0, offset=0.0, container=112.0)
[WARN] Layout overflow: 'history_branch' extends outside parent 'log_header' bounds (child_rel=[0.0,0.0], child_size=[144.0,64.0], child_end=[144.0,64.0], parent_size=[112.0,64.0], gap=0.0, start_offset=0.0)
[WARN] Layout wrap: '' in parent '' - NoWrap set but would overflow (child_size=192.0, offset=16.0, container=96.0)
[WARN] Layout overflow: '' extends outside parent '' bounds (child_rel=[16.0,4.0], child_size=[192.0,40.0], child_end=[208.0,44.0], parent_size=[96.0,48.0], gap=16.0, start_offset=0.0)
[WARN] Layout wrap: 'Review' in parent 'sidebar_review' - NoWrap set but would overflow (child_size=77.0, offset=44.0, container=48.0)
[WARN] Layout overflow: 'Review' extends outside parent 'sidebar_review' bounds (child_rel=[44.0,0.0], child_size=[77.0,52.0], child_end=[121.0,52.0], parent_size=[48.0,52.0], gap=12.0, start_offset=0.0)
[WARN] Layout wrap: 'Files' in parent 'sidebar_working_files' - NoWrap set but would overflow (child_size=50.0, offset=44.0, container=48.0)
[WARN] Layout overflow: 'Files' extends outside parent 'sidebar_working_files' bounds (child_rel=[44.0,0.0], child_size=[50.0,52.0], child_end=[94.0,52.0], parent_size=[48.0,52.0], gap=12.0, start_offset=0.0)
[WARN] Layout wrap: 'tree_review_progress' in parent 'changed_files_header' - NoWrap set but would overflow (child_size=128.0, offset=0.0, container=112.0)
[WARN] Layout overflow: 'tree_review_progress' extends outside parent 'changed_files_header' bounds (child_rel=[0.0,0.0], child_size=[128.0,64.0], child_end=[128.0,64.0], parent_size=[112.0,64.0], gap=0.0, start_offset=0.0)
[WARN] Layout wrap: 'tree_review_status:unreviewed' in parent 'commit_changed_file' - NoWrap set but would overflow (child_size=40.0, offset=64.0, container=100.0)
[WARN] Layout overflow: 'tree_review_status:unreviewed' extends outside parent 'commit_changed_file' bounds (child_rel=[64.0,0.0], child_size=[40.0,56.0], child_end=[104.0,56.0], parent_size=[100.0,56.0], gap=8.0, start_offset=0.0)
[WARN] Layout wrap: 'tree_additions' in parent 'commit_changed_file' - NoWrap set but would overflow (child_size=64.0, offset=112.0, container=100.0)
[WARN] Layout overflow: 'tree_additions' extends outside parent 'commit_changed_file' bounds (child_rel=[112.0,0.0], child_size=[64.0,56.0], child_end=[176.0,56.0], parent_size=[100.0,56.0], gap=8.0, start_offset=0.0)
[WARN] Layout wrap: 'history_branch' in parent 'log_header' - NoWrap set but would overflow (child_size=144.0, offset=0.0, container=112.0)
[WARN] Layout overflow: 'history_branch' extends outside parent 'log_header' bounds (child_rel=[0.0,0.0], child_size=[144.0,64.0], child_end=[144.0,64.0], parent_size=[112.0,64.0], gap=0.0, start_offset=0.0)
[WARN] Layout wrap: '' in parent '' - NoWrap set but would overflow (child_size=192.0, offset=16.0, container=96.0)
[WARN] Layout overflow: '' extends outside parent '' bounds (child_rel=[16.0,4.0], child_size=[192.0,40.0], child_end=[208.0,44.0], parent_size=[96.0,48.0], gap=16.0, start_offset=0.0)
[WARN] Layout wrap: 'Review' in parent 'sidebar_review' - NoWrap set but would overflow (child_size=77.0, offset=44.0, container=48.0)
[WARN] Layout overflow: 'Review' extends outside parent 'sidebar_review' bounds (child_rel=[44.0,0.0], child_size=[77.0,52.0], child_end=[121.0,52.0], parent_size=[48.0,52.0], gap=12.0, start_offset=0.0)
[WARN] Layout wrap: 'Files' in parent 'sidebar_working_files' - NoWrap set but would overflow (child_size=50.0, offset=44.0, container=48.0)
[WARN] Layout overflow: 'Files' extends outside parent 'sidebar_working_files' bounds (child_rel=[44.0,0.0], child_size=[50.0,52.0], child_end=[94.0,52.0], parent_size=[48.0,52.0], gap=12.0, start_offset=0.0)
[WARN] Layout wrap: 'tree_review_progress' in parent 'changed_files_header' - NoWrap set but would overflow (child_size=128.0, offset=0.0, container=112.0)
[WARN] Layout overflow: 'tree_review_progress' extends outside parent 'changed_files_header' bounds (child_rel=[0.0,0.0], child_size=[128.0,64.0], child_end=[128.0,64.0], parent_size=[112.0,64.0], gap=0.0, start_offset=0.0)
[WARN] Layout wrap: 'tree_review_status:unreviewed' in parent 'commit_changed_file' - NoWrap set but would overflow (child_size=40.0, offset=64.0, container=100.0)
[WARN] Layout overflow: 'tree_review_status:unreviewed' extends outside parent 'commit_changed_file' bounds (child_rel=[64.0,0.0], child_size=[40.0,56.0], child_end=[104.0,56.0], parent_size=[100.0,56.0], gap=8.0, start_offset=0.0)
[WARN] Layout wrap: 'tree_additions' in parent 'commit_changed_file' - NoWrap set but would overflow (child_size=64.0, offset=112.0, container=100.0)
[WARN] Layout overflow: 'tree_additions' extends outside parent 'commit_changed_file' bounds (child_rel=[112.0,0.0], child_size=[64.0,56.0], child_end=[176.0,56.0], parent_size=[100.0,56.0], gap=8.0, start_offset=0.0)
[WARN] Layout wrap: 'history_branch' in parent 'log_header' - NoWrap set but would overflow (child_size=144.0, offset=0.0, container=112.0)
[WARN] Layout overflow: 'history_branch' extends outside parent 'log_header' bounds (child_rel=[0.0,0.0], child_size=[144.0,64.0], child_end=[144.0,64.0], parent_size=[112.0,64.0], gap=0.0, start_offset=0.0)
[WARN] Layout wrap: '' in parent '' - NoWrap set but would overflow (child_size=192.0, offset=16.0, container=96.0)
[WARN] Layout overflow: '' extends outside parent '' bounds (child_rel=[16.0,4.0], child_size=[192.0,40.0], child_end=[208.0,44.0], parent_size=[96.0,48.0], gap=16.0, start_offset=0.0)
[WARN] Layout wrap: 'Review' in parent 'sidebar_review' - NoWrap set but would overflow (child_size=77.0, offset=44.0, container=48.0)
[WARN] Layout overflow: 'Review' extends outside parent 'sidebar_review' bounds (child_rel=[44.0,0.0], child_size=[77.0,52.0], child_end=[121.0,52.0], parent_size=[48.0,52.0], gap=12.0, start_offset=0.0)
[WARN] Layout wrap: 'Files' in parent 'sidebar_working_files' - NoWrap set but would overflow (child_size=50.0, offset=44.0, container=48.0)
[WARN] Layout overflow: 'Files' extends outside parent 'sidebar_working_files' bounds (child_rel=[44.0,0.0], child_size=[50.0,52.0], child_end=[94.0,52.0], parent_size=[48.0,52.0], gap=12.0, start_offset=0.0)
[WARN] Layout wrap: 'tree_review_progress' in parent 'changed_files_header' - NoWrap set but would overflow (child_size=128.0, offset=0.0, container=112.0)
[WARN] Layout overflow: 'tree_review_progress' extends outside parent 'changed_files_header' bounds (child_rel=[0.0,0.0], child_size=[128.0,64.0], child_end=[128.0,64.0], parent_size=[112.0,64.0], gap=0.0, start_offset=0.0)
[WARN] Layout wrap: 'tree_review_status:unreviewed' in parent 'commit_changed_file' - NoWrap set but would overflow (child_size=40.0, offset=64.0, container=100.0)
[WARN] Layout overflow: 'tree_review_status:unreviewed' extends outside parent 'commit_changed_file' bounds (child_rel=[64.0,0.0], child_size=[40.0,56.0], child_end=[104.0,56.0], parent_size=[100.0,56.0], gap=8.0, start_offset=0.0)
[WARN] Layout wrap: 'tree_additions' in parent 'commit_changed_file' - NoWrap set but would overflow (child_size=64.0, offset=112.0, container=100.0)
[WARN] Layout overflow: 'tree_additions' extends outside parent 'commit_changed_file' bounds (child_rel=[112.0,0.0], child_size=[64.0,56.0], child_end=[176.0,56.0], parent_size=[100.0,56.0], gap=8.0, start_offset=0.0)
[WARN] Layout wrap: 'history_branch' in parent 'log_header' - NoWrap set but would overflow (child_size=144.0, offset=0.0, container=112.0)
[WARN] Layout overflow: 'history_branch' extends outside parent 'log_header' bounds (child_rel=[0.0,0.0], child_size=[144.0,64.0], child_end=[144.0,64.0], parent_size=[112.0,64.0], gap=0.0, start_offset=0.0)
[WARN] Layout wrap: '' in parent '' - NoWrap set but would overflow (child_size=192.0, offset=16.0, container=96.0)
[WARN] Layout overflow: '' extends outside parent '' bounds (child_rel=[16.0,4.0], child_size=[192.0,40.0], child_end=[208.0,44.0], parent_size=[96.0,48.0], gap=16.0, start_offset=0.0)
[WARN] Layout wrap: 'Review' in parent 'sidebar_review' - NoWrap set but would overflow (child_size=77.0, offset=44.0, container=48.0)
[WARN] Layout overflow: 'Review' extends outside parent 'sidebar_review' bounds (child_rel=[44.0,0.0], child_size=[77.0,52.0], child_end=[121.0,52.0], parent_size=[48.0,52.0], gap=12.0, start_offset=0.0)
[WARN] Layout wrap: 'Files' in parent 'sidebar_working_files' - NoWrap set but would overflow (child_size=50.0, offset=44.0, container=48.0)
[WARN] Layout overflow: 'Files' extends outside parent 'sidebar_working_files' bounds (child_rel=[44.0,0.0], child_size=[50.0,52.0], child_end=[94.0,52.0], parent_size=[48.0,52.0], gap=12.0, start_offset=0.0)
[WARN] Layout wrap: 'tree_review_progress' in parent 'changed_files_header' - NoWrap set but would overflow (child_size=128.0, offset=0.0, container=112.0)
[WARN] Layout overflow: 'tree_review_progress' extends outside parent 'changed_files_header' bounds (child_rel=[0.0,0.0], child_size=[128.0,64.0], child_end=[128.0,64.0], parent_size=[112.0,64.0], gap=0.0, start_offset=0.0)
[WARN] Layout wrap: 'tree_review_status:unreviewed' in parent 'commit_changed_file' - NoWrap set but would overflow (child_size=40.0, offset=64.0, container=100.0)
[WARN] Layout overflow: 'tree_review_status:unreviewed' extends outside parent 'commit_changed_file' bounds (child_rel=[64.0,0.0], child_size=[40.0,56.0], child_end=[104.0,56.0], parent_size=[100.0,56.0], gap=8.0, start_offset=0.0)
[WARN] Layout wrap: 'tree_additions' in parent 'commit_changed_file' - NoWrap set but would overflow (child_size=64.0, offset=112.0, container=100.0)
[WARN] Layout overflow: 'tree_additions' extends outside parent 'commit_changed_file' bounds (child_rel=[112.0,0.0], child_size=[64.0,56.0], child_end=[176.0,56.0], parent_size=[100.0,56.0], gap=8.0, start_offset=0.0)
[WARN] Layout wrap: 'history_branch' in parent 'log_header' - NoWrap set but would overflow (child_size=144.0, offset=0.0, container=112.0)
[WARN] Layout overflow: 'history_branch' extends outside parent 'log_header' bounds (child_rel=[0.0,0.0], child_size=[144.0,64.0], child_end=[144.0,64.0], parent_size=[112.0,64.0], gap=0.0, start_offset=0.0)
[WARN] Layout wrap: '' in parent '' - NoWrap set but would overflow (child_size=192.0, offset=16.0, container=96.0)
[WARN] Layout overflow: '' extends outside parent '' bounds (child_rel=[16.0,4.0], child_size=[192.0,40.0], child_end=[208.0,44.0], parent_size=[96.0,48.0], gap=16.0, start_offset=0.0)
[WARN] Layout wrap: 'Review' in parent 'sidebar_review' - NoWrap set but would overflow (child_size=77.0, offset=44.0, container=48.0)
[WARN] Layout overflow: 'Review' extends outside parent 'sidebar_review' bounds (child_rel=[44.0,0.0], child_size=[77.0,52.0], child_end=[121.0,52.0], parent_size=[48.0,52.0], gap=12.0, start_offset=0.0)
[WARN] Layout wrap: 'Files' in parent 'sidebar_working_files' - NoWrap set but would overflow (child_size=50.0, offset=44.0, container=48.0)
[WARN] Layout overflow: 'Files' extends outside parent 'sidebar_working_files' bounds (child_rel=[44.0,0.0], child_size=[50.0,52.0], child_end=[94.0,52.0], parent_size=[48.0,52.0], gap=12.0, start_offset=0.0)
[WARN] Layout wrap: 'tree_review_progress' in parent 'changed_files_header' - NoWrap set but would overflow (child_size=128.0, offset=0.0, container=112.0)
[WARN] Layout overflow: 'tree_review_progress' extends outside parent 'changed_files_header' bounds (child_rel=[0.0,0.0], child_size=[128.0,64.0], child_end=[128.0,64.0], parent_size=[112.0,64.0], gap=0.0, start_offset=0.0)
[WARN] Layout wrap: 'tree_review_status:unreviewed' in parent 'commit_changed_file' - NoWrap set but would overflow (child_size=40.0, offset=64.0, container=100.0)
[WARN] Layout overflow: 'tree_review_status:unreviewed' extends outside parent 'commit_changed_file' bounds (child_rel=[64.0,0.0], child_size=[40.0,56.0], child_end=[104.0,56.0], parent_size=[100.0,56.0], gap=8.0, start_offset=0.0)
[WARN] Layout wrap: 'tree_additions' in parent 'commit_changed_file' - NoWrap set but would overflow (child_size=64.0, offset=112.0, container=100.0)
[WARN] Layout overflow: 'tree_additions' extends outside parent 'commit_changed_file' bounds (child_rel=[112.0,0.0], child_size=[64.0,56.0], child_end=[176.0,56.0], parent_size=[100.0,56.0], gap=8.0, start_offset=0.0)
[WARN] Layout wrap: 'history_branch' in parent 'log_header' - NoWrap set but would overflow (child_size=144.0, offset=0.0, container=112.0)
[WARN] Layout overflow: 'history_branch' extends outside parent 'log_header' bounds (child_rel=[0.0,0.0], child_size=[144.0,64.0], child_end=[144.0,64.0], parent_size=[112.0,64.0], gap=0.0, start_offset=0.0)
[WARN] Layout wrap: '' in parent '' - NoWrap set but would overflow (child_size=192.0, offset=16.0, container=96.0)
[WARN] Layout overflow: '' extends outside parent '' bounds (child_rel=[16.0,4.0], child_size=[192.0,40.0], child_end=[208.0,44.0], parent_size=[96.0,48.0], gap=16.0, start_offset=0.0)
[WARN] Layout wrap: 'Review' in parent 'sidebar_review' - NoWrap set but would overflow (child_size=77.0, offset=44.0, container=48.0)
[WARN] Layout overflow: 'Review' extends outside parent 'sidebar_review' bounds (child_rel=[44.0,0.0], child_size=[77.0,52.0], child_end=[121.0,52.0], parent_size=[48.0,52.0], gap=12.0, start_offset=0.0)
[WARN] Layout wrap: 'Files' in parent 'sidebar_working_files' - NoWrap set but would overflow (child_size=50.0, offset=44.0, container=48.0)
[WARN] Layout overflow: 'Files' extends outside parent 'sidebar_working_files' bounds (child_rel=[44.0,0.0], child_size=[50.0,52.0], child_end=[94.0,52.0], parent_size=[48.0,52.0], gap=12.0, start_offset=0.0)
[WARN] Layout wrap: 'tree_review_progress' in parent 'changed_files_header' - NoWrap set but would overflow (child_size=128.0, offset=0.0, container=112.0)
[WARN] Layout overflow: 'tree_review_progress' extends outside parent 'changed_files_header' bounds (child_rel=[0.0,0.0], child_size=[128.0,64.0], child_end=[128.0,64.0], parent_size=[112.0,64.0], gap=0.0, start_offset=0.0)
[WARN] Layout wrap: 'tree_review_status:unreviewed' in parent 'commit_changed_file' - NoWrap set but would overflow (child_size=40.0, offset=64.0, container=100.0)
[WARN] Layout overflow: 'tree_review_status:unreviewed' extends outside parent 'commit_changed_file' bounds (child_rel=[64.0,0.0], child_size=[40.0,56.0], child_end=[104.0,56.0], parent_size=[100.0,56.0], gap=8.0, start_offset=0.0)
[WARN] Layout wrap: 'tree_additions' in parent 'commit_changed_file' - NoWrap set but would overflow (child_size=64.0, offset=112.0, container=100.0)
[WARN] Layout overflow: 'tree_additions' extends outside parent 'commit_changed_file' bounds (child_rel=[112.0,0.0], child_size=[64.0,56.0], child_end=[176.0,56.0], parent_size=[100.0,56.0], gap=8.0, start_offset=0.0)
[WARN] Layout wrap: 'history_branch' in parent 'log_header' - NoWrap set but would overflow (child_size=144.0, offset=0.0, container=112.0)
[WARN] Layout overflow: 'history_branch' extends outside parent 'log_header' bounds (child_rel=[0.0,0.0], child_size=[144.0,64.0], child_end=[144.0,64.0], parent_size=[112.0,64.0], gap=0.0, start_offset=0.0)
[WARN] Layout wrap: '' in parent '' - NoWrap set but would overflow (child_size=192.0, offset=16.0, container=96.0)
[WARN] Layout overflow: '' extends outside parent '' bounds (child_rel=[16.0,4.0], child_size=[192.0,40.0], child_end=[208.0,44.0], parent_size=[96.0,48.0], gap=16.0, start_offset=0.0)
[INFO] git: 110 ms (waited 0 ms for lock): git rev-parse
[INFO] git: 104 ms (waited 0 ms for lock): git rev-parse
[INFO] git: 108 ms (waited 0 ms for lock): git diff
[INFO] git: 46 ms (waited 0 ms for lock): git rev-parse
[INFO] git: 101 ms (waited 0 ms for lock): git rev-parse
[INFO] commit patch cache hit for 6ae60300523e5674b35e39a47545a3aa914f47e4
[INFO] git: 109 ms (waited 0 ms for lock): git rev-parse
[INFO] git: 97 ms (waited 0 ms for lock): git cat-file
[INFO] bench_frames: 120 frames, 117 entities: avg 1.44 ms  p50 1.21  p99 4.40  max 4.85
[INFO]     0.29 ms/frame  afterhours::ui::UIPluginRenderBridge<InputAction>
[INFO]     0.17 ms/frame  ecs::SidebarSystem
[INFO]     0.13 ms/frame  afterhours::ui::UIPluginPostUpdateBridge<InputAction>
[INFO]     0.08 ms/frame  ecs::MainContentSystem
[INFO]     0.07 ms/frame  ui::RenderWrappedTooltip<InputAction>
[INFO]     0.07 ms/frame  ecs::TabSyncSystem
[INFO]     0.03 ms/frame  ecs::StatusBarSystem
[INFO]     0.02 ms/frame  ecs::MenuBarSystem
[INFO] git: 130 ms (waited 0 ms for lock): git ls-tree
[INFO] expect_p99_below: 4.40ms <= 20.00ms (PASS)
[INFO] E2E finished in 3.20 seconds
[INFO] git: 24 ms (waited 0 ms for lock): git cat-file
