[INFO] Process start to main: 39 ms
[INFO] Registered singleton 0 for afterhours::files::ProvidesResourcePaths (0)
[INFO] Settings loaded from /Users/gabeochoa/Library/Application Support/floatinghotel/settings.json
[INFO] Pre-graphics init: 3 ms
[INFO]   Window+GPU init: 145 ms
[INFO] Registered singleton 1 for afterhours::input::InputCollector (1)
[INFO] Registered singleton 1 for afterhours::input::ProvidesMaxGamepadID (2)
[INFO] Registered singleton 1 for afterhours::input::ProvidesInputMapping (3)
[INFO] Registered singleton 1 for afterhours::input::ProvidesInputConfig (4)
[WARN] try_load_gamepad_mappings: no backend configured
[INFO] Registered singleton 1 for afterhours::window_manager::ProvidesTargetFPS (5)
[INFO] Registered singleton 1 for afterhours::window_manager::ProvidesCurrentResolution (6)
[INFO] Registered singleton 1 for afterhours::window_manager::ProvidesAvailableWindowResolutions (7)
[INFO] Registered singleton 2 for afterhours::ui::UIContext<InputAction> (8)
[INFO] Registered singleton 2 for afterhours::ui::FontManager (9)
[INFO] Registered singleton 2 for afterhours::ui::TextMeasureCache (10)
[INFO] Registered singleton 2 for afterhours::ui::UIEntityMappingCache (11)
[INFO] Registered singleton 2 for afterhours::ui::DragGroupState (12)
[INFO]   Preload+fonts: 0 ms
[INFO] Registered singleton 6 for afterhours::modal::ModalRoot (28)
[INFO] Registered singleton 7 for afterhours::ui::TooltipState (29)
[INFO]   Systems registration: 0 ms
[INFO] Startup time: 146 ms (from graphics::run to app_init done)
[INFO] [Validation] No UI violations detected
[INFO] git: 124 ms (waited 0 ms for lock): git ls-files
[INFO] git: 132 ms (waited 0 ms for lock): git status
[INFO] refresh: status ready at 133 ms
[INFO] git: 135 ms (waited 0 ms for lock): git log
[INFO] commits loaded: 1 commits, 138 ms after refresh requested, 338 ms since process start
[INFO] git: 125 ms (waited 0 ms for lock): git branch
[INFO] refresh: branches ready at 259 ms
[INFO] git: 155 ms (waited 0 ms for lock): git diff
[INFO] refresh: diff ready at 280 ms
[INFO] git: 170 ms (waited 0 ms for lock): git diff
[INFO] refresh: done in 307 ms
[WARN] Layout wrap: 'Review' in parent 'sidebar_review' - NoWrap set but would overflow (child_size=77.0, offset=44.0, container=73.0)
[WARN] Layout overflow: 'Review' extends outside parent 'sidebar_review' bounds (child_rel=[44.0,0.0], child_size=[77.0,52.0], child_end=[121.0,52.0], parent_size=[73.0,52.0], gap=12.0, start_offset=0.0)
[WARN] Layout wrap: 'Files' in parent 'sidebar_working_files' - NoWrap set but would overflow (child_size=50.0, offset=44.0, container=73.0)
[WARN] Layout overflow: 'Files' extends outside parent 'sidebar_working_files' bounds (child_rel=[44.0,0.0], child_size=[50.0,52.0], child_end=[94.0,52.0], parent_size=[73.0,52.0], gap=12.0, start_offset=0.0)
[WARN] Layout wrap: '' in parent 'review_changed_files' - NoWrap set but would overflow (child_size=76.0, offset=64.0, container=129.6)
[WARN] Layout overflow: '' extends outside parent 'review_changed_files' bounds (child_rel=[0.0,64.0], child_size=[214.0,76.0], child_end=[214.0,140.0], parent_size=[214.0,129.6], gap=0.0, start_offset=0.0)
[WARN] Layout wrap: 'commit_files_scroll' in parent 'review_changed_files' - NoWrap set but would overflow (child_size=0.0, offset=140.0, container=129.6)
[WARN] Layout overflow: 'commit_files_scroll' extends outside parent 'review_changed_files' bounds (child_rel=[0.0,140.0], child_size=[214.0,0.0], child_end=[214.0,140.0], parent_size=[214.0,129.6], gap=0.0, start_offset=0.0)
[WARN] Layout wrap: '' in parent '' - NoWrap set but would overflow (child_size=192.0, offset=16.0, container=146.0)
[WARN] Layout overflow: '' extends outside parent '' bounds (child_rel=[16.0,4.0], child_size=[192.0,40.0], child_end=[208.0,44.0], parent_size=[146.0,48.0], gap=16.0, start_offset=0.0)
[WARN] Layout wrap: 'Review' in parent 'sidebar_review' - NoWrap set but would overflow (child_size=77.0, offset=44.0, container=73.0)
[WARN] Layout overflow: 'Review' extends outside parent 'sidebar_review' bounds (child_rel=[44.0,0.0], child_size=[77.0,52.0], child_end=[121.0,52.0], parent_size=[73.0,52.0], gap=12.0, start_offset=0.0)
[WARN] Layout wrap: 'Files' in parent 'sidebar_working_files' - NoWrap set but would overflow (child_size=50.0, offset=44.0, container=73.0)
[WARN] Layout overflow: 'Files' extends outside parent 'sidebar_working_files' bounds (child_rel=[44.0,0.0], child_size=[50.0,52.0], child_end=[94.0,52.0], parent_size=[73.0,52.0], gap=12.0, start_offset=0.0)
[WARN] Layout wrap: '' in parent 'review_changed_files' - NoWrap set but would overflow (child_size=76.0, offset=64.0, container=129.6)
[WARN] Layout overflow: '' extends outside parent 'review_changed_files' bounds (child_rel=[0.0,64.0], child_size=[214.0,76.0], child_end=[214.0,140.0], parent_size=[214.0,129.6], gap=0.0, start_offset=0.0)
[WARN] Layout wrap: 'commit_files_scroll' in parent 'review_changed_files' - NoWrap set but would overflow (child_size=0.0, offset=140.0, container=129.6)
[WARN] Layout overflow: 'commit_files_scroll' extends outside parent 'review_changed_files' bounds (child_rel=[0.0,140.0], child_size=[214.0,0.0], child_end=[214.0,140.0], parent_size=[214.0,129.6], gap=0.0, start_offset=0.0)
[WARN] Layout wrap: '' in parent '' - NoWrap set but would overflow (child_size=192.0, offset=16.0, container=146.0)
[WARN] Layout overflow: '' extends outside parent '' bounds (child_rel=[16.0,4.0], child_size=[192.0,40.0], child_end=[208.0,44.0], parent_size=[146.0,48.0], gap=16.0, start_offset=0.0)
[WARN] Layout wrap: 'Review' in parent 'sidebar_review' - NoWrap set but would overflow (child_size=77.0, offset=44.0, container=73.0)
[WARN] Layout overflow: 'Review' extends outside parent 'sidebar_review' bounds (child_rel=[44.0,0.0], child_size=[77.0,52.0], child_end=[121.0,52.0], parent_size=[73.0,52.0], gap=12.0, start_offset=0.0)
[WARN] Layout wrap: 'Files' in parent 'sidebar_working_files' - NoWrap set but would overflow (child_size=50.0, offset=44.0, container=73.0)
[WARN] Layout overflow: 'Files' extends outside parent 'sidebar_working_files' bounds (child_rel=[44.0,0.0], child_size=[50.0,52.0], child_end=[94.0,52.0], parent_size=[73.0,52.0], gap=12.0, start_offset=0.0)
[WARN] Layout wrap: '' in parent 'review_changed_files' - NoWrap set but would overflow (child_size=76.0, offset=64.0, container=129.6)
[WARN] Layout overflow: '' extends outside parent 'review_changed_files' bounds (child_rel=[0.0,64.0], child_size=[214.0,76.0], child_end=[214.0,140.0], parent_size=[214.0,129.6], gap=0.0, start_offset=0.0)
[WARN] Layout wrap: 'commit_files_scroll' in parent 'review_changed_files' - NoWrap set but would overflow (child_size=0.0, offset=140.0, container=129.6)
[WARN] Layout overflow: 'commit_files_scroll' extends outside parent 'review_changed_files' bounds (child_rel=[0.0,140.0], child_size=[214.0,0.0], child_end=[214.0,140.0], parent_size=[214.0,129.6], gap=0.0, start_offset=0.0)
[WARN] Layout wrap: '' in parent '' - NoWrap set but would overflow (child_size=192.0, offset=16.0, container=146.0)
[WARN] Layout overflow: '' extends outside parent '' bounds (child_rel=[16.0,4.0], child_size=[192.0,40.0], child_end=[208.0,44.0], parent_size=[146.0,48.0], gap=16.0, start_offset=0.0)
[WARN] Layout wrap: 'Review' in parent 'sidebar_review' - NoWrap set but would overflow (child_size=77.0, offset=44.0, container=73.0)
[WARN] Layout overflow: 'Review' extends outside parent 'sidebar_review' bounds (child_rel=[44.0,0.0], child_size=[77.0,52.0], child_end=[121.0,52.0], parent_size=[73.0,52.0], gap=12.0, start_offset=0.0)
[WARN] Layout wrap: 'Files' in parent 'sidebar_working_files' - NoWrap set but would overflow (child_size=50.0, offset=44.0, container=73.0)
[WARN] Layout overflow: 'Files' extends outside parent 'sidebar_working_files' bounds (child_rel=[44.0,0.0], child_size=[50.0,52.0], child_end=[94.0,52.0], parent_size=[73.0,52.0], gap=12.0, start_offset=0.0)
[WARN] Layout wrap: '' in parent 'review_changed_files' - NoWrap set but would overflow (child_size=76.0, offset=64.0, container=129.6)
[WARN] Layout overflow: '' extends outside parent 'review_changed_files' bounds (child_rel=[0.0,64.0], child_size=[214.0,76.0], child_end=[214.0,140.0], parent_size=[214.0,129.6], gap=0.0, start_offset=0.0)
[WARN] Layout wrap: 'commit_files_scroll' in parent 'review_changed_files' - NoWrap set but would overflow (child_size=0.0, offset=140.0, container=129.6)
[WARN] Layout overflow: 'commit_files_scroll' extends outside parent 'review_changed_files' bounds (child_rel=[0.0,140.0], child_size=[214.0,0.0], child_end=[214.0,140.0], parent_size=[214.0,129.6], gap=0.0, start_offset=0.0)
[WARN] Layout wrap: '' in parent '' - NoWrap set but would overflow (child_size=192.0, offset=16.0, container=146.0)
[WARN] Layout overflow: '' extends outside parent '' bounds (child_rel=[16.0,4.0], child_size=[192.0,40.0], child_end=[208.0,44.0], parent_size=[146.0,48.0], gap=16.0, start_offset=0.0)
[WARN] Layout wrap: 'Review' in parent 'sidebar_review' - NoWrap set but would overflow (child_size=77.0, offset=44.0, container=73.0)
[WARN] Layout overflow: 'Review' extends outside parent 'sidebar_review' bounds (child_rel=[44.0,0.0], child_size=[77.0,52.0], child_end=[121.0,52.0], parent_size=[73.0,52.0], gap=12.0, start_offset=0.0)
[WARN] Layout wrap: 'Files' in parent 'sidebar_working_files' - NoWrap set but would overflow (child_size=50.0, offset=44.0, container=73.0)
[WARN] Layout overflow: 'Files' extends outside parent 'sidebar_working_files' bounds (child_rel=[44.0,0.0], child_size=[50.0,52.0], child_end=[94.0,52.0], parent_size=[73.0,52.0], gap=12.0, start_offset=0.0)
[WARN] Layout wrap: '' in parent 'review_changed_files' - NoWrap set but would overflow (child_size=76.0, offset=64.0, container=129.6)
[WARN] Layout overflow: '' extends outside parent 'review_changed_files' bounds (child_rel=[0.0,64.0], child_size=[214.0,76.0], child_end=[214.0,140.0], parent_size=[214.0,129.6], gap=0.0, start_offset=0.0)
[WARN] Layout wrap: 'commit_files_scroll' in parent 'review_changed_files' - NoWrap set but would overflow (child_size=0.0, offset=140.0, container=129.6)
[WARN] Layout overflow: 'commit_files_scroll' extends outside parent 'review_changed_files' bounds (child_rel=[0.0,140.0], child_size=[214.0,0.0], child_end=[214.0,140.0], parent_size=[214.0,129.6], gap=0.0, start_offset=0.0)
[WARN] Layout wrap: '' in parent '' - NoWrap set but would overflow (child_size=192.0, offset=16.0, container=146.0)
[WARN] Layout overflow: '' extends outside parent '' bounds (child_rel=[16.0,4.0], child_size=[192.0,40.0], child_end=[208.0,44.0], parent_size=[146.0,48.0], gap=16.0, start_offset=0.0)
[WARN] Layout wrap: 'Review' in parent 'sidebar_review' - NoWrap set but would overflow (child_size=77.0, offset=44.0, container=73.0)
[WARN] Layout overflow: 'Review' extends outside parent 'sidebar_review' bounds (child_rel=[44.0,0.0], child_size=[77.0,52.0], child_end=[121.0,52.0], parent_size=[73.0,52.0], gap=12.0, start_offset=0.0)
[WARN] Layout wrap: 'Files' in parent 'sidebar_working_files' - NoWrap set but would overflow (child_size=50.0, offset=44.0, container=73.0)
[WARN] Layout overflow: 'Files' extends outside parent 'sidebar_working_files' bounds (child_rel=[44.0,0.0], child_size=[50.0,52.0], child_end=[94.0,52.0], parent_size=[73.0,52.0], gap=12.0, start_offset=0.0)
[WARN] Layout wrap: '' in parent 'review_changed_files' - NoWrap set but would overflow (child_size=76.0, offset=64.0, container=129.6)
[WARN] Layout overflow: '' extends outside parent 'review_changed_files' bounds (child_rel=[0.0,64.0], child_size=[214.0,76.0], child_end=[214.0,140.0], parent_size=[214.0,129.6], gap=0.0, start_offset=0.0)
[WARN] Layout wrap: 'commit_files_scroll' in parent 'review_changed_files' - NoWrap set but would overflow (child_size=0.0, offset=140.0, container=129.6)
[WARN] Layout overflow: 'commit_files_scroll' extends outside parent 'review_changed_files' bounds (child_rel=[0.0,140.0], child_size=[214.0,0.0], child_end=[214.0,140.0], parent_size=[214.0,129.6], gap=0.0, start_offset=0.0)
[WARN] Layout wrap: '' in parent '' - NoWrap set but would overflow (child_size=192.0, offset=16.0, container=146.0)
[WARN] Layout overflow: '' extends outside parent '' bounds (child_rel=[16.0,4.0], child_size=[192.0,40.0], child_end=[208.0,44.0], parent_size=[146.0,48.0], gap=16.0, start_offset=0.0)
[WARN] Layout wrap: 'Review' in parent 'sidebar_review' - NoWrap set but would overflow (child_size=77.0, offset=44.0, container=73.0)
[WARN] Layout overflow: 'Review' extends outside parent 'sidebar_review' bounds (child_rel=[44.0,0.0], child_size=[77.0,52.0], child_end=[121.0,52.0], parent_size=[73.0,52.0], gap=12.0, start_offset=0.0)
[WARN] Layout wrap: 'Files' in parent 'sidebar_working_files' - NoWrap set but would overflow (child_size=50.0, offset=44.0, container=73.0)
[WARN] Layout overflow: 'Files' extends outside parent 'sidebar_working_files' bounds (child_rel=[44.0,0.0], child_size=[50.0,52.0], child_end=[94.0,52.0], parent_size=[73.0,52.0], gap=12.0, start_offset=0.0)
[WARN] Layout wrap: '' in parent 'review_changed_files' - NoWrap set but would overflow (child_size=76.0, offset=64.0, container=129.6)
[WARN] Layout overflow: '' extends outside parent 'review_changed_files' bounds (child_rel=[0.0,64.0], child_size=[214.0,76.0], child_end=[214.0,140.0], parent_size=[214.0,129.6], gap=0.0, start_offset=0.0)
[WARN] Layout wrap: 'commit_files_scroll' in parent 'review_changed_files' - NoWrap set but would overflow (child_size=0.0, offset=140.0, container=129.6)
[WARN] Layout overflow: 'commit_files_scroll' extends outside parent 'review_changed_files' bounds (child_rel=[0.0,140.0], child_size=[214.0,0.0], child_end=[214.0,140.0], parent_size=[214.0,129.6], gap=0.0, start_offset=0.0)
[WARN] Layout wrap: '' in parent '' - NoWrap set but would overflow (child_size=192.0, offset=16.0, container=146.0)
[WARN] Layout overflow: '' extends outside parent '' bounds (child_rel=[16.0,4.0], child_size=[192.0,40.0], child_end=[208.0,44.0], parent_size=[146.0,48.0], gap=16.0, start_offset=0.0)
[WARN] Layout wrap: 'Review' in parent 'sidebar_review' - NoWrap set but would overflow (child_size=77.0, offset=44.0, container=73.0)
[WARN] Layout overflow: 'Review' extends outside parent 'sidebar_review' bounds (child_rel=[44.0,0.0], child_size=[77.0,52.0], child_end=[121.0,52.0], parent_size=[73.0,52.0], gap=12.0, start_offset=0.0)
[WARN] Layout wrap: 'Files' in parent 'sidebar_working_files' - NoWrap set but would overflow (child_size=50.0, offset=44.0, container=73.0)
[WARN] Layout overflow: 'Files' extends outside parent 'sidebar_working_files' bounds (child_rel=[44.0,0.0], child_size=[50.0,52.0], child_end=[94.0,52.0], parent_size=[73.0,52.0], gap=12.0, start_offset=0.0)
[WARN] Layout wrap: '' in parent 'review_changed_files' - NoWrap set but would overflow (child_size=76.0, offset=64.0, container=129.6)
[WARN] Layout overflow: '' extends outside parent 'review_changed_files' bounds (child_rel=[0.0,64.0], child_size=[214.0,76.0], child_end=[214.0,140.0], parent_size=[214.0,129.6], gap=0.0, start_offset=0.0)
[WARN] Layout wrap: 'commit_files_scroll' in parent 'review_changed_files' - NoWrap set but would overflow (child_size=0.0, offset=140.0, container=129.6)
[WARN] Layout overflow: 'commit_files_scroll' extends outside parent 'review_changed_files' bounds (child_rel=[0.0,140.0], child_size=[214.0,0.0], child_end=[214.0,140.0], parent_size=[214.0,129.6], gap=0.0, start_offset=0.0)
[WARN] Layout wrap: '' in parent '' - NoWrap set but would overflow (child_size=192.0, offset=16.0, container=146.0)
[WARN] Layout overflow: '' extends outside parent '' bounds (child_rel=[16.0,4.0], child_size=[192.0,40.0], child_end=[208.0,44.0], parent_size=[146.0,48.0], gap=16.0, start_offset=0.0)
[WARN] Layout wrap: 'Review' in parent 'sidebar_review' - NoWrap set but would overflow (child_size=77.0, offset=44.0, container=73.0)
[WARN] Layout overflow: 'Review' extends outside parent 'sidebar_review' bounds (child_rel=[44.0,0.0], child_size=[77.0,52.0], child_end=[121.0,52.0], parent_size=[73.0,52.0], gap=12.0, start_offset=0.0)
[WARN] Layout wrap: 'Files' in parent 'sidebar_working_files' - NoWrap set but would overflow (child_size=50.0, offset=44.0, container=73.0)
[WARN] Layout overflow: 'Files' extends outside parent 'sidebar_working_files' bounds (child_rel=[44.0,0.0], child_size=[50.0,52.0], child_end=[94.0,52.0], parent_size=[73.0,52.0], gap=12.0, start_offset=0.0)
[WARN] Layout wrap: '' in parent 'review_changed_files' - NoWrap set but would overflow (child_size=76.0, offset=64.0, container=129.6)
[WARN] Layout overflow: '' extends outside parent 'review_changed_files' bounds (child_rel=[0.0,64.0], child_size=[214.0,76.0], child_end=[214.0,140.0], parent_size=[214.0,129.6], gap=0.0, start_offset=0.0)
[WARN] Layout wrap: 'commit_files_scroll' in parent 'review_changed_files' - NoWrap set but would overflow (child_size=0.0, offset=140.0, container=129.6)
[WARN] Layout overflow: 'commit_files_scroll' extends outside parent 'review_changed_files' bounds (child_rel=[0.0,140.0], child_size=[214.0,0.0], child_end=[214.0,140.0], parent_size=[214.0,129.6], gap=0.0, start_offset=0.0)
[WARN] Layout wrap: '' in parent '' - NoWrap set but would overflow (child_size=192.0, offset=16.0, container=146.0)
[WARN] Layout overflow: '' extends outside parent '' bounds (child_rel=[16.0,4.0], child_size=[192.0,40.0], child_end=[208.0,44.0], parent_size=[146.0,48.0], gap=16.0, start_offset=0.0)
[WARN] Layout wrap: 'Review' in parent 'sidebar_review' - NoWrap set but would overflow (child_size=77.0, offset=44.0, container=73.0)
[WARN] Layout overflow: 'Review' extends outside parent 'sidebar_review' bounds (child_rel=[44.0,0.0], child_size=[77.0,52.0], child_end=[121.0,52.0], parent_size=[73.0,52.0], gap=12.0, start_offset=0.0)
[WARN] Layout wrap: 'Files' in parent 'sidebar_working_files' - NoWrap set but would overflow (child_size=50.0, offset=44.0, container=73.0)
[WARN] Layout overflow: 'Files' extends outside parent 'sidebar_working_files' bounds (child_rel=[44.0,0.0], child_size=[50.0,52.0], child_end=[94.0,52.0], parent_size=[73.0,52.0], gap=12.0, start_offset=0.0)
[WARN] Layout wrap: '' in parent 'review_changed_files' - NoWrap set but would overflow (child_size=76.0, offset=64.0, container=129.6)
[WARN] Layout overflow: '' extends outside parent 'review_changed_files' bounds (child_rel=[0.0,64.0], child_size=[214.0,76.0], child_end=[214.0,140.0], parent_size=[214.0,129.6], gap=0.0, start_offset=0.0)
[WARN] Layout wrap: 'commit_files_scroll' in parent 'review_changed_files' - NoWrap set but would overflow (child_size=0.0, offset=140.0, container=129.6)
[WARN] Layout overflow: 'commit_files_scroll' extends outside parent 'review_changed_files' bounds (child_rel=[0.0,140.0], child_size=[214.0,0.0], child_end=[214.0,140.0], parent_size=[214.0,129.6], gap=0.0, start_offset=0.0)
[WARN] Layout wrap: '' in parent '' - NoWrap set but would overflow (child_size=192.0, offset=16.0, container=146.0)
[WARN] Layout overflow: '' extends outside parent '' bounds (child_rel=[16.0,4.0], child_size=[192.0,40.0], child_end=[208.0,44.0], parent_size=[146.0,48.0], gap=16.0, start_offset=0.0)
[WARN] Layout wrap: 'Review' in parent 'sidebar_review' - NoWrap set but would overflow (child_size=77.0, offset=44.0, container=73.0)
[WARN] Layout overflow: 'Review' extends outside parent 'sidebar_review' bounds (child_rel=[44.0,0.0], child_size=[77.0,52.0], child_end=[121.0,52.0], parent_size=[73.0,52.0], gap=12.0, start_offset=0.0)
[WARN] Layout wrap: 'Files' in parent 'sidebar_working_files' - NoWrap set but would overflow (child_size=50.0, offset=44.0, container=73.0)
[WARN] Layout overflow: 'Files' extends outside parent 'sidebar_working_files' bounds (child_rel=[44.0,0.0], child_size=[50.0,52.0], child_end=[94.0,52.0], parent_size=[73.0,52.0], gap=12.0, start_offset=0.0)
[WARN] Layout wrap: '' in parent 'review_changed_files' - NoWrap set but would overflow (child_size=76.0, offset=64.0, container=129.6)
[WARN] Layout overflow: '' extends outside parent 'review_changed_files' bounds (child_rel=[0.0,64.0], child_size=[214.0,76.0], child_end=[214.0,140.0], parent_size=[214.0,129.6], gap=0.0, start_offset=0.0)
[WARN] Layout wrap: 'commit_files_scroll' in parent 'review_changed_files' - NoWrap set but would overflow (child_size=0.0, offset=140.0, container=129.6)
[WARN] Layout overflow: 'commit_files_scroll' extends outside parent 'review_changed_files' bounds (child_rel=[0.0,140.0], child_size=[214.0,0.0], child_end=[214.0,140.0], parent_size=[214.0,129.6], gap=0.0, start_offset=0.0)
[WARN] Layout wrap: '' in parent '' - NoWrap set but would overflow (child_size=192.0, offset=16.0, container=146.0)
[WARN] Layout overflow: '' extends outside parent '' bounds (child_rel=[16.0,4.0], child_size=[192.0,40.0], child_end=[208.0,44.0], parent_size=[146.0,48.0], gap=16.0, start_offset=0.0)
[WARN] Layout wrap: 'Review' in parent 'sidebar_review' - NoWrap set but would overflow (child_size=77.0, offset=44.0, container=73.0)
[WARN] Layout overflow: 'Review' extends outside parent 'sidebar_review' bounds (child_rel=[44.0,0.0], child_size=[77.0,52.0], child_end=[121.0,52.0], parent_size=[73.0,52.0], gap=12.0, start_offset=0.0)
[WARN] Layout wrap: 'Files' in parent 'sidebar_working_files' - NoWrap set but would overflow (child_size=50.0, offset=44.0, container=73.0)
[WARN] Layout overflow: 'Files' extends outside parent 'sidebar_working_files' bounds (child_rel=[44.0,0.0], child_size=[50.0,52.0], child_end=[94.0,52.0], parent_size=[73.0,52.0], gap=12.0, start_offset=0.0)
[WARN] Layout wrap: '' in parent 'review_changed_files' - NoWrap set but would overflow (child_size=76.0, offset=64.0, container=129.6)
[WARN] Layout overflow: '' extends outside parent 'review_changed_files' bounds (child_rel=[0.0,64.0], child_size=[214.0,76.0], child_end=[214.0,140.0], parent_size=[214.0,129.6], gap=0.0, start_offset=0.0)
[WARN] Layout wrap: 'commit_files_scroll' in parent 'review_changed_files' - NoWrap set but would overflow (child_size=0.0, offset=140.0, container=129.6)
[WARN] Layout overflow: 'commit_files_scroll' extends outside parent 'review_changed_files' bounds (child_rel=[0.0,140.0], child_size=[214.0,0.0], child_end=[214.0,140.0], parent_size=[214.0,129.6], gap=0.0, start_offset=0.0)
[WARN] Layout wrap: '' in parent '' - NoWrap set but would overflow (child_size=192.0, offset=16.0, container=146.0)
[WARN] Layout overflow: '' extends outside parent '' bounds (child_rel=[16.0,4.0], child_size=[192.0,40.0], child_end=[208.0,44.0], parent_size=[146.0,48.0], gap=16.0, start_offset=0.0)
[WARN] Layout wrap: 'Review' in parent 'sidebar_review' - NoWrap set but would overflow (child_size=77.0, offset=44.0, container=73.0)
[WARN] Layout overflow: 'Review' extends outside parent 'sidebar_review' bounds (child_rel=[44.0,0.0], child_size=[77.0,52.0], child_end=[121.0,52.0], parent_size=[73.0,52.0], gap=12.0, start_offset=0.0)
[WARN] Layout wrap: 'Files' in parent 'sidebar_working_files' - NoWrap set but would overflow (child_size=50.0, offset=44.0, container=73.0)
[WARN] Layout overflow: 'Files' extends outside parent 'sidebar_working_files' bounds (child_rel=[44.0,0.0], child_size=[50.0,52.0], child_end=[94.0,52.0], parent_size=[73.0,52.0], gap=12.0, start_offset=0.0)
[WARN] Layout wrap: '' in parent 'review_changed_files' - NoWrap set but would overflow (child_size=76.0, offset=64.0, container=129.6)
[WARN] Layout overflow: '' extends outside parent 'review_changed_files' bounds (child_rel=[0.0,64.0], child_size=[214.0,76.0], child_end=[214.0,140.0], parent_size=[214.0,129.6], gap=0.0, start_offset=0.0)
[WARN] Layout wrap: 'commit_files_scroll' in parent 'review_changed_files' - NoWrap set but would overflow (child_size=0.0, offset=140.0, container=129.6)
[WARN] Layout overflow: 'commit_files_scroll' extends outside parent 'review_changed_files' bounds (child_rel=[0.0,140.0], child_size=[214.0,0.0], child_end=[214.0,140.0], parent_size=[214.0,129.6], gap=0.0, start_offset=0.0)
[WARN] Layout wrap: '' in parent '' - NoWrap set but would overflow (child_size=192.0, offset=16.0, container=146.0)
[WARN] Layout overflow: '' extends outside parent '' bounds (child_rel=[16.0,4.0], child_size=[192.0,40.0], child_end=[208.0,44.0], parent_size=[146.0,48.0], gap=16.0, start_offset=0.0)
[WARN] Layout wrap: 'Review' in parent 'sidebar_review' - NoWrap set but would overflow (child_size=77.0, offset=44.0, container=73.0)
[WARN] Layout overflow: 'Review' extends outside parent 'sidebar_review' bounds (child_rel=[44.0,0.0], child_size=[77.0,52.0], child_end=[121.0,52.0], parent_size=[73.0,52.0], gap=12.0, start_offset=0.0)
[WARN] Layout wrap: 'Files' in parent 'sidebar_working_files' - NoWrap set but would overflow (child_size=50.0, offset=44.0, container=73.0)
[WARN] Layout overflow: 'Files' extends outside parent 'sidebar_working_files' bounds (child_rel=[44.0,0.0], child_size=[50.0,52.0], child_end=[94.0,52.0], parent_size=[73.0,52.0], gap=12.0, start_offset=0.0)
[WARN] Layout wrap: '' in parent 'review_changed_files' - NoWrap set but would overflow (child_size=76.0, offset=64.0, container=129.6)
[WARN] Layout overflow: '' extends outside parent 'review_changed_files' bounds (child_rel=[0.0,64.0], child_size=[214.0,76.0], child_end=[214.0,140.0], parent_size=[214.0,129.6], gap=0.0, start_offset=0.0)
[WARN] Layout wrap: 'commit_files_scroll' in parent 'review_changed_files' - NoWrap set but would overflow (child_size=0.0, offset=140.0, container=129.6)
[WARN] Layout overflow: 'commit_files_scroll' extends outside parent 'review_changed_files' bounds (child_rel=[0.0,140.0], child_size=[214.0,0.0], child_end=[214.0,140.0], parent_size=[214.0,129.6], gap=0.0, start_offset=0.0)
[WARN] Layout wrap: '' in parent '' - NoWrap set but would overflow (child_size=192.0, offset=16.0, container=146.0)
[WARN] Layout overflow: '' extends outside parent '' bounds (child_rel=[16.0,4.0], child_size=[192.0,40.0], child_end=[208.0,44.0], parent_size=[146.0,48.0], gap=16.0, start_offset=0.0)
[WARN] Layout wrap: 'Review' in parent 'sidebar_review' - NoWrap set but would overflow (child_size=77.0, offset=44.0, container=73.0)
[WARN] Layout overflow: 'Review' extends outside parent 'sidebar_review' bounds (child_rel=[44.0,0.0], child_size=[77.0,52.0], child_end=[121.0,52.0], parent_size=[73.0,52.0], gap=12.0, start_offset=0.0)
[WARN] Layout wrap: 'Files' in parent 'sidebar_working_files' - NoWrap set but would overflow (child_size=50.0, offset=44.0, container=73.0)
[WARN] Layout overflow: 'Files' extends outside parent 'sidebar_working_files' bounds (child_rel=[44.0,0.0], child_size=[50.0,52.0], child_end=[94.0,52.0], parent_size=[73.0,52.0], gap=12.0, start_offset=0.0)
[WARN] Layout wrap: '' in parent 'review_changed_files' - NoWrap set but would overflow (child_size=76.0, offset=64.0, container=129.6)
[WARN] Layout overflow: '' extends outside parent 'review_changed_files' bounds (child_rel=[0.0,64.0], child_size=[214.0,76.0], child_end=[214.0,140.0], parent_size=[214.0,129.6], gap=0.0, start_offset=0.0)
[WARN] Layout wrap: 'commit_files_scroll' in parent 'review_changed_files' - NoWrap set but would overflow (child_size=0.0, offset=140.0, container=129.6)
[WARN] Layout overflow: 'commit_files_scroll' extends outside parent 'review_changed_files' bounds (child_rel=[0.0,140.0], child_size=[214.0,0.0], child_end=[214.0,140.0], parent_size=[214.0,129.6], gap=0.0, start_offset=0.0)
[WARN] Layout wrap: '' in parent '' - NoWrap set but would overflow (child_size=192.0, offset=16.0, container=146.0)
[WARN] Layout overflow: '' extends outside parent '' bounds (child_rel=[16.0,4.0], child_size=[192.0,40.0], child_end=[208.0,44.0], parent_size=[146.0,48.0], gap=16.0, start_offset=0.0)
[WARN] Layout wrap: 'Review' in parent 'sidebar_review' - NoWrap set but would overflow (child_size=77.0, offset=44.0, container=73.0)
[WARN] Layout overflow: 'Review' extends outside parent 'sidebar_review' bounds (child_rel=[44.0,0.0], child_size=[77.0,52.0], child_end=[121.0,52.0], parent_size=[73.0,52.0], gap=12.0, start_offset=0.0)
[WARN] Layout wrap: 'Files' in parent 'sidebar_working_files' - NoWrap set but would overflow (child_size=50.0, offset=44.0, container=73.0)
[WARN] Layout overflow: 'Files' extends outside parent 'sidebar_working_files' bounds (child_rel=[44.0,0.0], child_size=[50.0,52.0], child_end=[94.0,52.0], parent_size=[73.0,52.0], gap=12.0, start_offset=0.0)
[WARN] Layout wrap: '' in parent 'review_changed_files' - NoWrap set but would overflow (child_size=76.0, offset=64.0, container=129.6)
[WARN] Layout overflow: '' extends outside parent 'review_changed_files' bounds (child_rel=[0.0,64.0], child_size=[214.0,76.0], child_end=[214.0,140.0], parent_size=[214.0,129.6], gap=0.0, start_offset=0.0)
[WARN] Layout wrap: 'commit_files_scroll' in parent 'review_changed_files' - NoWrap set but would overflow (child_size=0.0, offset=140.0, container=129.6)
[WARN] Layout overflow: 'commit_files_scroll' extends outside parent 'review_changed_files' bounds (child_rel=[0.0,140.0], child_size=[214.0,0.0], child_end=[214.0,140.0], parent_size=[214.0,129.6], gap=0.0, start_offset=0.0)
[WARN] Layout wrap: '' in parent '' - NoWrap set but would overflow (child_size=192.0, offset=16.0, container=146.0)
[WARN] Layout overflow: '' extends outside parent '' bounds (child_rel=[16.0,4.0], child_size=[192.0,40.0], child_end=[208.0,44.0], parent_size=[146.0,48.0], gap=16.0, start_offset=0.0)
[WARN] Layout wrap: 'Review' in parent 'sidebar_review' - NoWrap set but would overflow (child_size=77.0, offset=44.0, container=73.0)
[WARN] Layout overflow: 'Review' extends outside parent 'sidebar_review' bounds (child_rel=[44.0,0.0], child_size=[77.0,52.0], child_end=[121.0,52.0], parent_size=[73.0,52.0], gap=12.0, start_offset=0.0)
[WARN] Layout wrap: 'Files' in parent 'sidebar_working_files' - NoWrap set but would overflow (child_size=50.0, offset=44.0, container=73.0)
[WARN] Layout overflow: 'Files' extends outside parent 'sidebar_working_files' bounds (child_rel=[44.0,0.0], child_size=[50.0,52.0], child_end=[94.0,52.0], parent_size=[73.0,52.0], gap=12.0, start_offset=0.0)
[WARN] Layout wrap: '' in parent 'review_changed_files' - NoWrap set but would overflow (child_size=76.0, offset=64.0, container=129.6)
[WARN] Layout overflow: '' extends outside parent 'review_changed_files' bounds (child_rel=[0.0,64.0], child_size=[214.0,76.0], child_end=[214.0,140.0], parent_size=[214.0,129.6], gap=0.0, start_offset=0.0)
[WARN] Layout wrap: 'commit_files_scroll' in parent 'review_changed_files' - NoWrap set but would overflow (child_size=0.0, offset=140.0, container=129.6)
[WARN] Layout overflow: 'commit_files_scroll' extends outside parent 'review_changed_files' bounds (child_rel=[0.0,140.0], child_size=[214.0,0.0], child_end=[214.0,140.0], parent_size=[214.0,129.6], gap=0.0, start_offset=0.0)
[WARN] Layout wrap: '' in parent '' - NoWrap set but would overflow (child_size=192.0, offset=16.0, container=146.0)
[WARN] Layout overflow: '' extends outside parent '' bounds (child_rel=[16.0,4.0], child_size=[192.0,40.0], child_end=[208.0,44.0], parent_size=[146.0,48.0], gap=16.0, start_offset=0.0)
[WARN] Layout wrap: 'Review' in parent 'sidebar_review' - NoWrap set but would overflow (child_size=77.0, offset=44.0, container=73.0)
[WARN] Layout overflow: 'Review' extends outside parent 'sidebar_review' bounds (child_rel=[44.0,0.0], child_size=[77.0,52.0], child_end=[121.0,52.0], parent_size=[73.0,52.0], gap=12.0, start_offset=0.0)
[WARN] Layout wrap: 'Files' in parent 'sidebar_working_files' - NoWrap set but would overflow (child_size=50.0, offset=44.0, container=73.0)
[WARN] Layout overflow: 'Files' extends outside parent 'sidebar_working_files' bounds (child_rel=[44.0,0.0], child_size=[50.0,52.0], child_end=[94.0,52.0], parent_size=[73.0,52.0], gap=12.0, start_offset=0.0)
[WARN] Layout wrap: '' in parent 'review_changed_files' - NoWrap set but would overflow (child_size=76.0, offset=64.0, container=129.6)
[WARN] Layout overflow: '' extends outside parent 'review_changed_files' bounds (child_rel=[0.0,64.0], child_size=[214.0,76.0], child_end=[214.0,140.0], parent_size=[214.0,129.6], gap=0.0, start_offset=0.0)
[WARN] Layout wrap: 'commit_files_scroll' in parent 'review_changed_files' - NoWrap set but would overflow (child_size=0.0, offset=140.0, container=129.6)
[WARN] Layout overflow: 'commit_files_scroll' extends outside parent 'review_changed_files' bounds (child_rel=[0.0,140.0], child_size=[214.0,0.0], child_end=[214.0,140.0], parent_size=[214.0,129.6], gap=0.0, start_offset=0.0)
[WARN] Layout wrap: '' in parent '' - NoWrap set but would overflow (child_size=192.0, offset=16.0, container=146.0)
[WARN] Layout overflow: '' extends outside parent '' bounds (child_rel=[16.0,4.0], child_size=[192.0,40.0], child_end=[208.0,44.0], parent_size=[146.0,48.0], gap=16.0, start_offset=0.0)
[WARN] Layout wrap: 'Review' in parent 'sidebar_review' - NoWrap set but would overflow (child_size=77.0, offset=44.0, container=73.0)
[WARN] Layout overflow: 'Review' extends outside parent 'sidebar_review' bounds (child_rel=[44.0,0.0], child_size=[77.0,52.0], child_end=[121.0,52.0], parent_size=[73.0,52.0], gap=12.0, start_offset=0.0)
[WARN] Layout wrap: 'Files' in parent 'sidebar_working_files' - NoWrap set but would overflow (child_size=50.0, offset=44.0, container=73.0)
[WARN] Layout overflow: 'Files' extends outside parent 'sidebar_working_files' bounds (child_rel=[44.0,0.0], child_size=[50.0,52.0], child_end=[94.0,52.0], parent_size=[73.0,52.0], gap=12.0, start_offset=0.0)
[WARN] Layout wrap: '' in parent 'review_changed_files' - NoWrap set but would overflow (child_size=76.0, offset=64.0, container=129.6)
[WARN] Layout overflow: '' extends outside parent 'review_changed_files' bounds (child_rel=[0.0,64.0], child_size=[214.0,76.0], child_end=[214.0,140.0], parent_size=[214.0,129.6], gap=0.0, start_offset=0.0)
[WARN] Layout wrap: 'commit_files_scroll' in parent 'review_changed_files' - NoWrap set but would overflow (child_size=0.0, offset=140.0, container=129.6)
[WARN] Layout overflow: 'commit_files_scroll' extends outside parent 'review_changed_files' bounds (child_rel=[0.0,140.0], child_size=[214.0,0.0], child_end=[214.0,140.0], parent_size=[214.0,129.6], gap=0.0, start_offset=0.0)
[WARN] Layout wrap: '' in parent '' - NoWrap set but would overflow (child_size=192.0, offset=16.0, container=146.0)
[WARN] Layout overflow: '' extends outside parent '' bounds (child_rel=[16.0,4.0], child_size=[192.0,40.0], child_end=[208.0,44.0], parent_size=[146.0,48.0], gap=16.0, start_offset=0.0)
[WARN] Layout wrap: 'Review' in parent 'sidebar_review' - NoWrap set but would overflow (child_size=77.0, offset=44.0, container=73.0)
[WARN] Layout overflow: 'Review' extends outside parent 'sidebar_review' bounds (child_rel=[44.0,0.0], child_size=[77.0,52.0], child_end=[121.0,52.0], parent_size=[73.0,52.0], gap=12.0, start_offset=0.0)
[WARN] Layout wrap: 'Files' in parent 'sidebar_working_files' - NoWrap set but would overflow (child_size=50.0, offset=44.0, container=73.0)
[WARN] Layout overflow: 'Files' extends outside parent 'sidebar_working_files' bounds (child_rel=[44.0,0.0], child_size=[50.0,52.0], child_end=[94.0,52.0], parent_size=[73.0,52.0], gap=12.0, start_offset=0.0)
[WARN] Layout wrap: '' in parent 'review_changed_files' - NoWrap set but would overflow (child_size=76.0, offset=64.0, container=129.6)
[WARN] Layout overflow: '' extends outside parent 'review_changed_files' bounds (child_rel=[0.0,64.0], child_size=[214.0,76.0], child_end=[214.0,140.0], parent_size=[214.0,129.6], gap=0.0, start_offset=0.0)
[WARN] Layout wrap: 'commit_files_scroll' in parent 'review_changed_files' - NoWrap set but would overflow (child_size=0.0, offset=140.0, container=129.6)
[WARN] Layout overflow: 'commit_files_scroll' extends outside parent 'review_changed_files' bounds (child_rel=[0.0,140.0], child_size=[214.0,0.0], child_end=[214.0,140.0], parent_size=[214.0,129.6], gap=0.0, start_offset=0.0)
[WARN] Layout wrap: '' in parent '' - NoWrap set but would overflow (child_size=192.0, offset=16.0, container=146.0)
[WARN] Layout overflow: '' extends outside parent '' bounds (child_rel=[16.0,4.0], child_size=[192.0,40.0], child_end=[208.0,44.0], parent_size=[146.0,48.0], gap=16.0, start_offset=0.0)
[WARN] Layout wrap: 'Review' in parent 'sidebar_review' - NoWrap set but would overflow (child_size=77.0, offset=44.0, container=73.0)
[WARN] Layout overflow: 'Review' extends outside parent 'sidebar_review' bounds (child_rel=[44.0,0.0], child_size=[77.0,52.0], child_end=[121.0,52.0], parent_size=[73.0,52.0], gap=12.0, start_offset=0.0)
[WARN] Layout wrap: 'Files' in parent 'sidebar_working_files' - NoWrap set but would overflow (child_size=50.0, offset=44.0, container=73.0)
[WARN] Layout overflow: 'Files' extends outside parent 'sidebar_working_files' bounds (child_rel=[44.0,0.0], child_size=[50.0,52.0], child_end=[94.0,52.0], parent_size=[73.0,52.0], gap=12.0, start_offset=0.0)
[WARN] Layout wrap: '' in parent 'review_changed_files' - NoWrap set but would overflow (child_size=76.0, offset=64.0, container=129.6)
[WARN] Layout overflow: '' extends outside parent 'review_changed_files' bounds (child_rel=[0.0,64.0], child_size=[214.0,76.0], child_end=[214.0,140.0], parent_size=[214.0,129.6], gap=0.0, start_offset=0.0)
[WARN] Layout wrap: 'commit_files_scroll' in parent 'review_changed_files' - NoWrap set but would overflow (child_size=0.0, offset=140.0, container=129.6)
[WARN] Layout overflow: 'commit_files_scroll' extends outside parent 'review_changed_files' bounds (child_rel=[0.0,140.0], child_size=[214.0,0.0], child_end=[214.0,140.0], parent_size=[214.0,129.6], gap=0.0, start_offset=0.0)
[WARN] Layout wrap: '' in parent '' - NoWrap set but would overflow (child_size=192.0, offset=16.0, container=146.0)
[WARN] Layout overflow: '' extends outside parent '' bounds (child_rel=[16.0,4.0], child_size=[192.0,40.0], child_end=[208.0,44.0], parent_size=[146.0,48.0], gap=16.0, start_offset=0.0)
[WARN] Layout wrap: 'Review' in parent 'sidebar_review' - NoWrap set but would overflow (child_size=77.0, offset=44.0, container=73.0)
[WARN] Layout overflow: 'Review' extends outside parent 'sidebar_review' bounds (child_rel=[44.0,0.0], child_size=[77.0,52.0], child_end=[121.0,52.0], parent_size=[73.0,52.0], gap=12.0, start_offset=0.0)
[WARN] Layout wrap: 'Files' in parent 'sidebar_working_files' - NoWrap set but would overflow (child_size=50.0, offset=44.0, container=73.0)
[WARN] Layout overflow: 'Files' extends outside parent 'sidebar_working_files' bounds (child_rel=[44.0,0.0], child_size=[50.0,52.0], child_end=[94.0,52.0], parent_size=[73.0,52.0], gap=12.0, start_offset=0.0)
[WARN] Layout wrap: '' in parent 'review_changed_files' - NoWrap set but would overflow (child_size=76.0, offset=64.0, container=129.6)
[WARN] Layout overflow: '' extends outside parent 'review_changed_files' bounds (child_rel=[0.0,64.0], child_size=[214.0,76.0], child_end=[214.0,140.0], parent_size=[214.0,129.6], gap=0.0, start_offset=0.0)
[WARN] Layout wrap: 'commit_files_scroll' in parent 'review_changed_files' - NoWrap set but would overflow (child_size=0.0, offset=140.0, container=129.6)
[WARN] Layout overflow: 'commit_files_scroll' extends outside parent 'review_changed_files' bounds (child_rel=[0.0,140.0], child_size=[214.0,0.0], child_end=[214.0,140.0], parent_size=[214.0,129.6], gap=0.0, start_offset=0.0)
[WARN] Layout wrap: '' in parent '' - NoWrap set but would overflow (child_size=192.0, offset=16.0, container=146.0)
[WARN] Layout overflow: '' extends outside parent '' bounds (child_rel=[16.0,4.0], child_size=[192.0,40.0], child_end=[208.0,44.0], parent_size=[146.0,48.0], gap=16.0, start_offset=0.0)
[WARN] Layout wrap: 'Review' in parent 'sidebar_review' - NoWrap set but would overflow (child_size=77.0, offset=44.0, container=73.0)
[WARN] Layout overflow: 'Review' extends outside parent 'sidebar_review' bounds (child_rel=[44.0,0.0], child_size=[77.0,52.0], child_end=[121.0,52.0], parent_size=[73.0,52.0], gap=12.0, start_offset=0.0)
[WARN] Layout wrap: 'Files' in parent 'sidebar_working_files' - NoWrap set but would overflow (child_size=50.0, offset=44.0, container=73.0)
[WARN] Layout overflow: 'Files' extends outside parent 'sidebar_working_files' bounds (child_rel=[44.0,0.0], child_size=[50.0,52.0], child_end=[94.0,52.0], parent_size=[73.0,52.0], gap=12.0, start_offset=0.0)
[WARN] Layout wrap: '' in parent 'review_changed_files' - NoWrap set but would overflow (child_size=76.0, offset=64.0, container=129.6)
[WARN] Layout overflow: '' extends outside parent 'review_changed_files' bounds (child_rel=[0.0,64.0], child_size=[214.0,76.0], child_end=[214.0,140.0], parent_size=[214.0,129.6], gap=0.0, start_offset=0.0)
[WARN] Layout wrap: 'commit_files_scroll' in parent 'review_changed_files' - NoWrap set but would overflow (child_size=0.0, offset=140.0, container=129.6)
[WARN] Layout overflow: 'commit_files_scroll' extends outside parent 'review_changed_files' bounds (child_rel=[0.0,140.0], child_size=[214.0,0.0], child_end=[214.0,140.0], parent_size=[214.0,129.6], gap=0.0, start_offset=0.0)
[WARN] Layout wrap: '' in parent '' - NoWrap set but would overflow (child_size=192.0, offset=16.0, container=146.0)
[WARN] Layout overflow: '' extends outside parent '' bounds (child_rel=[16.0,4.0], child_size=[192.0,40.0], child_end=[208.0,44.0], parent_size=[146.0,48.0], gap=16.0, start_offset=0.0)
[WARN] Layout wrap: 'Review' in parent 'sidebar_review' - NoWrap set but would overflow (child_size=77.0, offset=44.0, container=73.0)
[WARN] Layout overflow: 'Review' extends outside parent 'sidebar_review' bounds (child_rel=[44.0,0.0], child_size=[77.0,52.0], child_end=[121.0,52.0], parent_size=[73.0,52.0], gap=12.0, start_offset=0.0)
[WARN] Layout wrap: 'Files' in parent 'sidebar_working_files' - NoWrap set but would overflow (child_size=50.0, offset=44.0, container=73.0)
[WARN] Layout overflow: 'Files' extends outside parent 'sidebar_working_files' bounds (child_rel=[44.0,0.0], child_size=[50.0,52.0], child_end=[94.0,52.0], parent_size=[73.0,52.0], gap=12.0, start_offset=0.0)
[WARN] Layout wrap: '' in parent 'review_changed_files' - NoWrap set but would overflow (child_size=76.0, offset=64.0, container=129.6)
[WARN] Layout overflow: '' extends outside parent 'review_changed_files' bounds (child_rel=[0.0,64.0], child_size=[214.0,76.0], child_end=[214.0,140.0], parent_size=[214.0,129.6], gap=0.0, start_offset=0.0)
[WARN] Layout wrap: 'commit_files_scroll' in parent 'review_changed_files' - NoWrap set but would overflow (child_size=0.0, offset=140.0, container=129.6)
[WARN] Layout overflow: 'commit_files_scroll' extends outside parent 'review_changed_files' bounds (child_rel=[0.0,140.0], child_size=[214.0,0.0], child_end=[214.0,140.0], parent_size=[214.0,129.6], gap=0.0, start_offset=0.0)
[WARN] Layout wrap: '' in parent '' - NoWrap set but would overflow (child_size=192.0, offset=16.0, container=146.0)
[WARN] Layout overflow: '' extends outside parent '' bounds (child_rel=[16.0,4.0], child_size=[192.0,40.0], child_end=[208.0,44.0], parent_size=[146.0,48.0], gap=16.0, start_offset=0.0)
[WARN] Layout wrap: 'Review' in parent 'sidebar_review' - NoWrap set but would overflow (child_size=77.0, offset=44.0, container=73.0)
[WARN] Layout overflow: 'Review' extends outside parent 'sidebar_review' bounds (child_rel=[44.0,0.0], child_size=[77.0,52.0], child_end=[121.0,52.0], parent_size=[73.0,52.0], gap=12.0, start_offset=0.0)
[WARN] Layout wrap: 'Files' in parent 'sidebar_working_files' - NoWrap set but would overflow (child_size=50.0, offset=44.0, container=73.0)
[WARN] Layout overflow: 'Files' extends outside parent 'sidebar_working_files' bounds (child_rel=[44.0,0.0], child_size=[50.0,52.0], child_end=[94.0,52.0], parent_size=[73.0,52.0], gap=12.0, start_offset=0.0)
[WARN] Layout wrap: '' in parent 'review_changed_files' - NoWrap set but would overflow (child_size=76.0, offset=64.0, container=129.6)
[WARN] Layout overflow: '' extends outside parent 'review_changed_files' bounds (child_rel=[0.0,64.0], child_size=[214.0,76.0], child_end=[214.0,140.0], parent_size=[214.0,129.6], gap=0.0, start_offset=0.0)
[WARN] Layout wrap: 'commit_files_scroll' in parent 'review_changed_files' - NoWrap set but would overflow (child_size=0.0, offset=140.0, container=129.6)
[WARN] Layout overflow: 'commit_files_scroll' extends outside parent 'review_changed_files' bounds (child_rel=[0.0,140.0], child_size=[214.0,0.0], child_end=[214.0,140.0], parent_size=[214.0,129.6], gap=0.0, start_offset=0.0)
[WARN] Layout wrap: '' in parent '' - NoWrap set but would overflow (child_size=192.0, offset=16.0, container=146.0)
[WARN] Layout overflow: '' extends outside parent '' bounds (child_rel=[16.0,4.0], child_size=[192.0,40.0], child_end=[208.0,44.0], parent_size=[146.0,48.0], gap=16.0, start_offset=0.0)
[WARN] Layout wrap: 'Review' in parent 'sidebar_review' - NoWrap set but would overflow (child_size=77.0, offset=44.0, container=73.0)
[WARN] Layout overflow: 'Review' extends outside parent 'sidebar_review' bounds (child_rel=[44.0,0.0], child_size=[77.0,52.0], child_end=[121.0,52.0], parent_size=[73.0,52.0], gap=12.0, start_offset=0.0)
[WARN] Layout wrap: 'Files' in parent 'sidebar_working_files' - NoWrap set but would overflow (child_size=50.0, offset=44.0, container=73.0)
[WARN] Layout overflow: 'Files' extends outside parent 'sidebar_working_files' bounds (child_rel=[44.0,0.0], child_size=[50.0,52.0], child_end=[94.0,52.0], parent_size=[73.0,52.0], gap=12.0, start_offset=0.0)
[WARN] Layout wrap: '' in parent 'review_changed_files' - NoWrap set but would overflow (child_size=76.0, offset=64.0, container=129.6)
[WARN] Layout overflow: '' extends outside parent 'review_changed_files' bounds (child_rel=[0.0,64.0], child_size=[214.0,76.0], child_end=[214.0,140.0], parent_size=[214.0,129.6], gap=0.0, start_offset=0.0)
[WARN] Layout wrap: 'commit_files_scroll' in parent 'review_changed_files' - NoWrap set but would overflow (child_size=0.0, offset=140.0, container=129.6)
[WARN] Layout overflow: 'commit_files_scroll' extends outside parent 'review_changed_files' bounds (child_rel=[0.0,140.0], child_size=[214.0,0.0], child_end=[214.0,140.0], parent_size=[214.0,129.6], gap=0.0, start_offset=0.0)
[WARN] Layout wrap: '' in parent '' - NoWrap set but would overflow (child_size=192.0, offset=16.0, container=146.0)
[WARN] Layout overflow: '' extends outside parent '' bounds (child_rel=[16.0,4.0], child_size=[192.0,40.0], child_end=[208.0,44.0], parent_size=[146.0,48.0], gap=16.0, start_offset=0.0)
[WARN] Layout wrap: 'Review' in parent 'sidebar_review' - NoWrap set but would overflow (child_size=77.0, offset=44.0, container=73.0)
[WARN] Layout overflow: 'Review' extends outside parent 'sidebar_review' bounds (child_rel=[44.0,0.0], child_size=[77.0,52.0], child_end=[121.0,52.0], parent_size=[73.0,52.0], gap=12.0, start_offset=0.0)
[WARN] Layout wrap: 'Files' in parent 'sidebar_working_files' - NoWrap set but would overflow (child_size=50.0, offset=44.0, container=73.0)
[WARN] Layout overflow: 'Files' extends outside parent 'sidebar_working_files' bounds (child_rel=[44.0,0.0], child_size=[50.0,52.0], child_end=[94.0,52.0], parent_size=[73.0,52.0], gap=12.0, start_offset=0.0)
[WARN] Layout wrap: '' in parent 'review_changed_files' - NoWrap set but would overflow (child_size=76.0, offset=64.0, container=129.6)
[WARN] Layout overflow: '' extends outside parent 'review_changed_files' bounds (child_rel=[0.0,64.0], child_size=[214.0,76.0], child_end=[214.0,140.0], parent_size=[214.0,129.6], gap=0.0, start_offset=0.0)
[WARN] Layout wrap: 'commit_files_scroll' in parent 'review_changed_files' - NoWrap set but would overflow (child_size=0.0, offset=140.0, container=129.6)
[WARN] Layout overflow: 'commit_files_scroll' extends outside parent 'review_changed_files' bounds (child_rel=[0.0,140.0], child_size=[214.0,0.0], child_end=[214.0,140.0], parent_size=[214.0,129.6], gap=0.0, start_offset=0.0)
[WARN] Layout wrap: '' in parent '' - NoWrap set but would overflow (child_size=192.0, offset=16.0, container=146.0)
[WARN] Layout overflow: '' extends outside parent '' bounds (child_rel=[16.0,4.0], child_size=[192.0,40.0], child_end=[208.0,44.0], parent_size=[146.0,48.0], gap=16.0, start_offset=0.0)
[WARN] Layout wrap: 'Review' in parent 'sidebar_review' - NoWrap set but would overflow (child_size=77.0, offset=44.0, container=73.0)
[WARN] Layout overflow: 'Review' extends outside parent 'sidebar_review' bounds (child_rel=[44.0,0.0], child_size=[77.0,52.0], child_end=[121.0,52.0], parent_size=[73.0,52.0], gap=12.0, start_offset=0.0)
[WARN] Layout wrap: 'Files' in parent 'sidebar_working_files' - NoWrap set but would overflow (child_size=50.0, offset=44.0, container=73.0)
[WARN] Layout overflow: 'Files' extends outside parent 'sidebar_working_files' bounds (child_rel=[44.0,0.0], child_size=[50.0,52.0], child_end=[94.0,52.0], parent_size=[73.0,52.0], gap=12.0, start_offset=0.0)
[WARN] Layout wrap: '' in parent 'review_changed_files' - NoWrap set but would overflow (child_size=76.0, offset=64.0, container=129.6)
[WARN] Layout overflow: '' extends outside parent 'review_changed_files' bounds (child_rel=[0.0,64.0], child_size=[214.0,76.0], child_end=[214.0,140.0], parent_size=[214.0,129.6], gap=0.0, start_offset=0.0)
[WARN] Layout wrap: 'commit_files_scroll' in parent 'review_changed_files' - NoWrap set but would overflow (child_size=0.0, offset=140.0, container=129.6)
[WARN] Layout overflow: 'commit_files_scroll' extends outside parent 'review_changed_files' bounds (child_rel=[0.0,140.0], child_size=[214.0,0.0], child_end=[214.0,140.0], parent_size=[214.0,129.6], gap=0.0, start_offset=0.0)
[WARN] Layout wrap: '' in parent '' - NoWrap set but would overflow (child_size=192.0, offset=16.0, container=146.0)
[WARN] Layout overflow: '' extends outside parent '' bounds (child_rel=[16.0,4.0], child_size=[192.0,40.0], child_end=[208.0,44.0], parent_size=[146.0,48.0], gap=16.0, start_offset=0.0)
[WARN] Layout wrap: 'Review' in parent 'sidebar_review' - NoWrap set but would overflow (child_size=77.0, offset=44.0, container=73.0)
[WARN] Layout overflow: 'Review' extends outside parent 'sidebar_review' bounds (child_rel=[44.0,0.0], child_size=[77.0,52.0], child_end=[121.0,52.0], parent_size=[73.0,52.0], gap=12.0, start_offset=0.0)
[WARN] Layout wrap: 'Files' in parent 'sidebar_working_files' - NoWrap set but would overflow (child_size=50.0, offset=44.0, container=73.0)
[WARN] Layout overflow: 'Files' extends outside parent 'sidebar_working_files' bounds (child_rel=[44.0,0.0], child_size=[50.0,52.0], child_end=[94.0,52.0], parent_size=[73.0,52.0], gap=12.0, start_offset=0.0)
[WARN] Layout wrap: '' in parent 'review_changed_files' - NoWrap set but would overflow (child_size=76.0, offset=64.0, container=129.6)
[WARN] Layout overflow: '' extends outside parent 'review_changed_files' bounds (child_rel=[0.0,64.0], child_size=[214.0,76.0], child_end=[214.0,140.0], parent_size=[214.0,129.6], gap=0.0, start_offset=0.0)
[WARN] Layout wrap: 'commit_files_scroll' in parent 'review_changed_files' - NoWrap set but would overflow (child_size=0.0, offset=140.0, container=129.6)
[WARN] Layout overflow: 'commit_files_scroll' extends outside parent 'review_changed_files' bounds (child_rel=[0.0,140.0], child_size=[214.0,0.0], child_end=[214.0,140.0], parent_size=[214.0,129.6], gap=0.0, start_offset=0.0)
[WARN] Layout wrap: '' in parent '' - NoWrap set but would overflow (child_size=192.0, offset=16.0, container=146.0)
[WARN] Layout overflow: '' extends outside parent '' bounds (child_rel=[16.0,4.0], child_size=[192.0,40.0], child_end=[208.0,44.0], parent_size=[146.0,48.0], gap=16.0, start_offset=0.0)
[WARN] Layout wrap: 'Review' in parent 'sidebar_review' - NoWrap set but would overflow (child_size=77.0, offset=44.0, container=73.0)
[WARN] Layout overflow: 'Review' extends outside parent 'sidebar_review' bounds (child_rel=[44.0,0.0], child_size=[77.0,52.0], child_end=[121.0,52.0], parent_size=[73.0,52.0], gap=12.0, start_offset=0.0)
[WARN] Layout wrap: 'Files' in parent 'sidebar_working_files' - NoWrap set but would overflow (child_size=50.0, offset=44.0, container=73.0)
[WARN] Layout overflow: 'Files' extends outside parent 'sidebar_working_files' bounds (child_rel=[44.0,0.0], child_size=[50.0,52.0], child_end=[94.0,52.0], parent_size=[73.0,52.0], gap=12.0, start_offset=0.0)
[WARN] Layout wrap: '' in parent 'review_changed_files' - NoWrap set but would overflow (child_size=76.0, offset=64.0, container=129.6)
[WARN] Layout overflow: '' extends outside parent 'review_changed_files' bounds (child_rel=[0.0,64.0], child_size=[214.0,76.0], child_end=[214.0,140.0], parent_size=[214.0,129.6], gap=0.0, start_offset=0.0)
[WARN] Layout wrap: 'commit_files_scroll' in parent 'review_changed_files' - NoWrap set but would overflow (child_size=0.0, offset=140.0, container=129.6)
[WARN] Layout overflow: 'commit_files_scroll' extends outside parent 'review_changed_files' bounds (child_rel=[0.0,140.0], child_size=[214.0,0.0], child_end=[214.0,140.0], parent_size=[214.0,129.6], gap=0.0, start_offset=0.0)
[WARN] Layout wrap: '' in parent '' - NoWrap set but would overflow (child_size=192.0, offset=16.0, container=146.0)
[WARN] Layout overflow: '' extends outside parent '' bounds (child_rel=[16.0,4.0], child_size=[192.0,40.0], child_end=[208.0,44.0], parent_size=[146.0,48.0], gap=16.0, start_offset=0.0)
[WARN] Layout wrap: 'Review' in parent 'sidebar_review' - NoWrap set but would overflow (child_size=77.0, offset=44.0, container=73.0)
[WARN] Layout overflow: 'Review' extends outside parent 'sidebar_review' bounds (child_rel=[44.0,0.0], child_size=[77.0,52.0], child_end=[121.0,52.0], parent_size=[73.0,52.0], gap=12.0, start_offset=0.0)
[WARN] Layout wrap: 'Files' in parent 'sidebar_working_files' - NoWrap set but would overflow (child_size=50.0, offset=44.0, container=73.0)
[WARN] Layout overflow: 'Files' extends outside parent 'sidebar_working_files' bounds (child_rel=[44.0,0.0], child_size=[50.0,52.0], child_end=[94.0,52.0], parent_size=[73.0,52.0], gap=12.0, start_offset=0.0)
[WARN] Layout wrap: '' in parent 'review_changed_files' - NoWrap set but would overflow (child_size=76.0, offset=64.0, container=129.6)
[WARN] Layout overflow: '' extends outside parent 'review_changed_files' bounds (child_rel=[0.0,64.0], child_size=[214.0,76.0], child_end=[214.0,140.0], parent_size=[214.0,129.6], gap=0.0, start_offset=0.0)
[WARN] Layout wrap: 'commit_files_scroll' in parent 'review_changed_files' - NoWrap set but would overflow (child_size=0.0, offset=140.0, container=129.6)
[WARN] Layout overflow: 'commit_files_scroll' extends outside parent 'review_changed_files' bounds (child_rel=[0.0,140.0], child_size=[214.0,0.0], child_end=[214.0,140.0], parent_size=[214.0,129.6], gap=0.0, start_offset=0.0)
[WARN] Layout wrap: '' in parent '' - NoWrap set but would overflow (child_size=192.0, offset=16.0, container=146.0)
[WARN] Layout overflow: '' extends outside parent '' bounds (child_rel=[16.0,4.0], child_size=[192.0,40.0], child_end=[208.0,44.0], parent_size=[146.0,48.0], gap=16.0, start_offset=0.0)
[WARN] Layout wrap: 'Review' in parent 'sidebar_review' - NoWrap set but would overflow (child_size=77.0, offset=44.0, container=73.0)
[WARN] Layout overflow: 'Review' extends outside parent 'sidebar_review' bounds (child_rel=[44.0,0.0], child_size=[77.0,52.0], child_end=[121.0,52.0], parent_size=[73.0,52.0], gap=12.0, start_offset=0.0)
[WARN] Layout wrap: 'Files' in parent 'sidebar_working_files' - NoWrap set but would overflow (child_size=50.0, offset=44.0, container=73.0)
[WARN] Layout overflow: 'Files' extends outside parent 'sidebar_working_files' bounds (child_rel=[44.0,0.0], child_size=[50.0,52.0], child_end=[94.0,52.0], parent_size=[73.0,52.0], gap=12.0, start_offset=0.0)
[WARN] Layout wrap: '' in parent 'review_changed_files' - NoWrap set but would overflow (child_size=76.0, offset=64.0, container=129.6)
[WARN] Layout overflow: '' extends outside parent 'review_changed_files' bounds (child_rel=[0.0,64.0], child_size=[214.0,76.0], child_end=[214.0,140.0], parent_size=[214.0,129.6], gap=0.0, start_offset=0.0)
[WARN] Layout wrap: 'commit_files_scroll' in parent 'review_changed_files' - NoWrap set but would overflow (child_size=0.0, offset=140.0, container=129.6)
[WARN] Layout overflow: 'commit_files_scroll' extends outside parent 'review_changed_files' bounds (child_rel=[0.0,140.0], child_size=[214.0,0.0], child_end=[214.0,140.0], parent_size=[214.0,129.6], gap=0.0, start_offset=0.0)
[WARN] Layout wrap: '' in parent '' - NoWrap set but would overflow (child_size=192.0, offset=16.0, container=146.0)
[WARN] Layout overflow: '' extends outside parent '' bounds (child_rel=[16.0,4.0], child_size=[192.0,40.0], child_end=[208.0,44.0], parent_size=[146.0,48.0], gap=16.0, start_offset=0.0)
[WARN] Layout wrap: 'Review' in parent 'sidebar_review' - NoWrap set but would overflow (child_size=77.0, offset=44.0, container=73.0)
[WARN] Layout overflow: 'Review' extends outside parent 'sidebar_review' bounds (child_rel=[44.0,0.0], child_size=[77.0,52.0], child_end=[121.0,52.0], parent_size=[73.0,52.0], gap=12.0, start_offset=0.0)
[WARN] Layout wrap: 'Files' in parent 'sidebar_working_files' - NoWrap set but would overflow (child_size=50.0, offset=44.0, container=73.0)
[WARN] Layout overflow: 'Files' extends outside parent 'sidebar_working_files' bounds (child_rel=[44.0,0.0], child_size=[50.0,52.0], child_end=[94.0,52.0], parent_size=[73.0,52.0], gap=12.0, start_offset=0.0)
[WARN] Layout wrap: '' in parent 'review_changed_files' - NoWrap set but would overflow (child_size=76.0, offset=64.0, container=129.6)
[WARN] Layout overflow: '' extends outside parent 'review_changed_files' bounds (child_rel=[0.0,64.0], child_size=[214.0,76.0], child_end=[214.0,140.0], parent_size=[214.0,129.6], gap=0.0, start_offset=0.0)
[WARN] Layout wrap: 'commit_files_scroll' in parent 'review_changed_files' - NoWrap set but would overflow (child_size=0.0, offset=140.0, container=129.6)
[WARN] Layout overflow: 'commit_files_scroll' extends outside parent 'review_changed_files' bounds (child_rel=[0.0,140.0], child_size=[214.0,0.0], child_end=[214.0,140.0], parent_size=[214.0,129.6], gap=0.0, start_offset=0.0)
[WARN] Layout wrap: '' in parent '' - NoWrap set but would overflow (child_size=192.0, offset=16.0, container=146.0)
[WARN] Layout overflow: '' extends outside parent '' bounds (child_rel=[16.0,4.0], child_size=[192.0,40.0], child_end=[208.0,44.0], parent_size=[146.0,48.0], gap=16.0, start_offset=0.0)
[WARN] Layout wrap: 'Review' in parent 'sidebar_review' - NoWrap set but would overflow (child_size=77.0, offset=44.0, container=73.0)
[WARN] Layout overflow: 'Review' extends outside parent 'sidebar_review' bounds (child_rel=[44.0,0.0], child_size=[77.0,52.0], child_end=[121.0,52.0], parent_size=[73.0,52.0], gap=12.0, start_offset=0.0)
[WARN] Layout wrap: 'Files' in parent 'sidebar_working_files' - NoWrap set but would overflow (child_size=50.0, offset=44.0, container=73.0)
[WARN] Layout overflow: 'Files' extends outside parent 'sidebar_working_files' bounds (child_rel=[44.0,0.0], child_size=[50.0,52.0], child_end=[94.0,52.0], parent_size=[73.0,52.0], gap=12.0, start_offset=0.0)
[WARN] Layout wrap: '' in parent 'review_changed_files' - NoWrap set but would overflow (child_size=76.0, offset=64.0, container=129.6)
[WARN] Layout overflow: '' extends outside parent 'review_changed_files' bounds (child_rel=[0.0,64.0], child_size=[214.0,76.0], child_end=[214.0,140.0], parent_size=[214.0,129.6], gap=0.0, start_offset=0.0)
[WARN] Layout wrap: 'commit_files_scroll' in parent 'review_changed_files' - NoWrap set but would overflow (child_size=0.0, offset=140.0, container=129.6)
[WARN] Layout overflow: 'commit_files_scroll' extends outside parent 'review_changed_files' bounds (child_rel=[0.0,140.0], child_size=[214.0,0.0], child_end=[214.0,140.0], parent_size=[214.0,129.6], gap=0.0, start_offset=0.0)
[WARN] Layout wrap: '' in parent '' - NoWrap set but would overflow (child_size=192.0, offset=16.0, container=146.0)
[WARN] Layout overflow: '' extends outside parent '' bounds (child_rel=[16.0,4.0], child_size=[192.0,40.0], child_end=[208.0,44.0], parent_size=[146.0,48.0], gap=16.0, start_offset=0.0)
[WARN] Layout wrap: 'Review' in parent 'sidebar_review' - NoWrap set but would overflow (child_size=77.0, offset=44.0, container=73.0)
[WARN] Layout overflow: 'Review' extends outside parent 'sidebar_review' bounds (child_rel=[44.0,0.0], child_size=[77.0,52.0], child_end=[121.0,52.0], parent_size=[73.0,52.0], gap=12.0, start_offset=0.0)
[WARN] Layout wrap: 'Files' in parent 'sidebar_working_files' - NoWrap set but would overflow (child_size=50.0, offset=44.0, container=73.0)
[WARN] Layout overflow: 'Files' extends outside parent 'sidebar_working_files' bounds (child_rel=[44.0,0.0], child_size=[50.0,52.0], child_end=[94.0,52.0], parent_size=[73.0,52.0], gap=12.0, start_offset=0.0)
[WARN] Layout wrap: '' in parent 'review_changed_files' - NoWrap set but would overflow (child_size=76.0, offset=64.0, container=129.6)
[WARN] Layout overflow: '' extends outside parent 'review_changed_files' bounds (child_rel=[0.0,64.0], child_size=[214.0,76.0], child_end=[214.0,140.0], parent_size=[214.0,129.6], gap=0.0, start_offset=0.0)
[WARN] Layout wrap: 'commit_files_scroll' in parent 'review_changed_files' - NoWrap set but would overflow (child_size=0.0, offset=140.0, container=129.6)
[WARN] Layout overflow: 'commit_files_scroll' extends outside parent 'review_changed_files' bounds (child_rel=[0.0,140.0], child_size=[214.0,0.0], child_end=[214.0,140.0], parent_size=[214.0,129.6], gap=0.0, start_offset=0.0)
[WARN] Layout wrap: '' in parent '' - NoWrap set but would overflow (child_size=192.0, offset=16.0, container=146.0)
[WARN] Layout overflow: '' extends outside parent '' bounds (child_rel=[16.0,4.0], child_size=[192.0,40.0], child_end=[208.0,44.0], parent_size=[146.0,48.0], gap=16.0, start_offset=0.0)
[WARN] Layout wrap: 'Review' in parent 'sidebar_review' - NoWrap set but would overflow (child_size=77.0, offset=44.0, container=73.0)
[WARN] Layout overflow: 'Review' extends outside parent 'sidebar_review' bounds (child_rel=[44.0,0.0], child_size=[77.0,52.0], child_end=[121.0,52.0], parent_size=[73.0,52.0], gap=12.0, start_offset=0.0)
[WARN] Layout wrap: 'Files' in parent 'sidebar_working_files' - NoWrap set but would overflow (child_size=50.0, offset=44.0, container=73.0)
[WARN] Layout overflow: 'Files' extends outside parent 'sidebar_working_files' bounds (child_rel=[44.0,0.0], child_size=[50.0,52.0], child_end=[94.0,52.0], parent_size=[73.0,52.0], gap=12.0, start_offset=0.0)
[WARN] Layout wrap: '' in parent 'review_changed_files' - NoWrap set but would overflow (child_size=76.0, offset=64.0, container=129.6)
[WARN] Layout overflow: '' extends outside parent 'review_changed_files' bounds (child_rel=[0.0,64.0], child_size=[214.0,76.0], child_end=[214.0,140.0], parent_size=[214.0,129.6], gap=0.0, start_offset=0.0)
[WARN] Layout wrap: 'commit_files_scroll' in parent 'review_changed_files' - NoWrap set but would overflow (child_size=0.0, offset=140.0, container=129.6)
[WARN] Layout overflow: 'commit_files_scroll' extends outside parent 'review_changed_files' bounds (child_rel=[0.0,140.0], child_size=[214.0,0.0], child_end=[214.0,140.0], parent_size=[214.0,129.6], gap=0.0, start_offset=0.0)
[WARN] Layout wrap: '' in parent '' - NoWrap set but would overflow (child_size=192.0, offset=16.0, container=146.0)
[WARN] Layout overflow: '' extends outside parent '' bounds (child_rel=[16.0,4.0], child_size=[192.0,40.0], child_end=[208.0,44.0], parent_size=[146.0,48.0], gap=16.0, start_offset=0.0)
[WARN] Layout wrap: 'Review' in parent 'sidebar_review' - NoWrap set but would overflow (child_size=77.0, offset=44.0, container=73.0)
[WARN] Layout overflow: 'Review' extends outside parent 'sidebar_review' bounds (child_rel=[44.0,0.0], child_size=[77.0,52.0], child_end=[121.0,52.0], parent_size=[73.0,52.0], gap=12.0, start_offset=0.0)
[WARN] Layout wrap: 'Files' in parent 'sidebar_working_files' - NoWrap set but would overflow (child_size=50.0, offset=44.0, container=73.0)
[WARN] Layout overflow: 'Files' extends outside parent 'sidebar_working_files' bounds (child_rel=[44.0,0.0], child_size=[50.0,52.0], child_end=[94.0,52.0], parent_size=[73.0,52.0], gap=12.0, start_offset=0.0)
[WARN] Layout wrap: '' in parent 'review_changed_files' - NoWrap set but would overflow (child_size=76.0, offset=64.0, container=129.6)
[WARN] Layout overflow: '' extends outside parent 'review_changed_files' bounds (child_rel=[0.0,64.0], child_size=[214.0,76.0], child_end=[214.0,140.0], parent_size=[214.0,129.6], gap=0.0, start_offset=0.0)
[WARN] Layout wrap: 'commit_files_scroll' in parent 'review_changed_files' - NoWrap set but would overflow (child_size=0.0, offset=140.0, container=129.6)
[WARN] Layout overflow: 'commit_files_scroll' extends outside parent 'review_changed_files' bounds (child_rel=[0.0,140.0], child_size=[214.0,0.0], child_end=[214.0,140.0], parent_size=[214.0,129.6], gap=0.0, start_offset=0.0)
[WARN] Layout wrap: '' in parent '' - NoWrap set but would overflow (child_size=192.0, offset=16.0, container=146.0)
[WARN] Layout overflow: '' extends outside parent '' bounds (child_rel=[16.0,4.0], child_size=[192.0,40.0], child_end=[208.0,44.0], parent_size=[146.0,48.0], gap=16.0, start_offset=0.0)
[WARN] Layout wrap: 'Review' in parent 'sidebar_review' - NoWrap set but would overflow (child_size=77.0, offset=44.0, container=73.0)
[WARN] Layout overflow: 'Review' extends outside parent 'sidebar_review' bounds (child_rel=[44.0,0.0], child_size=[77.0,52.0], child_end=[121.0,52.0], parent_size=[73.0,52.0], gap=12.0, start_offset=0.0)
[WARN] Layout wrap: 'Files' in parent 'sidebar_working_files' - NoWrap set but would overflow (child_size=50.0, offset=44.0, container=73.0)
[WARN] Layout overflow: 'Files' extends outside parent 'sidebar_working_files' bounds (child_rel=[44.0,0.0], child_size=[50.0,52.0], child_end=[94.0,52.0], parent_size=[73.0,52.0], gap=12.0, start_offset=0.0)
[WARN] Layout wrap: '' in parent 'review_changed_files' - NoWrap set but would overflow (child_size=76.0, offset=64.0, container=129.6)
[WARN] Layout overflow: '' extends outside parent 'review_changed_files' bounds (child_rel=[0.0,64.0], child_size=[214.0,76.0], child_end=[214.0,140.0], parent_size=[214.0,129.6], gap=0.0, start_offset=0.0)
[WARN] Layout wrap: 'commit_files_scroll' in parent 'review_changed_files' - NoWrap set but would overflow (child_size=0.0, offset=140.0, container=129.6)
[WARN] Layout overflow: 'commit_files_scroll' extends outside parent 'review_changed_files' bounds (child_rel=[0.0,140.0], child_size=[214.0,0.0], child_end=[214.0,140.0], parent_size=[214.0,129.6], gap=0.0, start_offset=0.0)
[WARN] Layout wrap: '' in parent '' - NoWrap set but would overflow (child_size=192.0, offset=16.0, container=146.0)
[WARN] Layout overflow: '' extends outside parent '' bounds (child_rel=[16.0,4.0], child_size=[192.0,40.0], child_end=[208.0,44.0], parent_size=[146.0,48.0], gap=16.0, start_offset=0.0)
[WARN] Layout wrap: 'Review' in parent 'sidebar_review' - NoWrap set but would overflow (child_size=77.0, offset=44.0, container=73.0)
[WARN] Layout overflow: 'Review' extends outside parent 'sidebar_review' bounds (child_rel=[44.0,0.0], child_size=[77.0,52.0], child_end=[121.0,52.0], parent_size=[73.0,52.0], gap=12.0, start_offset=0.0)
[WARN] Layout wrap: 'Files' in parent 'sidebar_working_files' - NoWrap set but would overflow (child_size=50.0, offset=44.0, container=73.0)
[WARN] Layout overflow: 'Files' extends outside parent 'sidebar_working_files' bounds (child_rel=[44.0,0.0], child_size=[50.0,52.0], child_end=[94.0,52.0], parent_size=[73.0,52.0], gap=12.0, start_offset=0.0)
[WARN] Layout wrap: '' in parent 'review_changed_files' - NoWrap set but would overflow (child_size=76.0, offset=64.0, container=129.6)
[WARN] Layout overflow: '' extends outside parent 'review_changed_files' bounds (child_rel=[0.0,64.0], child_size=[214.0,76.0], child_end=[214.0,140.0], parent_size=[214.0,129.6], gap=0.0, start_offset=0.0)
[WARN] Layout wrap: 'commit_files_scroll' in parent 'review_changed_files' - NoWrap set but would overflow (child_size=0.0, offset=140.0, container=129.6)
[WARN] Layout overflow: 'commit_files_scroll' extends outside parent 'review_changed_files' bounds (child_rel=[0.0,140.0], child_size=[214.0,0.0], child_end=[214.0,140.0], parent_size=[214.0,129.6], gap=0.0, start_offset=0.0)
[WARN] Layout wrap: '' in parent '' - NoWrap set but would overflow (child_size=192.0, offset=16.0, container=146.0)
[WARN] Layout overflow: '' extends outside parent '' bounds (child_rel=[16.0,4.0], child_size=[192.0,40.0], child_end=[208.0,44.0], parent_size=[146.0,48.0], gap=16.0, start_offset=0.0)
[WARN] Layout wrap: 'Review' in parent 'sidebar_review' - NoWrap set but would overflow (child_size=77.0, offset=44.0, container=73.0)
[WARN] Layout overflow: 'Review' extends outside parent 'sidebar_review' bounds (child_rel=[44.0,0.0], child_size=[77.0,52.0], child_end=[121.0,52.0], parent_size=[73.0,52.0], gap=12.0, start_offset=0.0)
[WARN] Layout wrap: 'Files' in parent 'sidebar_working_files' - NoWrap set but would overflow (child_size=50.0, offset=44.0, container=73.0)
[WARN] Layout overflow: 'Files' extends outside parent 'sidebar_working_files' bounds (child_rel=[44.0,0.0], child_size=[50.0,52.0], child_end=[94.0,52.0], parent_size=[73.0,52.0], gap=12.0, start_offset=0.0)
[WARN] Layout wrap: '' in parent 'review_changed_files' - NoWrap set but would overflow (child_size=76.0, offset=64.0, container=129.6)
[WARN] Layout overflow: '' extends outside parent 'review_changed_files' bounds (child_rel=[0.0,64.0], child_size=[214.0,76.0], child_end=[214.0,140.0], parent_size=[214.0,129.6], gap=0.0, start_offset=0.0)
[WARN] Layout wrap: 'commit_files_scroll' in parent 'review_changed_files' - NoWrap set but would overflow (child_size=0.0, offset=140.0, container=129.6)
[WARN] Layout overflow: 'commit_files_scroll' extends outside parent 'review_changed_files' bounds (child_rel=[0.0,140.0], child_size=[214.0,0.0], child_end=[214.0,140.0], parent_size=[214.0,129.6], gap=0.0, start_offset=0.0)
[WARN] Layout wrap: '' in parent '' - NoWrap set but would overflow (child_size=192.0, offset=16.0, container=146.0)
[WARN] Layout overflow: '' extends outside parent '' bounds (child_rel=[16.0,4.0], child_size=[192.0,40.0], child_end=[208.0,44.0], parent_size=[146.0,48.0], gap=16.0, start_offset=0.0)
[WARN] Layout wrap: 'Review' in parent 'sidebar_review' - NoWrap set but would overflow (child_size=77.0, offset=44.0, container=73.0)
[WARN] Layout overflow: 'Review' extends outside parent 'sidebar_review' bounds (child_rel=[44.0,0.0], child_size=[77.0,52.0], child_end=[121.0,52.0], parent_size=[73.0,52.0], gap=12.0, start_offset=0.0)
[WARN] Layout wrap: 'Files' in parent 'sidebar_working_files' - NoWrap set but would overflow (child_size=50.0, offset=44.0, container=73.0)
[WARN] Layout overflow: 'Files' extends outside parent 'sidebar_working_files' bounds (child_rel=[44.0,0.0], child_size=[50.0,52.0], child_end=[94.0,52.0], parent_size=[73.0,52.0], gap=12.0, start_offset=0.0)
[WARN] Layout wrap: '' in parent 'review_changed_files' - NoWrap set but would overflow (child_size=76.0, offset=64.0, container=129.6)
[WARN] Layout overflow: '' extends outside parent 'review_changed_files' bounds (child_rel=[0.0,64.0], child_size=[214.0,76.0], child_end=[214.0,140.0], parent_size=[214.0,129.6], gap=0.0, start_offset=0.0)
[WARN] Layout wrap: 'commit_files_scroll' in parent 'review_changed_files' - NoWrap set but would overflow (child_size=0.0, offset=140.0, container=129.6)
[WARN] Layout overflow: 'commit_files_scroll' extends outside parent 'review_changed_files' bounds (child_rel=[0.0,140.0], child_size=[214.0,0.0], child_end=[214.0,140.0], parent_size=[214.0,129.6], gap=0.0, start_offset=0.0)
[WARN] Layout wrap: '' in parent '' - NoWrap set but would overflow (child_size=192.0, offset=16.0, container=146.0)
[WARN] Layout overflow: '' extends outside parent '' bounds (child_rel=[16.0,4.0], child_size=[192.0,40.0], child_end=[208.0,44.0], parent_size=[146.0,48.0], gap=16.0, start_offset=0.0)
[WARN] Layout wrap: 'Review' in parent 'sidebar_review' - NoWrap set but would overflow (child_size=77.0, offset=44.0, container=73.0)
[WARN] Layout overflow: 'Review' extends outside parent 'sidebar_review' bounds (child_rel=[44.0,0.0], child_size=[77.0,52.0], child_end=[121.0,52.0], parent_size=[73.0,52.0], gap=12.0, start_offset=0.0)
[WARN] Layout wrap: 'Files' in parent 'sidebar_working_files' - NoWrap set but would overflow (child_size=50.0, offset=44.0, container=73.0)
[WARN] Layout overflow: 'Files' extends outside parent 'sidebar_working_files' bounds (child_rel=[44.0,0.0], child_size=[50.0,52.0], child_end=[94.0,52.0], parent_size=[73.0,52.0], gap=12.0, start_offset=0.0)
[WARN] Layout wrap: '' in parent 'review_changed_files' - NoWrap set but would overflow (child_size=76.0, offset=64.0, container=129.6)
[WARN] Layout overflow: '' extends outside parent 'review_changed_files' bounds (child_rel=[0.0,64.0], child_size=[214.0,76.0], child_end=[214.0,140.0], parent_size=[214.0,129.6], gap=0.0, start_offset=0.0)
[WARN] Layout wrap: 'commit_files_scroll' in parent 'review_changed_files' - NoWrap set but would overflow (child_size=0.0, offset=140.0, container=129.6)
[WARN] Layout overflow: 'commit_files_scroll' extends outside parent 'review_changed_files' bounds (child_rel=[0.0,140.0], child_size=[214.0,0.0], child_end=[214.0,140.0], parent_size=[214.0,129.6], gap=0.0, start_offset=0.0)
[WARN] Layout wrap: '' in parent '' - NoWrap set but would overflow (child_size=192.0, offset=16.0, container=146.0)
[WARN] Layout overflow: '' extends outside parent '' bounds (child_rel=[16.0,4.0], child_size=[192.0,40.0], child_end=[208.0,44.0], parent_size=[146.0,48.0], gap=16.0, start_offset=0.0)
[WARN] Layout wrap: 'Review' in parent 'sidebar_review' - NoWrap set but would overflow (child_size=77.0, offset=44.0, container=73.0)
[WARN] Layout overflow: 'Review' extends outside parent 'sidebar_review' bounds (child_rel=[44.0,0.0], child_size=[77.0,52.0], child_end=[121.0,52.0], parent_size=[73.0,52.0], gap=12.0, start_offset=0.0)
[WARN] Layout wrap: 'Files' in parent 'sidebar_working_files' - NoWrap set but would overflow (child_size=50.0, offset=44.0, container=73.0)
[WARN] Layout overflow: 'Files' extends outside parent 'sidebar_working_files' bounds (child_rel=[44.0,0.0], child_size=[50.0,52.0], child_end=[94.0,52.0], parent_size=[73.0,52.0], gap=12.0, start_offset=0.0)
[WARN] Layout wrap: '' in parent 'review_changed_files' - NoWrap set but would overflow (child_size=76.0, offset=64.0, container=129.6)
[WARN] Layout overflow: '' extends outside parent 'review_changed_files' bounds (child_rel=[0.0,64.0], child_size=[214.0,76.0], child_end=[214.0,140.0], parent_size=[214.0,129.6], gap=0.0, start_offset=0.0)
[WARN] Layout wrap: 'commit_files_scroll' in parent 'review_changed_files' - NoWrap set but would overflow (child_size=0.0, offset=140.0, container=129.6)
[WARN] Layout overflow: 'commit_files_scroll' extends outside parent 'review_changed_files' bounds (child_rel=[0.0,140.0], child_size=[214.0,0.0], child_end=[214.0,140.0], parent_size=[214.0,129.6], gap=0.0, start_offset=0.0)
[WARN] Layout wrap: '' in parent '' - NoWrap set but would overflow (child_size=192.0, offset=16.0, container=146.0)
[WARN] Layout overflow: '' extends outside parent '' bounds (child_rel=[16.0,4.0], child_size=[192.0,40.0], child_end=[208.0,44.0], parent_size=[146.0,48.0], gap=16.0, start_offset=0.0)
[WARN] Layout wrap: 'Review' in parent 'sidebar_review' - NoWrap set but would overflow (child_size=77.0, offset=44.0, container=73.0)
[WARN] Layout overflow: 'Review' extends outside parent 'sidebar_review' bounds (child_rel=[44.0,0.0], child_size=[77.0,52.0], child_end=[121.0,52.0], parent_size=[73.0,52.0], gap=12.0, start_offset=0.0)
[WARN] Layout wrap: 'Files' in parent 'sidebar_working_files' - NoWrap set but would overflow (child_size=50.0, offset=44.0, container=73.0)
[WARN] Layout overflow: 'Files' extends outside parent 'sidebar_working_files' bounds (child_rel=[44.0,0.0], child_size=[50.0,52.0], child_end=[94.0,52.0], parent_size=[73.0,52.0], gap=12.0, start_offset=0.0)
[WARN] Layout wrap: '' in parent 'review_changed_files' - NoWrap set but would overflow (child_size=76.0, offset=64.0, container=129.6)
[WARN] Layout overflow: '' extends outside parent 'review_changed_files' bounds (child_rel=[0.0,64.0], child_size=[214.0,76.0], child_end=[214.0,140.0], parent_size=[214.0,129.6], gap=0.0, start_offset=0.0)
[WARN] Layout wrap: 'commit_files_scroll' in parent 'review_changed_files' - NoWrap set but would overflow (child_size=0.0, offset=140.0, container=129.6)
[WARN] Layout overflow: 'commit_files_scroll' extends outside parent 'review_changed_files' bounds (child_rel=[0.0,140.0], child_size=[214.0,0.0], child_end=[214.0,140.0], parent_size=[214.0,129.6], gap=0.0, start_offset=0.0)
[WARN] Layout wrap: '' in parent '' - NoWrap set but would overflow (child_size=192.0, offset=16.0, container=146.0)
[WARN] Layout overflow: '' extends outside parent '' bounds (child_rel=[16.0,4.0], child_size=[192.0,40.0], child_end=[208.0,44.0], parent_size=[146.0,48.0], gap=16.0, start_offset=0.0)
[WARN] Layout wrap: 'Review' in parent 'sidebar_review' - NoWrap set but would overflow (child_size=77.0, offset=44.0, container=73.0)
[WARN] Layout overflow: 'Review' extends outside parent 'sidebar_review' bounds (child_rel=[44.0,0.0], child_size=[77.0,52.0], child_end=[121.0,52.0], parent_size=[73.0,52.0], gap=12.0, start_offset=0.0)
[WARN] Layout wrap: 'Files' in parent 'sidebar_working_files' - NoWrap set but would overflow (child_size=50.0, offset=44.0, container=73.0)
[WARN] Layout overflow: 'Files' extends outside parent 'sidebar_working_files' bounds (child_rel=[44.0,0.0], child_size=[50.0,52.0], child_end=[94.0,52.0], parent_size=[73.0,52.0], gap=12.0, start_offset=0.0)
[WARN] Layout wrap: '' in parent 'review_changed_files' - NoWrap set but would overflow (child_size=76.0, offset=64.0, container=129.6)
[WARN] Layout overflow: '' extends outside parent 'review_changed_files' bounds (child_rel=[0.0,64.0], child_size=[214.0,76.0], child_end=[214.0,140.0], parent_size=[214.0,129.6], gap=0.0, start_offset=0.0)
[WARN] Layout wrap: 'commit_files_scroll' in parent 'review_changed_files' - NoWrap set but would overflow (child_size=0.0, offset=140.0, container=129.6)
[WARN] Layout overflow: 'commit_files_scroll' extends outside parent 'review_changed_files' bounds (child_rel=[0.0,140.0], child_size=[214.0,0.0], child_end=[214.0,140.0], parent_size=[214.0,129.6], gap=0.0, start_offset=0.0)
[WARN] Layout wrap: '' in parent '' - NoWrap set but would overflow (child_size=192.0, offset=16.0, container=146.0)
[WARN] Layout overflow: '' extends outside parent '' bounds (child_rel=[16.0,4.0], child_size=[192.0,40.0], child_end=[208.0,44.0], parent_size=[146.0,48.0], gap=16.0, start_offset=0.0)
[WARN] Layout wrap: 'Review' in parent 'sidebar_review' - NoWrap set but would overflow (child_size=77.0, offset=44.0, container=73.0)
[WARN] Layout overflow: 'Review' extends outside parent 'sidebar_review' bounds (child_rel=[44.0,0.0], child_size=[77.0,52.0], child_end=[121.0,52.0], parent_size=[73.0,52.0], gap=12.0, start_offset=0.0)
[WARN] Layout wrap: 'Files' in parent 'sidebar_working_files' - NoWrap set but would overflow (child_size=50.0, offset=44.0, container=73.0)
[WARN] Layout overflow: 'Files' extends outside parent 'sidebar_working_files' bounds (child_rel=[44.0,0.0], child_size=[50.0,52.0], child_end=[94.0,52.0], parent_size=[73.0,52.0], gap=12.0, start_offset=0.0)
[WARN] Layout wrap: '' in parent 'review_changed_files' - NoWrap set but would overflow (child_size=76.0, offset=64.0, container=129.6)
[WARN] Layout overflow: '' extends outside parent 'review_changed_files' bounds (child_rel=[0.0,64.0], child_size=[214.0,76.0], child_end=[214.0,140.0], parent_size=[214.0,129.6], gap=0.0, start_offset=0.0)
[WARN] Layout wrap: 'commit_files_scroll' in parent 'review_changed_files' - NoWrap set but would overflow (child_size=0.0, offset=140.0, container=129.6)
[WARN] Layout overflow: 'commit_files_scroll' extends outside parent 'review_changed_files' bounds (child_rel=[0.0,140.0], child_size=[214.0,0.0], child_end=[214.0,140.0], parent_size=[214.0,129.6], gap=0.0, start_offset=0.0)
[WARN] Layout wrap: '' in parent '' - NoWrap set but would overflow (child_size=192.0, offset=16.0, container=146.0)
[WARN] Layout overflow: '' extends outside parent '' bounds (child_rel=[16.0,4.0], child_size=[192.0,40.0], child_end=[208.0,44.0], parent_size=[146.0,48.0], gap=16.0, start_offset=0.0)
[WARN] Layout wrap: 'Review' in parent 'sidebar_review' - NoWrap set but would overflow (child_size=77.0, offset=44.0, container=73.0)
[WARN] Layout overflow: 'Review' extends outside parent 'sidebar_review' bounds (child_rel=[44.0,0.0], child_size=[77.0,52.0], child_end=[121.0,52.0], parent_size=[73.0,52.0], gap=12.0, start_offset=0.0)
[WARN] Layout wrap: 'Files' in parent 'sidebar_working_files' - NoWrap set but would overflow (child_size=50.0, offset=44.0, container=73.0)
[WARN] Layout overflow: 'Files' extends outside parent 'sidebar_working_files' bounds (child_rel=[44.0,0.0], child_size=[50.0,52.0], child_end=[94.0,52.0], parent_size=[73.0,52.0], gap=12.0, start_offset=0.0)
[WARN] Layout wrap: '' in parent 'review_changed_files' - NoWrap set but would overflow (child_size=76.0, offset=64.0, container=129.6)
[WARN] Layout overflow: '' extends outside parent 'review_changed_files' bounds (child_rel=[0.0,64.0], child_size=[214.0,76.0], child_end=[214.0,140.0], parent_size=[214.0,129.6], gap=0.0, start_offset=0.0)
[WARN] Layout wrap: 'commit_files_scroll' in parent 'review_changed_files' - NoWrap set but would overflow (child_size=0.0, offset=140.0, container=129.6)
[WARN] Layout overflow: 'commit_files_scroll' extends outside parent 'review_changed_files' bounds (child_rel=[0.0,140.0], child_size=[214.0,0.0], child_end=[214.0,140.0], parent_size=[214.0,129.6], gap=0.0, start_offset=0.0)
[WARN] Layout wrap: '' in parent '' - NoWrap set but would overflow (child_size=192.0, offset=16.0, container=146.0)
[WARN] Layout overflow: '' extends outside parent '' bounds (child_rel=[16.0,4.0], child_size=[192.0,40.0], child_end=[208.0,44.0], parent_size=[146.0,48.0], gap=16.0, start_offset=0.0)
[WARN] Layout wrap: 'Review' in parent 'sidebar_review' - NoWrap set but would overflow (child_size=77.0, offset=44.0, container=73.0)
[WARN] Layout overflow: 'Review' extends outside parent 'sidebar_review' bounds (child_rel=[44.0,0.0], child_size=[77.0,52.0], child_end=[121.0,52.0], parent_size=[73.0,52.0], gap=12.0, start_offset=0.0)
[WARN] Layout wrap: 'Files' in parent 'sidebar_working_files' - NoWrap set but would overflow (child_size=50.0, offset=44.0, container=73.0)
[WARN] Layout overflow: 'Files' extends outside parent 'sidebar_working_files' bounds (child_rel=[44.0,0.0], child_size=[50.0,52.0], child_end=[94.0,52.0], parent_size=[73.0,52.0], gap=12.0, start_offset=0.0)
[WARN] Layout wrap: '' in parent 'review_changed_files' - NoWrap set but would overflow (child_size=76.0, offset=64.0, container=129.6)
[WARN] Layout overflow: '' extends outside parent 'review_changed_files' bounds (child_rel=[0.0,64.0], child_size=[214.0,76.0], child_end=[214.0,140.0], parent_size=[214.0,129.6], gap=0.0, start_offset=0.0)
[WARN] Layout wrap: 'commit_files_scroll' in parent 'review_changed_files' - NoWrap set but would overflow (child_size=0.0, offset=140.0, container=129.6)
[WARN] Layout overflow: 'commit_files_scroll' extends outside parent 'review_changed_files' bounds (child_rel=[0.0,140.0], child_size=[214.0,0.0], child_end=[214.0,140.0], parent_size=[214.0,129.6], gap=0.0, start_offset=0.0)
[WARN] Layout wrap: '' in parent '' - NoWrap set but would overflow (child_size=192.0, offset=16.0, container=146.0)
[WARN] Layout overflow: '' extends outside parent '' bounds (child_rel=[16.0,4.0], child_size=[192.0,40.0], child_end=[208.0,44.0], parent_size=[146.0,48.0], gap=16.0, start_offset=0.0)
[WARN] Layout wrap: 'Review' in parent 'sidebar_review' - NoWrap set but would overflow (child_size=77.0, offset=44.0, container=73.0)
[WARN] Layout overflow: 'Review' extends outside parent 'sidebar_review' bounds (child_rel=[44.0,0.0], child_size=[77.0,52.0], child_end=[121.0,52.0], parent_size=[73.0,52.0], gap=12.0, start_offset=0.0)
[WARN] Layout wrap: 'Files' in parent 'sidebar_working_files' - NoWrap set but would overflow (child_size=50.0, offset=44.0, container=73.0)
[WARN] Layout overflow: 'Files' extends outside parent 'sidebar_working_files' bounds (child_rel=[44.0,0.0], child_size=[50.0,52.0], child_end=[94.0,52.0], parent_size=[73.0,52.0], gap=12.0, start_offset=0.0)
[WARN] Layout wrap: '' in parent 'review_changed_files' - NoWrap set but would overflow (child_size=76.0, offset=64.0, container=129.6)
[WARN] Layout overflow: '' extends outside parent 'review_changed_files' bounds (child_rel=[0.0,64.0], child_size=[214.0,76.0], child_end=[214.0,140.0], parent_size=[214.0,129.6], gap=0.0, start_offset=0.0)
[WARN] Layout wrap: 'commit_files_scroll' in parent 'review_changed_files' - NoWrap set but would overflow (child_size=0.0, offset=140.0, container=129.6)
[WARN] Layout overflow: 'commit_files_scroll' extends outside parent 'review_changed_files' bounds (child_rel=[0.0,140.0], child_size=[214.0,0.0], child_end=[214.0,140.0], parent_size=[214.0,129.6], gap=0.0, start_offset=0.0)
[WARN] Layout wrap: '' in parent '' - NoWrap set but would overflow (child_size=192.0, offset=16.0, container=146.0)
[WARN] Layout overflow: '' extends outside parent '' bounds (child_rel=[16.0,4.0], child_size=[192.0,40.0], child_end=[208.0,44.0], parent_size=[146.0,48.0], gap=16.0, start_offset=0.0)
[WARN] Layout wrap: 'Review' in parent 'sidebar_review' - NoWrap set but would overflow (child_size=77.0, offset=44.0, container=73.0)
[WARN] Layout overflow: 'Review' extends outside parent 'sidebar_review' bounds (child_rel=[44.0,0.0], child_size=[77.0,52.0], child_end=[121.0,52.0], parent_size=[73.0,52.0], gap=12.0, start_offset=0.0)
[WARN] Layout wrap: 'Files' in parent 'sidebar_working_files' - NoWrap set but would overflow (child_size=50.0, offset=44.0, container=73.0)
[WARN] Layout overflow: 'Files' extends outside parent 'sidebar_working_files' bounds (child_rel=[44.0,0.0], child_size=[50.0,52.0], child_end=[94.0,52.0], parent_size=[73.0,52.0], gap=12.0, start_offset=0.0)
[WARN] Layout wrap: '' in parent 'review_changed_files' - NoWrap set but would overflow (child_size=76.0, offset=64.0, container=129.6)
[WARN] Layout overflow: '' extends outside parent 'review_changed_files' bounds (child_rel=[0.0,64.0], child_size=[214.0,76.0], child_end=[214.0,140.0], parent_size=[214.0,129.6], gap=0.0, start_offset=0.0)
[WARN] Layout wrap: 'commit_files_scroll' in parent 'review_changed_files' - NoWrap set but would overflow (child_size=0.0, offset=140.0, container=129.6)
[WARN] Layout overflow: 'commit_files_scroll' extends outside parent 'review_changed_files' bounds (child_rel=[0.0,140.0], child_size=[214.0,0.0], child_end=[214.0,140.0], parent_size=[214.0,129.6], gap=0.0, start_offset=0.0)
[WARN] Layout wrap: '' in parent '' - NoWrap set but would overflow (child_size=192.0, offset=16.0, container=146.0)
[WARN] Layout overflow: '' extends outside parent '' bounds (child_rel=[16.0,4.0], child_size=[192.0,40.0], child_end=[208.0,44.0], parent_size=[146.0,48.0], gap=16.0, start_offset=0.0)
[WARN] Layout wrap: 'Review' in parent 'sidebar_review' - NoWrap set but would overflow (child_size=77.0, offset=44.0, container=73.0)
[WARN] Layout overflow: 'Review' extends outside parent 'sidebar_review' bounds (child_rel=[44.0,0.0], child_size=[77.0,52.0], child_end=[121.0,52.0], parent_size=[73.0,52.0], gap=12.0, start_offset=0.0)
[WARN] Layout wrap: 'Files' in parent 'sidebar_working_files' - NoWrap set but would overflow (child_size=50.0, offset=44.0, container=73.0)
[WARN] Layout overflow: 'Files' extends outside parent 'sidebar_working_files' bounds (child_rel=[44.0,0.0], child_size=[50.0,52.0], child_end=[94.0,52.0], parent_size=[73.0,52.0], gap=12.0, start_offset=0.0)
[WARN] Layout wrap: '' in parent 'review_changed_files' - NoWrap set but would overflow (child_size=76.0, offset=64.0, container=129.6)
[WARN] Layout overflow: '' extends outside parent 'review_changed_files' bounds (child_rel=[0.0,64.0], child_size=[214.0,76.0], child_end=[214.0,140.0], parent_size=[214.0,129.6], gap=0.0, start_offset=0.0)
[WARN] Layout wrap: 'commit_files_scroll' in parent 'review_changed_files' - NoWrap set but would overflow (child_size=0.0, offset=140.0, container=129.6)
[WARN] Layout overflow: 'commit_files_scroll' extends outside parent 'review_changed_files' bounds (child_rel=[0.0,140.0], child_size=[214.0,0.0], child_end=[214.0,140.0], parent_size=[214.0,129.6], gap=0.0, start_offset=0.0)
[WARN] Layout wrap: '' in parent '' - NoWrap set but would overflow (child_size=192.0, offset=16.0, container=146.0)
[WARN] Layout overflow: '' extends outside parent '' bounds (child_rel=[16.0,4.0], child_size=[192.0,40.0], child_end=[208.0,44.0], parent_size=[146.0,48.0], gap=16.0, start_offset=0.0)
[WARN] Layout wrap: 'Review' in parent 'sidebar_review' - NoWrap set but would overflow (child_size=77.0, offset=44.0, container=73.0)
[WARN] Layout overflow: 'Review' extends outside parent 'sidebar_review' bounds (child_rel=[44.0,0.0], child_size=[77.0,52.0], child_end=[121.0,52.0], parent_size=[73.0,52.0], gap=12.0, start_offset=0.0)
[WARN] Layout wrap: 'Files' in parent 'sidebar_working_files' - NoWrap set but would overflow (child_size=50.0, offset=44.0, container=73.0)
[WARN] Layout overflow: 'Files' extends outside parent 'sidebar_working_files' bounds (child_rel=[44.0,0.0], child_size=[50.0,52.0], child_end=[94.0,52.0], parent_size=[73.0,52.0], gap=12.0, start_offset=0.0)
[WARN] Layout wrap: '' in parent 'review_changed_files' - NoWrap set but would overflow (child_size=76.0, offset=64.0, container=129.6)
[WARN] Layout overflow: '' extends outside parent 'review_changed_files' bounds (child_rel=[0.0,64.0], child_size=[214.0,76.0], child_end=[214.0,140.0], parent_size=[214.0,129.6], gap=0.0, start_offset=0.0)
[WARN] Layout wrap: 'commit_files_scroll' in parent 'review_changed_files' - NoWrap set but would overflow (child_size=0.0, offset=140.0, container=129.6)
[WARN] Layout overflow: 'commit_files_scroll' extends outside parent 'review_changed_files' bounds (child_rel=[0.0,140.0], child_size=[214.0,0.0], child_end=[214.0,140.0], parent_size=[214.0,129.6], gap=0.0, start_offset=0.0)
[WARN] Layout wrap: '' in parent '' - NoWrap set but would overflow (child_size=192.0, offset=16.0, container=146.0)
[WARN] Layout overflow: '' extends outside parent '' bounds (child_rel=[16.0,4.0], child_size=[192.0,40.0], child_end=[208.0,44.0], parent_size=[146.0,48.0], gap=16.0, start_offset=0.0)
[WARN] Layout wrap: 'Review' in parent 'sidebar_review' - NoWrap set but would overflow (child_size=77.0, offset=44.0, container=73.0)
[WARN] Layout overflow: 'Review' extends outside parent 'sidebar_review' bounds (child_rel=[44.0,0.0], child_size=[77.0,52.0], child_end=[121.0,52.0], parent_size=[73.0,52.0], gap=12.0, start_offset=0.0)
[WARN] Layout wrap: 'Files' in parent 'sidebar_working_files' - NoWrap set but would overflow (child_size=50.0, offset=44.0, container=73.0)
[WARN] Layout overflow: 'Files' extends outside parent 'sidebar_working_files' bounds (child_rel=[44.0,0.0], child_size=[50.0,52.0], child_end=[94.0,52.0], parent_size=[73.0,52.0], gap=12.0, start_offset=0.0)
[WARN] Layout wrap: '' in parent 'review_changed_files' - NoWrap set but would overflow (child_size=76.0, offset=64.0, container=129.6)
[WARN] Layout overflow: '' extends outside parent 'review_changed_files' bounds (child_rel=[0.0,64.0], child_size=[214.0,76.0], child_end=[214.0,140.0], parent_size=[214.0,129.6], gap=0.0, start_offset=0.0)
[WARN] Layout wrap: 'commit_files_scroll' in parent 'review_changed_files' - NoWrap set but would overflow (child_size=0.0, offset=140.0, container=129.6)
[WARN] Layout overflow: 'commit_files_scroll' extends outside parent 'review_changed_files' bounds (child_rel=[0.0,140.0], child_size=[214.0,0.0], child_end=[214.0,140.0], parent_size=[214.0,129.6], gap=0.0, start_offset=0.0)
[WARN] Layout wrap: '' in parent '' - NoWrap set but would overflow (child_size=192.0, offset=16.0, container=146.0)
[WARN] Layout overflow: '' extends outside parent '' bounds (child_rel=[16.0,4.0], child_size=[192.0,40.0], child_end=[208.0,44.0], parent_size=[146.0,48.0], gap=16.0, start_offset=0.0)
[WARN] Layout wrap: 'Review' in parent 'sidebar_review' - NoWrap set but would overflow (child_size=77.0, offset=44.0, container=73.0)
[WARN] Layout overflow: 'Review' extends outside parent 'sidebar_review' bounds (child_rel=[44.0,0.0], child_size=[77.0,52.0], child_end=[121.0,52.0], parent_size=[73.0,52.0], gap=12.0, start_offset=0.0)
[WARN] Layout wrap: 'Files' in parent 'sidebar_working_files' - NoWrap set but would overflow (child_size=50.0, offset=44.0, container=73.0)
[WARN] Layout overflow: 'Files' extends outside parent 'sidebar_working_files' bounds (child_rel=[44.0,0.0], child_size=[50.0,52.0], child_end=[94.0,52.0], parent_size=[73.0,52.0], gap=12.0, start_offset=0.0)
[WARN] Layout wrap: '' in parent 'review_changed_files' - NoWrap set but would overflow (child_size=76.0, offset=64.0, container=129.6)
[WARN] Layout overflow: '' extends outside parent 'review_changed_files' bounds (child_rel=[0.0,64.0], child_size=[214.0,76.0], child_end=[214.0,140.0], parent_size=[214.0,129.6], gap=0.0, start_offset=0.0)
[WARN] Layout wrap: 'commit_files_scroll' in parent 'review_changed_files' - NoWrap set but would overflow (child_size=0.0, offset=140.0, container=129.6)
[WARN] Layout overflow: 'commit_files_scroll' extends outside parent 'review_changed_files' bounds (child_rel=[0.0,140.0], child_size=[214.0,0.0], child_end=[214.0,140.0], parent_size=[214.0,129.6], gap=0.0, start_offset=0.0)
[WARN] Layout wrap: '' in parent '' - NoWrap set but would overflow (child_size=192.0, offset=16.0, container=146.0)
[WARN] Layout overflow: '' extends outside parent '' bounds (child_rel=[16.0,4.0], child_size=[192.0,40.0], child_end=[208.0,44.0], parent_size=[146.0,48.0], gap=16.0, start_offset=0.0)
[WARN] Layout wrap: 'Review' in parent 'sidebar_review' - NoWrap set but would overflow (child_size=77.0, offset=44.0, container=73.0)
[WARN] Layout overflow: 'Review' extends outside parent 'sidebar_review' bounds (child_rel=[44.0,0.0], child_size=[77.0,52.0], child_end=[121.0,52.0], parent_size=[73.0,52.0], gap=12.0, start_offset=0.0)
[WARN] Layout wrap: 'Files' in parent 'sidebar_working_files' - NoWrap set but would overflow (child_size=50.0, offset=44.0, container=73.0)
[WARN] Layout overflow: 'Files' extends outside parent 'sidebar_working_files' bounds (child_rel=[44.0,0.0], child_size=[50.0,52.0], child_end=[94.0,52.0], parent_size=[73.0,52.0], gap=12.0, start_offset=0.0)
[WARN] Layout wrap: '' in parent 'review_changed_files' - NoWrap set but would overflow (child_size=76.0, offset=64.0, container=129.6)
[WARN] Layout overflow: '' extends outside parent 'review_changed_files' bounds (child_rel=[0.0,64.0], child_size=[214.0,76.0], child_end=[214.0,140.0], parent_size=[214.0,129.6], gap=0.0, start_offset=0.0)
[WARN] Layout wrap: 'commit_files_scroll' in parent 'review_changed_files' - NoWrap set but would overflow (child_size=0.0, offset=140.0, container=129.6)
[WARN] Layout overflow: 'commit_files_scroll' extends outside parent 'review_changed_files' bounds (child_rel=[0.0,140.0], child_size=[214.0,0.0], child_end=[214.0,140.0], parent_size=[214.0,129.6], gap=0.0, start_offset=0.0)
[WARN] Layout wrap: '' in parent '' - NoWrap set but would overflow (child_size=192.0, offset=16.0, container=146.0)
[WARN] Layout overflow: '' extends outside parent '' bounds (child_rel=[16.0,4.0], child_size=[192.0,40.0], child_end=[208.0,44.0], parent_size=[146.0,48.0], gap=16.0, start_offset=0.0)
[WARN] Layout wrap: 'Review' in parent 'sidebar_review' - NoWrap set but would overflow (child_size=77.0, offset=44.0, container=73.0)
[WARN] Layout overflow: 'Review' extends outside parent 'sidebar_review' bounds (child_rel=[44.0,0.0], child_size=[77.0,52.0], child_end=[121.0,52.0], parent_size=[73.0,52.0], gap=12.0, start_offset=0.0)
[WARN] Layout wrap: 'Files' in parent 'sidebar_working_files' - NoWrap set but would overflow (child_size=50.0, offset=44.0, container=73.0)
[WARN] Layout overflow: 'Files' extends outside parent 'sidebar_working_files' bounds (child_rel=[44.0,0.0], child_size=[50.0,52.0], child_end=[94.0,52.0], parent_size=[73.0,52.0], gap=12.0, start_offset=0.0)
[WARN] Layout wrap: '' in parent 'review_changed_files' - NoWrap set but would overflow (child_size=76.0, offset=64.0, container=129.6)
[WARN] Layout overflow: '' extends outside parent 'review_changed_files' bounds (child_rel=[0.0,64.0], child_size=[214.0,76.0], child_end=[214.0,140.0], parent_size=[214.0,129.6], gap=0.0, start_offset=0.0)
[WARN] Layout wrap: 'commit_files_scroll' in parent 'review_changed_files' - NoWrap set but would overflow (child_size=0.0, offset=140.0, container=129.6)
[WARN] Layout overflow: 'commit_files_scroll' extends outside parent 'review_changed_files' bounds (child_rel=[0.0,140.0], child_size=[214.0,0.0], child_end=[214.0,140.0], parent_size=[214.0,129.6], gap=0.0, start_offset=0.0)
[WARN] Layout wrap: '' in parent '' - NoWrap set but would overflow (child_size=192.0, offset=16.0, container=146.0)
[WARN] Layout overflow: '' extends outside parent '' bounds (child_rel=[16.0,4.0], child_size=[192.0,40.0], child_end=[208.0,44.0], parent_size=[146.0,48.0], gap=16.0, start_offset=0.0)
[WARN] Layout wrap: 'Review' in parent 'sidebar_review' - NoWrap set but would overflow (child_size=77.0, offset=44.0, container=73.0)
[WARN] Layout overflow: 'Review' extends outside parent 'sidebar_review' bounds (child_rel=[44.0,0.0], child_size=[77.0,52.0], child_end=[121.0,52.0], parent_size=[73.0,52.0], gap=12.0, start_offset=0.0)
[WARN] Layout wrap: 'Files' in parent 'sidebar_working_files' - NoWrap set but would overflow (child_size=50.0, offset=44.0, container=73.0)
[WARN] Layout overflow: 'Files' extends outside parent 'sidebar_working_files' bounds (child_rel=[44.0,0.0], child_size=[50.0,52.0], child_end=[94.0,52.0], parent_size=[73.0,52.0], gap=12.0, start_offset=0.0)
[WARN] Layout wrap: '' in parent 'review_changed_files' - NoWrap set but would overflow (child_size=76.0, offset=64.0, container=129.6)
[WARN] Layout overflow: '' extends outside parent 'review_changed_files' bounds (child_rel=[0.0,64.0], child_size=[214.0,76.0], child_end=[214.0,140.0], parent_size=[214.0,129.6], gap=0.0, start_offset=0.0)
[WARN] Layout wrap: 'commit_files_scroll' in parent 'review_changed_files' - NoWrap set but would overflow (child_size=0.0, offset=140.0, container=129.6)
[WARN] Layout overflow: 'commit_files_scroll' extends outside parent 'review_changed_files' bounds (child_rel=[0.0,140.0], child_size=[214.0,0.0], child_end=[214.0,140.0], parent_size=[214.0,129.6], gap=0.0, start_offset=0.0)
[WARN] Layout wrap: '' in parent '' - NoWrap set but would overflow (child_size=192.0, offset=16.0, container=146.0)
[WARN] Layout overflow: '' extends outside parent '' bounds (child_rel=[16.0,4.0], child_size=[192.0,40.0], child_end=[208.0,44.0], parent_size=[146.0,48.0], gap=16.0, start_offset=0.0)
[WARN] Layout wrap: 'Review' in parent 'sidebar_review' - NoWrap set but would overflow (child_size=77.0, offset=44.0, container=73.0)
[WARN] Layout overflow: 'Review' extends outside parent 'sidebar_review' bounds (child_rel=[44.0,0.0], child_size=[77.0,52.0], child_end=[121.0,52.0], parent_size=[73.0,52.0], gap=12.0, start_offset=0.0)
[WARN] Layout wrap: 'Files' in parent 'sidebar_working_files' - NoWrap set but would overflow (child_size=50.0, offset=44.0, container=73.0)
[WARN] Layout overflow: 'Files' extends outside parent 'sidebar_working_files' bounds (child_rel=[44.0,0.0], child_size=[50.0,52.0], child_end=[94.0,52.0], parent_size=[73.0,52.0], gap=12.0, start_offset=0.0)
[WARN] Layout wrap: '' in parent 'review_changed_files' - NoWrap set but would overflow (child_size=76.0, offset=64.0, container=129.6)
[WARN] Layout overflow: '' extends outside parent 'review_changed_files' bounds (child_rel=[0.0,64.0], child_size=[214.0,76.0], child_end=[214.0,140.0], parent_size=[214.0,129.6], gap=0.0, start_offset=0.0)
[WARN] Layout wrap: 'commit_files_scroll' in parent 'review_changed_files' - NoWrap set but would overflow (child_size=0.0, offset=140.0, container=129.6)
[WARN] Layout overflow: 'commit_files_scroll' extends outside parent 'review_changed_files' bounds (child_rel=[0.0,140.0], child_size=[214.0,0.0], child_end=[214.0,140.0], parent_size=[214.0,129.6], gap=0.0, start_offset=0.0)
[WARN] Layout wrap: '' in parent '' - NoWrap set but would overflow (child_size=192.0, offset=16.0, container=146.0)
[WARN] Layout overflow: '' extends outside parent '' bounds (child_rel=[16.0,4.0], child_size=[192.0,40.0], child_end=[208.0,44.0], parent_size=[146.0,48.0], gap=16.0, start_offset=0.0)
[WARN] Layout wrap: 'Review' in parent 'sidebar_review' - NoWrap set but would overflow (child_size=77.0, offset=44.0, container=73.0)
[WARN] Layout overflow: 'Review' extends outside parent 'sidebar_review' bounds (child_rel=[44.0,0.0], child_size=[77.0,52.0], child_end=[121.0,52.0], parent_size=[73.0,52.0], gap=12.0, start_offset=0.0)
[WARN] Layout wrap: 'Files' in parent 'sidebar_working_files' - NoWrap set but would overflow (child_size=50.0, offset=44.0, container=73.0)
[WARN] Layout overflow: 'Files' extends outside parent 'sidebar_working_files' bounds (child_rel=[44.0,0.0], child_size=[50.0,52.0], child_end=[94.0,52.0], parent_size=[73.0,52.0], gap=12.0, start_offset=0.0)
[WARN] Layout wrap: '' in parent 'review_changed_files' - NoWrap set but would overflow (child_size=76.0, offset=64.0, container=129.6)
[WARN] Layout overflow: '' extends outside parent 'review_changed_files' bounds (child_rel=[0.0,64.0], child_size=[214.0,76.0], child_end=[214.0,140.0], parent_size=[214.0,129.6], gap=0.0, start_offset=0.0)
[WARN] Layout wrap: 'commit_files_scroll' in parent 'review_changed_files' - NoWrap set but would overflow (child_size=0.0, offset=140.0, container=129.6)
[WARN] Layout overflow: 'commit_files_scroll' extends outside parent 'review_changed_files' bounds (child_rel=[0.0,140.0], child_size=[214.0,0.0], child_end=[214.0,140.0], parent_size=[214.0,129.6], gap=0.0, start_offset=0.0)
[WARN] Layout wrap: '' in parent '' - NoWrap set but would overflow (child_size=192.0, offset=16.0, container=146.0)
[WARN] Layout overflow: '' extends outside parent '' bounds (child_rel=[16.0,4.0], child_size=[192.0,40.0], child_end=[208.0,44.0], parent_size=[146.0,48.0], gap=16.0, start_offset=0.0)
[WARN] Layout wrap: 'Review' in parent 'sidebar_review' - NoWrap set but would overflow (child_size=77.0, offset=44.0, container=73.0)
[WARN] Layout overflow: 'Review' extends outside parent 'sidebar_review' bounds (child_rel=[44.0,0.0], child_size=[77.0,52.0], child_end=[121.0,52.0], parent_size=[73.0,52.0], gap=12.0, start_offset=0.0)
[WARN] Layout wrap: 'Files' in parent 'sidebar_working_files' - NoWrap set but would overflow (child_size=50.0, offset=44.0, container=73.0)
[WARN] Layout overflow: 'Files' extends outside parent 'sidebar_working_files' bounds (child_rel=[44.0,0.0], child_size=[50.0,52.0], child_end=[94.0,52.0], parent_size=[73.0,52.0], gap=12.0, start_offset=0.0)
[WARN] Layout wrap: '' in parent 'review_changed_files' - NoWrap set but would overflow (child_size=76.0, offset=64.0, container=129.6)
[WARN] Layout overflow: '' extends outside parent 'review_changed_files' bounds (child_rel=[0.0,64.0], child_size=[214.0,76.0], child_end=[214.0,140.0], parent_size=[214.0,129.6], gap=0.0, start_offset=0.0)
[WARN] Layout wrap: 'commit_files_scroll' in parent 'review_changed_files' - NoWrap set but would overflow (child_size=0.0, offset=140.0, container=129.6)
[WARN] Layout overflow: 'commit_files_scroll' extends outside parent 'review_changed_files' bounds (child_rel=[0.0,140.0], child_size=[214.0,0.0], child_end=[214.0,140.0], parent_size=[214.0,129.6], gap=0.0, start_offset=0.0)
[WARN] Layout wrap: '' in parent '' - NoWrap set but would overflow (child_size=192.0, offset=16.0, container=146.0)
[WARN] Layout overflow: '' extends outside parent '' bounds (child_rel=[16.0,4.0], child_size=[192.0,40.0], child_end=[208.0,44.0], parent_size=[146.0,48.0], gap=16.0, start_offset=0.0)
[WARN] Layout wrap: 'Review' in parent 'sidebar_review' - NoWrap set but would overflow (child_size=77.0, offset=44.0, container=73.0)
[WARN] Layout overflow: 'Review' extends outside parent 'sidebar_review' bounds (child_rel=[44.0,0.0], child_size=[77.0,52.0], child_end=[121.0,52.0], parent_size=[73.0,52.0], gap=12.0, start_offset=0.0)
[WARN] Layout wrap: 'Files' in parent 'sidebar_working_files' - NoWrap set but would overflow (child_size=50.0, offset=44.0, container=73.0)
[WARN] Layout overflow: 'Files' extends outside parent 'sidebar_working_files' bounds (child_rel=[44.0,0.0], child_size=[50.0,52.0], child_end=[94.0,52.0], parent_size=[73.0,52.0], gap=12.0, start_offset=0.0)
[WARN] Layout wrap: '' in parent 'review_changed_files' - NoWrap set but would overflow (child_size=76.0, offset=64.0, container=129.6)
[WARN] Layout overflow: '' extends outside parent 'review_changed_files' bounds (child_rel=[0.0,64.0], child_size=[214.0,76.0], child_end=[214.0,140.0], parent_size=[214.0,129.6], gap=0.0, start_offset=0.0)
[WARN] Layout wrap: 'commit_files_scroll' in parent 'review_changed_files' - NoWrap set but would overflow (child_size=0.0, offset=140.0, container=129.6)
[WARN] Layout overflow: 'commit_files_scroll' extends outside parent 'review_changed_files' bounds (child_rel=[0.0,140.0], child_size=[214.0,0.0], child_end=[214.0,140.0], parent_size=[214.0,129.6], gap=0.0, start_offset=0.0)
[WARN] Layout wrap: '' in parent '' - NoWrap set but would overflow (child_size=192.0, offset=16.0, container=146.0)
[WARN] Layout overflow: '' extends outside parent '' bounds (child_rel=[16.0,4.0], child_size=[192.0,40.0], child_end=[208.0,44.0], parent_size=[146.0,48.0], gap=16.0, start_offset=0.0)
[WARN] Layout wrap: 'Review' in parent 'sidebar_review' - NoWrap set but would overflow (child_size=77.0, offset=44.0, container=73.0)
[WARN] Layout overflow: 'Review' extends outside parent 'sidebar_review' bounds (child_rel=[44.0,0.0], child_size=[77.0,52.0], child_end=[121.0,52.0], parent_size=[73.0,52.0], gap=12.0, start_offset=0.0)
[WARN] Layout wrap: 'Files' in parent 'sidebar_working_files' - NoWrap set but would overflow (child_size=50.0, offset=44.0, container=73.0)
[WARN] Layout overflow: 'Files' extends outside parent 'sidebar_working_files' bounds (child_rel=[44.0,0.0], child_size=[50.0,52.0], child_end=[94.0,52.0], parent_size=[73.0,52.0], gap=12.0, start_offset=0.0)
[WARN] Layout wrap: '' in parent 'review_changed_files' - NoWrap set but would overflow (child_size=76.0, offset=64.0, container=129.6)
[WARN] Layout overflow: '' extends outside parent 'review_changed_files' bounds (child_rel=[0.0,64.0], child_size=[214.0,76.0], child_end=[214.0,140.0], parent_size=[214.0,129.6], gap=0.0, start_offset=0.0)
[WARN] Layout wrap: 'commit_files_scroll' in parent 'review_changed_files' - NoWrap set but would overflow (child_size=0.0, offset=140.0, container=129.6)
[WARN] Layout overflow: 'commit_files_scroll' extends outside parent 'review_changed_files' bounds (child_rel=[0.0,140.0], child_size=[214.0,0.0], child_end=[214.0,140.0], parent_size=[214.0,129.6], gap=0.0, start_offset=0.0)
[WARN] Layout wrap: '' in parent '' - NoWrap set but would overflow (child_size=192.0, offset=16.0, container=146.0)
[WARN] Layout overflow: '' extends outside parent '' bounds (child_rel=[16.0,4.0], child_size=[192.0,40.0], child_end=[208.0,44.0], parent_size=[146.0,48.0], gap=16.0, start_offset=0.0)
[WARN] Layout wrap: 'Review' in parent 'sidebar_review' - NoWrap set but would overflow (child_size=77.0, offset=44.0, container=73.0)
[WARN] Layout overflow: 'Review' extends outside parent 'sidebar_review' bounds (child_rel=[44.0,0.0], child_size=[77.0,52.0], child_end=[121.0,52.0], parent_size=[73.0,52.0], gap=12.0, start_offset=0.0)
[WARN] Layout wrap: 'Files' in parent 'sidebar_working_files' - NoWrap set but would overflow (child_size=50.0, offset=44.0, container=73.0)
[WARN] Layout overflow: 'Files' extends outside parent 'sidebar_working_files' bounds (child_rel=[44.0,0.0], child_size=[50.0,52.0], child_end=[94.0,52.0], parent_size=[73.0,52.0], gap=12.0, start_offset=0.0)
[WARN] Layout wrap: '' in parent 'review_changed_files' - NoWrap set but would overflow (child_size=76.0, offset=64.0, container=129.6)
[WARN] Layout overflow: '' extends outside parent 'review_changed_files' bounds (child_rel=[0.0,64.0], child_size=[214.0,76.0], child_end=[214.0,140.0], parent_size=[214.0,129.6], gap=0.0, start_offset=0.0)
[WARN] Layout wrap: 'commit_files_scroll' in parent 'review_changed_files' - NoWrap set but would overflow (child_size=0.0, offset=140.0, container=129.6)
[WARN] Layout overflow: 'commit_files_scroll' extends outside parent 'review_changed_files' bounds (child_rel=[0.0,140.0], child_size=[214.0,0.0], child_end=[214.0,140.0], parent_size=[214.0,129.6], gap=0.0, start_offset=0.0)
[WARN] Layout wrap: '' in parent '' - NoWrap set but would overflow (child_size=192.0, offset=16.0, container=146.0)
[WARN] Layout overflow: '' extends outside parent '' bounds (child_rel=[16.0,4.0], child_size=[192.0,40.0], child_end=[208.0,44.0], parent_size=[146.0,48.0], gap=16.0, start_offset=0.0)
[WARN] Layout wrap: 'Review' in parent 'sidebar_review' - NoWrap set but would overflow (child_size=77.0, offset=44.0, container=73.0)
[WARN] Layout overflow: 'Review' extends outside parent 'sidebar_review' bounds (child_rel=[44.0,0.0], child_size=[77.0,52.0], child_end=[121.0,52.0], parent_size=[73.0,52.0], gap=12.0, start_offset=0.0)
[WARN] Layout wrap: 'Files' in parent 'sidebar_working_files' - NoWrap set but would overflow (child_size=50.0, offset=44.0, container=73.0)
[WARN] Layout overflow: 'Files' extends outside parent 'sidebar_working_files' bounds (child_rel=[44.0,0.0], child_size=[50.0,52.0], child_end=[94.0,52.0], parent_size=[73.0,52.0], gap=12.0, start_offset=0.0)
[WARN] Layout wrap: '' in parent 'review_changed_files' - NoWrap set but would overflow (child_size=76.0, offset=64.0, container=129.6)
[WARN] Layout overflow: '' extends outside parent 'review_changed_files' bounds (child_rel=[0.0,64.0], child_size=[214.0,76.0], child_end=[214.0,140.0], parent_size=[214.0,129.6], gap=0.0, start_offset=0.0)
[WARN] Layout wrap: 'commit_files_scroll' in parent 'review_changed_files' - NoWrap set but would overflow (child_size=0.0, offset=140.0, container=129.6)
[WARN] Layout overflow: 'commit_files_scroll' extends outside parent 'review_changed_files' bounds (child_rel=[0.0,140.0], child_size=[214.0,0.0], child_end=[214.0,140.0], parent_size=[214.0,129.6], gap=0.0, start_offset=0.0)
[WARN] Layout wrap: '' in parent '' - NoWrap set but would overflow (child_size=192.0, offset=16.0, container=146.0)
[WARN] Layout overflow: '' extends outside parent '' bounds (child_rel=[16.0,4.0], child_size=[192.0,40.0], child_end=[208.0,44.0], parent_size=[146.0,48.0], gap=16.0, start_offset=0.0)
[WARN] Layout wrap: 'Review' in parent 'sidebar_review' - NoWrap set but would overflow (child_size=77.0, offset=44.0, container=73.0)
[WARN] Layout overflow: 'Review' extends outside parent 'sidebar_review' bounds (child_rel=[44.0,0.0], child_size=[77.0,52.0], child_end=[121.0,52.0], parent_size=[73.0,52.0], gap=12.0, start_offset=0.0)
[WARN] Layout wrap: 'Files' in parent 'sidebar_working_files' - NoWrap set but would overflow (child_size=50.0, offset=44.0, container=73.0)
[WARN] Layout overflow: 'Files' extends outside parent 'sidebar_working_files' bounds (child_rel=[44.0,0.0], child_size=[50.0,52.0], child_end=[94.0,52.0], parent_size=[73.0,52.0], gap=12.0, start_offset=0.0)
[WARN] Layout wrap: '' in parent 'review_changed_files' - NoWrap set but would overflow (child_size=76.0, offset=64.0, container=129.6)
[WARN] Layout overflow: '' extends outside parent 'review_changed_files' bounds (child_rel=[0.0,64.0], child_size=[214.0,76.0], child_end=[214.0,140.0], parent_size=[214.0,129.6], gap=0.0, start_offset=0.0)
[WARN] Layout wrap: 'commit_files_scroll' in parent 'review_changed_files' - NoWrap set but would overflow (child_size=0.0, offset=140.0, container=129.6)
[WARN] Layout overflow: 'commit_files_scroll' extends outside parent 'review_changed_files' bounds (child_rel=[0.0,140.0], child_size=[214.0,0.0], child_end=[214.0,140.0], parent_size=[214.0,129.6], gap=0.0, start_offset=0.0)
[WARN] Layout wrap: '' in parent '' - NoWrap set but would overflow (child_size=192.0, offset=16.0, container=146.0)
[WARN] Layout overflow: '' extends outside parent '' bounds (child_rel=[16.0,4.0], child_size=[192.0,40.0], child_end=[208.0,44.0], parent_size=[146.0,48.0], gap=16.0, start_offset=0.0)
[WARN] Layout wrap: 'Review' in parent 'sidebar_review' - NoWrap set but would overflow (child_size=77.0, offset=44.0, container=73.0)
[WARN] Layout overflow: 'Review' extends outside parent 'sidebar_review' bounds (child_rel=[44.0,0.0], child_size=[77.0,52.0], child_end=[121.0,52.0], parent_size=[73.0,52.0], gap=12.0, start_offset=0.0)
[WARN] Layout wrap: 'Files' in parent 'sidebar_working_files' - NoWrap set but would overflow (child_size=50.0, offset=44.0, container=73.0)
[WARN] Layout overflow: 'Files' extends outside parent 'sidebar_working_files' bounds (child_rel=[44.0,0.0], child_size=[50.0,52.0], child_end=[94.0,52.0], parent_size=[73.0,52.0], gap=12.0, start_offset=0.0)
[WARN] Layout wrap: '' in parent 'review_changed_files' - NoWrap set but would overflow (child_size=76.0, offset=64.0, container=129.6)
[WARN] Layout overflow: '' extends outside parent 'review_changed_files' bounds (child_rel=[0.0,64.0], child_size=[214.0,76.0], child_end=[214.0,140.0], parent_size=[214.0,129.6], gap=0.0, start_offset=0.0)
[WARN] Layout wrap: 'commit_files_scroll' in parent 'review_changed_files' - NoWrap set but would overflow (child_size=0.0, offset=140.0, container=129.6)
[WARN] Layout overflow: 'commit_files_scroll' extends outside parent 'review_changed_files' bounds (child_rel=[0.0,140.0], child_size=[214.0,0.0], child_end=[214.0,140.0], parent_size=[214.0,129.6], gap=0.0, start_offset=0.0)
[WARN] Layout wrap: '' in parent '' - NoWrap set but would overflow (child_size=192.0, offset=16.0, container=146.0)
[WARN] Layout overflow: '' extends outside parent '' bounds (child_rel=[16.0,4.0], child_size=[192.0,40.0], child_end=[208.0,44.0], parent_size=[146.0,48.0], gap=16.0, start_offset=0.0)
[WARN] Layout wrap: 'Review' in parent 'sidebar_review' - NoWrap set but would overflow (child_size=77.0, offset=44.0, container=73.0)
[WARN] Layout overflow: 'Review' extends outside parent 'sidebar_review' bounds (child_rel=[44.0,0.0], child_size=[77.0,52.0], child_end=[121.0,52.0], parent_size=[73.0,52.0], gap=12.0, start_offset=0.0)
[WARN] Layout wrap: 'Files' in parent 'sidebar_working_files' - NoWrap set but would overflow (child_size=50.0, offset=44.0, container=73.0)
[WARN] Layout overflow: 'Files' extends outside parent 'sidebar_working_files' bounds (child_rel=[44.0,0.0], child_size=[50.0,52.0], child_end=[94.0,52.0], parent_size=[73.0,52.0], gap=12.0, start_offset=0.0)
[WARN] Layout wrap: '' in parent 'review_changed_files' - NoWrap set but would overflow (child_size=76.0, offset=64.0, container=129.6)
[WARN] Layout overflow: '' extends outside parent 'review_changed_files' bounds (child_rel=[0.0,64.0], child_size=[214.0,76.0], child_end=[214.0,140.0], parent_size=[214.0,129.6], gap=0.0, start_offset=0.0)
[WARN] Layout wrap: 'commit_files_scroll' in parent 'review_changed_files' - NoWrap set but would overflow (child_size=0.0, offset=140.0, container=129.6)
[WARN] Layout overflow: 'commit_files_scroll' extends outside parent 'review_changed_files' bounds (child_rel=[0.0,140.0], child_size=[214.0,0.0], child_end=[214.0,140.0], parent_size=[214.0,129.6], gap=0.0, start_offset=0.0)
[WARN] Layout wrap: '' in parent '' - NoWrap set but would overflow (child_size=192.0, offset=16.0, container=146.0)
[WARN] Layout overflow: '' extends outside parent '' bounds (child_rel=[16.0,4.0], child_size=[192.0,40.0], child_end=[208.0,44.0], parent_size=[146.0,48.0], gap=16.0, start_offset=0.0)
[WARN] Layout wrap: 'Review' in parent 'sidebar_review' - NoWrap set but would overflow (child_size=77.0, offset=44.0, container=73.0)
[WARN] Layout overflow: 'Review' extends outside parent 'sidebar_review' bounds (child_rel=[44.0,0.0], child_size=[77.0,52.0], child_end=[121.0,52.0], parent_size=[73.0,52.0], gap=12.0, start_offset=0.0)
[WARN] Layout wrap: 'Files' in parent 'sidebar_working_files' - NoWrap set but would overflow (child_size=50.0, offset=44.0, container=73.0)
[WARN] Layout overflow: 'Files' extends outside parent 'sidebar_working_files' bounds (child_rel=[44.0,0.0], child_size=[50.0,52.0], child_end=[94.0,52.0], parent_size=[73.0,52.0], gap=12.0, start_offset=0.0)
[WARN] Layout wrap: '' in parent 'review_changed_files' - NoWrap set but would overflow (child_size=76.0, offset=64.0, container=129.6)
[WARN] Layout overflow: '' extends outside parent 'review_changed_files' bounds (child_rel=[0.0,64.0], child_size=[214.0,76.0], child_end=[214.0,140.0], parent_size=[214.0,129.6], gap=0.0, start_offset=0.0)
[WARN] Layout wrap: 'commit_files_scroll' in parent 'review_changed_files' - NoWrap set but would overflow (child_size=0.0, offset=140.0, container=129.6)
[WARN] Layout overflow: 'commit_files_scroll' extends outside parent 'review_changed_files' bounds (child_rel=[0.0,140.0], child_size=[214.0,0.0], child_end=[214.0,140.0], parent_size=[214.0,129.6], gap=0.0, start_offset=0.0)
[WARN] Layout wrap: '' in parent '' - NoWrap set but would overflow (child_size=192.0, offset=16.0, container=146.0)
[WARN] Layout overflow: '' extends outside parent '' bounds (child_rel=[16.0,4.0], child_size=[192.0,40.0], child_end=[208.0,44.0], parent_size=[146.0,48.0], gap=16.0, start_offset=0.0)
[WARN] Layout wrap: 'Review' in parent 'sidebar_review' - NoWrap set but would overflow (child_size=77.0, offset=44.0, container=73.0)
[WARN] Layout overflow: 'Review' extends outside parent 'sidebar_review' bounds (child_rel=[44.0,0.0], child_size=[77.0,52.0], child_end=[121.0,52.0], parent_size=[73.0,52.0], gap=12.0, start_offset=0.0)
[WARN] Layout wrap: 'Files' in parent 'sidebar_working_files' - NoWrap set but would overflow (child_size=50.0, offset=44.0, container=73.0)
[WARN] Layout overflow: 'Files' extends outside parent 'sidebar_working_files' bounds (child_rel=[44.0,0.0], child_size=[50.0,52.0], child_end=[94.0,52.0], parent_size=[73.0,52.0], gap=12.0, start_offset=0.0)
[WARN] Layout wrap: '' in parent 'review_changed_files' - NoWrap set but would overflow (child_size=76.0, offset=64.0, container=129.6)
[WARN] Layout overflow: '' extends outside parent 'review_changed_files' bounds (child_rel=[0.0,64.0], child_size=[214.0,76.0], child_end=[214.0,140.0], parent_size=[214.0,129.6], gap=0.0, start_offset=0.0)
[WARN] Layout wrap: 'commit_files_scroll' in parent 'review_changed_files' - NoWrap set but would overflow (child_size=0.0, offset=140.0, container=129.6)
[WARN] Layout overflow: 'commit_files_scroll' extends outside parent 'review_changed_files' bounds (child_rel=[0.0,140.0], child_size=[214.0,0.0], child_end=[214.0,140.0], parent_size=[214.0,129.6], gap=0.0, start_offset=0.0)
[WARN] Layout wrap: '' in parent '' - NoWrap set but would overflow (child_size=192.0, offset=16.0, container=146.0)
[WARN] Layout overflow: '' extends outside parent '' bounds (child_rel=[16.0,4.0], child_size=[192.0,40.0], child_end=[208.0,44.0], parent_size=[146.0,48.0], gap=16.0, start_offset=0.0)
[WARN] Layout wrap: 'Review' in parent 'sidebar_review' - NoWrap set but would overflow (child_size=77.0, offset=44.0, container=73.0)
[WARN] Layout overflow: 'Review' extends outside parent 'sidebar_review' bounds (child_rel=[44.0,0.0], child_size=[77.0,52.0], child_end=[121.0,52.0], parent_size=[73.0,52.0], gap=12.0, start_offset=0.0)
[WARN] Layout wrap: 'Files' in parent 'sidebar_working_files' - NoWrap set but would overflow (child_size=50.0, offset=44.0, container=73.0)
[WARN] Layout overflow: 'Files' extends outside parent 'sidebar_working_files' bounds (child_rel=[44.0,0.0], child_size=[50.0,52.0], child_end=[94.0,52.0], parent_size=[73.0,52.0], gap=12.0, start_offset=0.0)
[WARN] Layout wrap: '' in parent 'review_changed_files' - NoWrap set but would overflow (child_size=76.0, offset=64.0, container=129.6)
[WARN] Layout overflow: '' extends outside parent 'review_changed_files' bounds (child_rel=[0.0,64.0], child_size=[214.0,76.0], child_end=[214.0,140.0], parent_size=[214.0,129.6], gap=0.0, start_offset=0.0)
[WARN] Layout wrap: 'commit_files_scroll' in parent 'review_changed_files' - NoWrap set but would overflow (child_size=0.0, offset=140.0, container=129.6)
[WARN] Layout overflow: 'commit_files_scroll' extends outside parent 'review_changed_files' bounds (child_rel=[0.0,140.0], child_size=[214.0,0.0], child_end=[214.0,140.0], parent_size=[214.0,129.6], gap=0.0, start_offset=0.0)
[WARN] Layout wrap: '' in parent '' - NoWrap set but would overflow (child_size=192.0, offset=16.0, container=146.0)
[WARN] Layout overflow: '' extends outside parent '' bounds (child_rel=[16.0,4.0], child_size=[192.0,40.0], child_end=[208.0,44.0], parent_size=[146.0,48.0], gap=16.0, start_offset=0.0)
[WARN] Layout wrap: 'Review' in parent 'sidebar_review' - NoWrap set but would overflow (child_size=77.0, offset=44.0, container=73.0)
[WARN] Layout overflow: 'Review' extends outside parent 'sidebar_review' bounds (child_rel=[44.0,0.0], child_size=[77.0,52.0], child_end=[121.0,52.0], parent_size=[73.0,52.0], gap=12.0, start_offset=0.0)
[WARN] Layout wrap: 'Files' in parent 'sidebar_working_files' - NoWrap set but would overflow (child_size=50.0, offset=44.0, container=73.0)
[WARN] Layout overflow: 'Files' extends outside parent 'sidebar_working_files' bounds (child_rel=[44.0,0.0], child_size=[50.0,52.0], child_end=[94.0,52.0], parent_size=[73.0,52.0], gap=12.0, start_offset=0.0)
[WARN] Layout wrap: '' in parent 'review_changed_files' - NoWrap set but would overflow (child_size=76.0, offset=64.0, container=129.6)
[WARN] Layout overflow: '' extends outside parent 'review_changed_files' bounds (child_rel=[0.0,64.0], child_size=[214.0,76.0], child_end=[214.0,140.0], parent_size=[214.0,129.6], gap=0.0, start_offset=0.0)
[WARN] Layout wrap: 'commit_files_scroll' in parent 'review_changed_files' - NoWrap set but would overflow (child_size=0.0, offset=140.0, container=129.6)
[WARN] Layout overflow: 'commit_files_scroll' extends outside parent 'review_changed_files' bounds (child_rel=[0.0,140.0], child_size=[214.0,0.0], child_end=[214.0,140.0], parent_size=[214.0,129.6], gap=0.0, start_offset=0.0)
[WARN] Layout wrap: '' in parent '' - NoWrap set but would overflow (child_size=192.0, offset=16.0, container=146.0)
[WARN] Layout overflow: '' extends outside parent '' bounds (child_rel=[16.0,4.0], child_size=[192.0,40.0], child_end=[208.0,44.0], parent_size=[146.0,48.0], gap=16.0, start_offset=0.0)
[WARN] Layout wrap: 'Review' in parent 'sidebar_review' - NoWrap set but would overflow (child_size=77.0, offset=44.0, container=73.0)
[WARN] Layout overflow: 'Review' extends outside parent 'sidebar_review' bounds (child_rel=[44.0,0.0], child_size=[77.0,52.0], child_end=[121.0,52.0], parent_size=[73.0,52.0], gap=12.0, start_offset=0.0)
[WARN] Layout wrap: 'Files' in parent 'sidebar_working_files' - NoWrap set but would overflow (child_size=50.0, offset=44.0, container=73.0)
[WARN] Layout overflow: 'Files' extends outside parent 'sidebar_working_files' bounds (child_rel=[44.0,0.0], child_size=[50.0,52.0], child_end=[94.0,52.0], parent_size=[73.0,52.0], gap=12.0, start_offset=0.0)
[WARN] Layout wrap: '' in parent 'review_changed_files' - NoWrap set but would overflow (child_size=76.0, offset=64.0, container=129.6)
[WARN] Layout overflow: '' extends outside parent 'review_changed_files' bounds (child_rel=[0.0,64.0], child_size=[214.0,76.0], child_end=[214.0,140.0], parent_size=[214.0,129.6], gap=0.0, start_offset=0.0)
[WARN] Layout wrap: 'commit_files_scroll' in parent 'review_changed_files' - NoWrap set but would overflow (child_size=0.0, offset=140.0, container=129.6)
[WARN] Layout overflow: 'commit_files_scroll' extends outside parent 'review_changed_files' bounds (child_rel=[0.0,140.0], child_size=[214.0,0.0], child_end=[214.0,140.0], parent_size=[214.0,129.6], gap=0.0, start_offset=0.0)
[WARN] Layout wrap: '' in parent '' - NoWrap set but would overflow (child_size=192.0, offset=16.0, container=146.0)
[WARN] Layout overflow: '' extends outside parent '' bounds (child_rel=[16.0,4.0], child_size=[192.0,40.0], child_end=[208.0,44.0], parent_size=[146.0,48.0], gap=16.0, start_offset=0.0)
[WARN] Layout wrap: 'Review' in parent 'sidebar_review' - NoWrap set but would overflow (child_size=77.0, offset=44.0, container=73.0)
[WARN] Layout overflow: 'Review' extends outside parent 'sidebar_review' bounds (child_rel=[44.0,0.0], child_size=[77.0,52.0], child_end=[121.0,52.0], parent_size=[73.0,52.0], gap=12.0, start_offset=0.0)
[WARN] Layout wrap: 'Files' in parent 'sidebar_working_files' - NoWrap set but would overflow (child_size=50.0, offset=44.0, container=73.0)
[WARN] Layout overflow: 'Files' extends outside parent 'sidebar_working_files' bounds (child_rel=[44.0,0.0], child_size=[50.0,52.0], child_end=[94.0,52.0], parent_size=[73.0,52.0], gap=12.0, start_offset=0.0)
[WARN] Layout wrap: '' in parent 'review_changed_files' - NoWrap set but would overflow (child_size=76.0, offset=64.0, container=129.6)
[WARN] Layout overflow: '' extends outside parent 'review_changed_files' bounds (child_rel=[0.0,64.0], child_size=[214.0,76.0], child_end=[214.0,140.0], parent_size=[214.0,129.6], gap=0.0, start_offset=0.0)
[WARN] Layout wrap: 'commit_files_scroll' in parent 'review_changed_files' - NoWrap set but would overflow (child_size=0.0, offset=140.0, container=129.6)
[WARN] Layout overflow: 'commit_files_scroll' extends outside parent 'review_changed_files' bounds (child_rel=[0.0,140.0], child_size=[214.0,0.0], child_end=[214.0,140.0], parent_size=[214.0,129.6], gap=0.0, start_offset=0.0)
[WARN] Layout wrap: '' in parent '' - NoWrap set but would overflow (child_size=192.0, offset=16.0, container=146.0)
[WARN] Layout overflow: '' extends outside parent '' bounds (child_rel=[16.0,4.0], child_size=[192.0,40.0], child_end=[208.0,44.0], parent_size=[146.0,48.0], gap=16.0, start_offset=0.0)
[WARN] Layout wrap: 'Review' in parent 'sidebar_review' - NoWrap set but would overflow (child_size=77.0, offset=44.0, container=73.0)
[WARN] Layout overflow: 'Review' extends outside parent 'sidebar_review' bounds (child_rel=[44.0,0.0], child_size=[77.0,52.0], child_end=[121.0,52.0], parent_size=[73.0,52.0], gap=12.0, start_offset=0.0)
[WARN] Layout wrap: 'Files' in parent 'sidebar_working_files' - NoWrap set but would overflow (child_size=50.0, offset=44.0, container=73.0)
[WARN] Layout overflow: 'Files' extends outside parent 'sidebar_working_files' bounds (child_rel=[44.0,0.0], child_size=[50.0,52.0], child_end=[94.0,52.0], parent_size=[73.0,52.0], gap=12.0, start_offset=0.0)
[WARN] Layout wrap: '' in parent 'review_changed_files' - NoWrap set but would overflow (child_size=76.0, offset=64.0, container=129.6)
[WARN] Layout overflow: '' extends outside parent 'review_changed_files' bounds (child_rel=[0.0,64.0], child_size=[214.0,76.0], child_end=[214.0,140.0], parent_size=[214.0,129.6], gap=0.0, start_offset=0.0)
[WARN] Layout wrap: 'commit_files_scroll' in parent 'review_changed_files' - NoWrap set but would overflow (child_size=0.0, offset=140.0, container=129.6)
[WARN] Layout overflow: 'commit_files_scroll' extends outside parent 'review_changed_files' bounds (child_rel=[0.0,140.0], child_size=[214.0,0.0], child_end=[214.0,140.0], parent_size=[214.0,129.6], gap=0.0, start_offset=0.0)
[WARN] Layout wrap: '' in parent '' - NoWrap set but would overflow (child_size=192.0, offset=16.0, container=146.0)
[WARN] Layout overflow: '' extends outside parent '' bounds (child_rel=[16.0,4.0], child_size=[192.0,40.0], child_end=[208.0,44.0], parent_size=[146.0,48.0], gap=16.0, start_offset=0.0)
[WARN] Layout wrap: 'Review' in parent 'sidebar_review' - NoWrap set but would overflow (child_size=77.0, offset=44.0, container=73.0)
[WARN] Layout overflow: 'Review' extends outside parent 'sidebar_review' bounds (child_rel=[44.0,0.0], child_size=[77.0,52.0], child_end=[121.0,52.0], parent_size=[73.0,52.0], gap=12.0, start_offset=0.0)
[WARN] Layout wrap: 'Files' in parent 'sidebar_working_files' - NoWrap set but would overflow (child_size=50.0, offset=44.0, container=73.0)
[WARN] Layout overflow: 'Files' extends outside parent 'sidebar_working_files' bounds (child_rel=[44.0,0.0], child_size=[50.0,52.0], child_end=[94.0,52.0], parent_size=[73.0,52.0], gap=12.0, start_offset=0.0)
[WARN] Layout wrap: '' in parent 'review_changed_files' - NoWrap set but would overflow (child_size=76.0, offset=64.0, container=129.6)
[WARN] Layout overflow: '' extends outside parent 'review_changed_files' bounds (child_rel=[0.0,64.0], child_size=[214.0,76.0], child_end=[214.0,140.0], parent_size=[214.0,129.6], gap=0.0, start_offset=0.0)
[WARN] Layout wrap: 'commit_files_scroll' in parent 'review_changed_files' - NoWrap set but would overflow (child_size=0.0, offset=140.0, container=129.6)
[WARN] Layout overflow: 'commit_files_scroll' extends outside parent 'review_changed_files' bounds (child_rel=[0.0,140.0], child_size=[214.0,0.0], child_end=[214.0,140.0], parent_size=[214.0,129.6], gap=0.0, start_offset=0.0)
[WARN] Layout wrap: '' in parent '' - NoWrap set but would overflow (child_size=192.0, offset=16.0, container=146.0)
[WARN] Layout overflow: '' extends outside parent '' bounds (child_rel=[16.0,4.0], child_size=[192.0,40.0], child_end=[208.0,44.0], parent_size=[146.0,48.0], gap=16.0, start_offset=0.0)
[WARN] Layout wrap: 'Review' in parent 'sidebar_review' - NoWrap set but would overflow (child_size=77.0, offset=44.0, container=73.0)
[WARN] Layout overflow: 'Review' extends outside parent 'sidebar_review' bounds (child_rel=[44.0,0.0], child_size=[77.0,52.0], child_end=[121.0,52.0], parent_size=[73.0,52.0], gap=12.0, start_offset=0.0)
[WARN] Layout wrap: 'Files' in parent 'sidebar_working_files' - NoWrap set but would overflow (child_size=50.0, offset=44.0, container=73.0)
[WARN] Layout overflow: 'Files' extends outside parent 'sidebar_working_files' bounds (child_rel=[44.0,0.0], child_size=[50.0,52.0], child_end=[94.0,52.0], parent_size=[73.0,52.0], gap=12.0, start_offset=0.0)
[WARN] Layout wrap: '' in parent 'review_changed_files' - NoWrap set but would overflow (child_size=76.0, offset=64.0, container=129.6)
[WARN] Layout overflow: '' extends outside parent 'review_changed_files' bounds (child_rel=[0.0,64.0], child_size=[214.0,76.0], child_end=[214.0,140.0], parent_size=[214.0,129.6], gap=0.0, start_offset=0.0)
[WARN] Layout wrap: 'commit_files_scroll' in parent 'review_changed_files' - NoWrap set but would overflow (child_size=0.0, offset=140.0, container=129.6)
[WARN] Layout overflow: 'commit_files_scroll' extends outside parent 'review_changed_files' bounds (child_rel=[0.0,140.0], child_size=[214.0,0.0], child_end=[214.0,140.0], parent_size=[214.0,129.6], gap=0.0, start_offset=0.0)
[WARN] Layout wrap: '' in parent '' - NoWrap set but would overflow (child_size=192.0, offset=16.0, container=146.0)
[WARN] Layout overflow: '' extends outside parent '' bounds (child_rel=[16.0,4.0], child_size=[192.0,40.0], child_end=[208.0,44.0], parent_size=[146.0,48.0], gap=16.0, start_offset=0.0)
[WARN] Layout wrap: 'Review' in parent 'sidebar_review' - NoWrap set but would overflow (child_size=77.0, offset=44.0, container=73.0)
[WARN] Layout overflow: 'Review' extends outside parent 'sidebar_review' bounds (child_rel=[44.0,0.0], child_size=[77.0,52.0], child_end=[121.0,52.0], parent_size=[73.0,52.0], gap=12.0, start_offset=0.0)
[WARN] Layout wrap: 'Files' in parent 'sidebar_working_files' - NoWrap set but would overflow (child_size=50.0, offset=44.0, container=73.0)
[WARN] Layout overflow: 'Files' extends outside parent 'sidebar_working_files' bounds (child_rel=[44.0,0.0], child_size=[50.0,52.0], child_end=[94.0,52.0], parent_size=[73.0,52.0], gap=12.0, start_offset=0.0)
[WARN] Layout wrap: '' in parent 'review_changed_files' - NoWrap set but would overflow (child_size=76.0, offset=64.0, container=129.6)
[WARN] Layout overflow: '' extends outside parent 'review_changed_files' bounds (child_rel=[0.0,64.0], child_size=[214.0,76.0], child_end=[214.0,140.0], parent_size=[214.0,129.6], gap=0.0, start_offset=0.0)
[WARN] Layout wrap: 'commit_files_scroll' in parent 'review_changed_files' - NoWrap set but would overflow (child_size=0.0, offset=140.0, container=129.6)
[WARN] Layout overflow: 'commit_files_scroll' extends outside parent 'review_changed_files' bounds (child_rel=[0.0,140.0], child_size=[214.0,0.0], child_end=[214.0,140.0], parent_size=[214.0,129.6], gap=0.0, start_offset=0.0)
[WARN] Layout wrap: '' in parent '' - NoWrap set but would overflow (child_size=192.0, offset=16.0, container=146.0)
[WARN] Layout overflow: '' extends outside parent '' bounds (child_rel=[16.0,4.0], child_size=[192.0,40.0], child_end=[208.0,44.0], parent_size=[146.0,48.0], gap=16.0, start_offset=0.0)
[WARN] Layout wrap: 'Review' in parent 'sidebar_review' - NoWrap set but would overflow (child_size=77.0, offset=44.0, container=73.0)
[WARN] Layout overflow: 'Review' extends outside parent 'sidebar_review' bounds (child_rel=[44.0,0.0], child_size=[77.0,52.0], child_end=[121.0,52.0], parent_size=[73.0,52.0], gap=12.0, start_offset=0.0)
[WARN] Layout wrap: 'Files' in parent 'sidebar_working_files' - NoWrap set but would overflow (child_size=50.0, offset=44.0, container=73.0)
[WARN] Layout overflow: 'Files' extends outside parent 'sidebar_working_files' bounds (child_rel=[44.0,0.0], child_size=[50.0,52.0], child_end=[94.0,52.0], parent_size=[73.0,52.0], gap=12.0, start_offset=0.0)
[WARN] Layout wrap: '' in parent 'review_changed_files' - NoWrap set but would overflow (child_size=76.0, offset=64.0, container=129.6)
[WARN] Layout overflow: '' extends outside parent 'review_changed_files' bounds (child_rel=[0.0,64.0], child_size=[214.0,76.0], child_end=[214.0,140.0], parent_size=[214.0,129.6], gap=0.0, start_offset=0.0)
[WARN] Layout wrap: 'commit_files_scroll' in parent 'review_changed_files' - NoWrap set but would overflow (child_size=0.0, offset=140.0, container=129.6)
[WARN] Layout overflow: 'commit_files_scroll' extends outside parent 'review_changed_files' bounds (child_rel=[0.0,140.0], child_size=[214.0,0.0], child_end=[214.0,140.0], parent_size=[214.0,129.6], gap=0.0, start_offset=0.0)
[WARN] Layout wrap: '' in parent '' - NoWrap set but would overflow (child_size=192.0, offset=16.0, container=146.0)
[WARN] Layout overflow: '' extends outside parent '' bounds (child_rel=[16.0,4.0], child_size=[192.0,40.0], child_end=[208.0,44.0], parent_size=[146.0,48.0], gap=16.0, start_offset=0.0)
[WARN] Layout wrap: 'Review' in parent 'sidebar_review' - NoWrap set but would overflow (child_size=77.0, offset=44.0, container=73.0)
[WARN] Layout overflow: 'Review' extends outside parent 'sidebar_review' bounds (child_rel=[44.0,0.0], child_size=[77.0,52.0], child_end=[121.0,52.0], parent_size=[73.0,52.0], gap=12.0, start_offset=0.0)
[WARN] Layout wrap: 'Files' in parent 'sidebar_working_files' - NoWrap set but would overflow (child_size=50.0, offset=44.0, container=73.0)
[WARN] Layout overflow: 'Files' extends outside parent 'sidebar_working_files' bounds (child_rel=[44.0,0.0], child_size=[50.0,52.0], child_end=[94.0,52.0], parent_size=[73.0,52.0], gap=12.0, start_offset=0.0)
[WARN] Layout wrap: '' in parent 'review_changed_files' - NoWrap set but would overflow (child_size=76.0, offset=64.0, container=129.6)
[WARN] Layout overflow: '' extends outside parent 'review_changed_files' bounds (child_rel=[0.0,64.0], child_size=[214.0,76.0], child_end=[214.0,140.0], parent_size=[214.0,129.6], gap=0.0, start_offset=0.0)
[WARN] Layout wrap: 'commit_files_scroll' in parent 'review_changed_files' - NoWrap set but would overflow (child_size=0.0, offset=140.0, container=129.6)
[WARN] Layout overflow: 'commit_files_scroll' extends outside parent 'review_changed_files' bounds (child_rel=[0.0,140.0], child_size=[214.0,0.0], child_end=[214.0,140.0], parent_size=[214.0,129.6], gap=0.0, start_offset=0.0)
[WARN] Layout wrap: '' in parent '' - NoWrap set but would overflow (child_size=192.0, offset=16.0, container=146.0)
[WARN] Layout overflow: '' extends outside parent '' bounds (child_rel=[16.0,4.0], child_size=[192.0,40.0], child_end=[208.0,44.0], parent_size=[146.0,48.0], gap=16.0, start_offset=0.0)
[WARN] Layout wrap: 'Review' in parent 'sidebar_review' - NoWrap set but would overflow (child_size=77.0, offset=44.0, container=73.0)
[WARN] Layout overflow: 'Review' extends outside parent 'sidebar_review' bounds (child_rel=[44.0,0.0], child_size=[77.0,52.0], child_end=[121.0,52.0], parent_size=[73.0,52.0], gap=12.0, start_offset=0.0)
[WARN] Layout wrap: 'Files' in parent 'sidebar_working_files' - NoWrap set but would overflow (child_size=50.0, offset=44.0, container=73.0)
[WARN] Layout overflow: 'Files' extends outside parent 'sidebar_working_files' bounds (child_rel=[44.0,0.0], child_size=[50.0,52.0], child_end=[94.0,52.0], parent_size=[73.0,52.0], gap=12.0, start_offset=0.0)
[WARN] Layout wrap: '' in parent 'review_changed_files' - NoWrap set but would overflow (child_size=76.0, offset=64.0, container=129.6)
[WARN] Layout overflow: '' extends outside parent 'review_changed_files' bounds (child_rel=[0.0,64.0], child_size=[214.0,76.0], child_end=[214.0,140.0], parent_size=[214.0,129.6], gap=0.0, start_offset=0.0)
[WARN] Layout wrap: 'commit_files_scroll' in parent 'review_changed_files' - NoWrap set but would overflow (child_size=0.0, offset=140.0, container=129.6)
[WARN] Layout overflow: 'commit_files_scroll' extends outside parent 'review_changed_files' bounds (child_rel=[0.0,140.0], child_size=[214.0,0.0], child_end=[214.0,140.0], parent_size=[214.0,129.6], gap=0.0, start_offset=0.0)
[WARN] Layout wrap: '' in parent '' - NoWrap set but would overflow (child_size=192.0, offset=16.0, container=146.0)
[WARN] Layout overflow: '' extends outside parent '' bounds (child_rel=[16.0,4.0], child_size=[192.0,40.0], child_end=[208.0,44.0], parent_size=[146.0,48.0], gap=16.0, start_offset=0.0)
[WARN] Layout wrap: 'Review' in parent 'sidebar_review' - NoWrap set but would overflow (child_size=77.0, offset=44.0, container=73.0)
[WARN] Layout overflow: 'Review' extends outside parent 'sidebar_review' bounds (child_rel=[44.0,0.0], child_size=[77.0,52.0], child_end=[121.0,52.0], parent_size=[73.0,52.0], gap=12.0, start_offset=0.0)
[WARN] Layout wrap: 'Files' in parent 'sidebar_working_files' - NoWrap set but would overflow (child_size=50.0, offset=44.0, container=73.0)
[WARN] Layout overflow: 'Files' extends outside parent 'sidebar_working_files' bounds (child_rel=[44.0,0.0], child_size=[50.0,52.0], child_end=[94.0,52.0], parent_size=[73.0,52.0], gap=12.0, start_offset=0.0)
[WARN] Layout wrap: '' in parent 'review_changed_files' - NoWrap set but would overflow (child_size=76.0, offset=64.0, container=129.6)
[WARN] Layout overflow: '' extends outside parent 'review_changed_files' bounds (child_rel=[0.0,64.0], child_size=[214.0,76.0], child_end=[214.0,140.0], parent_size=[214.0,129.6], gap=0.0, start_offset=0.0)
[WARN] Layout wrap: 'commit_files_scroll' in parent 'review_changed_files' - NoWrap set but would overflow (child_size=0.0, offset=140.0, container=129.6)
[WARN] Layout overflow: 'commit_files_scroll' extends outside parent 'review_changed_files' bounds (child_rel=[0.0,140.0], child_size=[214.0,0.0], child_end=[214.0,140.0], parent_size=[214.0,129.6], gap=0.0, start_offset=0.0)
[WARN] Layout wrap: '' in parent '' - NoWrap set but would overflow (child_size=192.0, offset=16.0, container=146.0)
[WARN] Layout overflow: '' extends outside parent '' bounds (child_rel=[16.0,4.0], child_size=[192.0,40.0], child_end=[208.0,44.0], parent_size=[146.0,48.0], gap=16.0, start_offset=0.0)
[WARN] Layout wrap: 'Review' in parent 'sidebar_review' - NoWrap set but would overflow (child_size=77.0, offset=44.0, container=73.0)
[WARN] Layout overflow: 'Review' extends outside parent 'sidebar_review' bounds (child_rel=[44.0,0.0], child_size=[77.0,52.0], child_end=[121.0,52.0], parent_size=[73.0,52.0], gap=12.0, start_offset=0.0)
[WARN] Layout wrap: 'Files' in parent 'sidebar_working_files' - NoWrap set but would overflow (child_size=50.0, offset=44.0, container=73.0)
[WARN] Layout overflow: 'Files' extends outside parent 'sidebar_working_files' bounds (child_rel=[44.0,0.0], child_size=[50.0,52.0], child_end=[94.0,52.0], parent_size=[73.0,52.0], gap=12.0, start_offset=0.0)
[WARN] Layout wrap: '' in parent 'review_changed_files' - NoWrap set but would overflow (child_size=76.0, offset=64.0, container=129.6)
[WARN] Layout overflow: '' extends outside parent 'review_changed_files' bounds (child_rel=[0.0,64.0], child_size=[214.0,76.0], child_end=[214.0,140.0], parent_size=[214.0,129.6], gap=0.0, start_offset=0.0)
[WARN] Layout wrap: 'commit_files_scroll' in parent 'review_changed_files' - NoWrap set but would overflow (child_size=0.0, offset=140.0, container=129.6)
[WARN] Layout overflow: 'commit_files_scroll' extends outside parent 'review_changed_files' bounds (child_rel=[0.0,140.0], child_size=[214.0,0.0], child_end=[214.0,140.0], parent_size=[214.0,129.6], gap=0.0, start_offset=0.0)
[WARN] Layout wrap: '' in parent '' - NoWrap set but would overflow (child_size=192.0, offset=16.0, container=146.0)
[WARN] Layout overflow: '' extends outside parent '' bounds (child_rel=[16.0,4.0], child_size=[192.0,40.0], child_end=[208.0,44.0], parent_size=[146.0,48.0], gap=16.0, start_offset=0.0)
[WARN] Layout wrap: 'Review' in parent 'sidebar_review' - NoWrap set but would overflow (child_size=77.0, offset=44.0, container=73.0)
[WARN] Layout overflow: 'Review' extends outside parent 'sidebar_review' bounds (child_rel=[44.0,0.0], child_size=[77.0,52.0], child_end=[121.0,52.0], parent_size=[73.0,52.0], gap=12.0, start_offset=0.0)
[WARN] Layout wrap: 'Files' in parent 'sidebar_working_files' - NoWrap set but would overflow (child_size=50.0, offset=44.0, container=73.0)
[WARN] Layout overflow: 'Files' extends outside parent 'sidebar_working_files' bounds (child_rel=[44.0,0.0], child_size=[50.0,52.0], child_end=[94.0,52.0], parent_size=[73.0,52.0], gap=12.0, start_offset=0.0)
[WARN] Layout wrap: '' in parent 'review_changed_files' - NoWrap set but would overflow (child_size=76.0, offset=64.0, container=129.6)
[WARN] Layout overflow: '' extends outside parent 'review_changed_files' bounds (child_rel=[0.0,64.0], child_size=[214.0,76.0], child_end=[214.0,140.0], parent_size=[214.0,129.6], gap=0.0, start_offset=0.0)
[WARN] Layout wrap: 'commit_files_scroll' in parent 'review_changed_files' - NoWrap set but would overflow (child_size=0.0, offset=140.0, container=129.6)
[WARN] Layout overflow: 'commit_files_scroll' extends outside parent 'review_changed_files' bounds (child_rel=[0.0,140.0], child_size=[214.0,0.0], child_end=[214.0,140.0], parent_size=[214.0,129.6], gap=0.0, start_offset=0.0)
[WARN] Layout wrap: '' in parent '' - NoWrap set but would overflow (child_size=192.0, offset=16.0, container=146.0)
[WARN] Layout overflow: '' extends outside parent '' bounds (child_rel=[16.0,4.0], child_size=[192.0,40.0], child_end=[208.0,44.0], parent_size=[146.0,48.0], gap=16.0, start_offset=0.0)
[WARN] Layout wrap: 'Review' in parent 'sidebar_review' - NoWrap set but would overflow (child_size=77.0, offset=44.0, container=73.0)
[WARN] Layout overflow: 'Review' extends outside parent 'sidebar_review' bounds (child_rel=[44.0,0.0], child_size=[77.0,52.0], child_end=[121.0,52.0], parent_size=[73.0,52.0], gap=12.0, start_offset=0.0)
[WARN] Layout wrap: 'Files' in parent 'sidebar_working_files' - NoWrap set but would overflow (child_size=50.0, offset=44.0, container=73.0)
[WARN] Layout overflow: 'Files' extends outside parent 'sidebar_working_files' bounds (child_rel=[44.0,0.0], child_size=[50.0,52.0], child_end=[94.0,52.0], parent_size=[73.0,52.0], gap=12.0, start_offset=0.0)
[WARN] Layout wrap: '' in parent 'review_changed_files' - NoWrap set but would overflow (child_size=76.0, offset=64.0, container=129.6)
[WARN] Layout overflow: '' extends outside parent 'review_changed_files' bounds (child_rel=[0.0,64.0], child_size=[214.0,76.0], child_end=[214.0,140.0], parent_size=[214.0,129.6], gap=0.0, start_offset=0.0)
[WARN] Layout wrap: 'commit_files_scroll' in parent 'review_changed_files' - NoWrap set but would overflow (child_size=0.0, offset=140.0, container=129.6)
[WARN] Layout overflow: 'commit_files_scroll' extends outside parent 'review_changed_files' bounds (child_rel=[0.0,140.0], child_size=[214.0,0.0], child_end=[214.0,140.0], parent_size=[214.0,129.6], gap=0.0, start_offset=0.0)
[WARN] Layout wrap: '' in parent '' - NoWrap set but would overflow (child_size=192.0, offset=16.0, container=146.0)
[WARN] Layout overflow: '' extends outside parent '' bounds (child_rel=[16.0,4.0], child_size=[192.0,40.0], child_end=[208.0,44.0], parent_size=[146.0,48.0], gap=16.0, start_offset=0.0)
[WARN] Layout wrap: 'Review' in parent 'sidebar_review' - NoWrap set but would overflow (child_size=77.0, offset=44.0, container=73.0)
[WARN] Layout overflow: 'Review' extends outside parent 'sidebar_review' bounds (child_rel=[44.0,0.0], child_size=[77.0,52.0], child_end=[121.0,52.0], parent_size=[73.0,52.0], gap=12.0, start_offset=0.0)
[WARN] Layout wrap: 'Files' in parent 'sidebar_working_files' - NoWrap set but would overflow (child_size=50.0, offset=44.0, container=73.0)
[WARN] Layout overflow: 'Files' extends outside parent 'sidebar_working_files' bounds (child_rel=[44.0,0.0], child_size=[50.0,52.0], child_end=[94.0,52.0], parent_size=[73.0,52.0], gap=12.0, start_offset=0.0)
[WARN] Layout wrap: '' in parent 'review_changed_files' - NoWrap set but would overflow (child_size=76.0, offset=64.0, container=129.6)
[WARN] Layout overflow: '' extends outside parent 'review_changed_files' bounds (child_rel=[0.0,64.0], child_size=[214.0,76.0], child_end=[214.0,140.0], parent_size=[214.0,129.6], gap=0.0, start_offset=0.0)
[WARN] Layout wrap: 'commit_files_scroll' in parent 'review_changed_files' - NoWrap set but would overflow (child_size=0.0, offset=140.0, container=129.6)
[WARN] Layout overflow: 'commit_files_scroll' extends outside parent 'review_changed_files' bounds (child_rel=[0.0,140.0], child_size=[214.0,0.0], child_end=[214.0,140.0], parent_size=[214.0,129.6], gap=0.0, start_offset=0.0)
[WARN] Layout wrap: '' in parent '' - NoWrap set but would overflow (child_size=192.0, offset=16.0, container=146.0)
[WARN] Layout overflow: '' extends outside parent '' bounds (child_rel=[16.0,4.0], child_size=[192.0,40.0], child_end=[208.0,44.0], parent_size=[146.0,48.0], gap=16.0, start_offset=0.0)
[WARN] Layout wrap: 'Review' in parent 'sidebar_review' - NoWrap set but would overflow (child_size=77.0, offset=44.0, container=73.0)
[WARN] Layout overflow: 'Review' extends outside parent 'sidebar_review' bounds (child_rel=[44.0,0.0], child_size=[77.0,52.0], child_end=[121.0,52.0], parent_size=[73.0,52.0], gap=12.0, start_offset=0.0)
[WARN] Layout wrap: 'Files' in parent 'sidebar_working_files' - NoWrap set but would overflow (child_size=50.0, offset=44.0, container=73.0)
[WARN] Layout overflow: 'Files' extends outside parent 'sidebar_working_files' bounds (child_rel=[44.0,0.0], child_size=[50.0,52.0], child_end=[94.0,52.0], parent_size=[73.0,52.0], gap=12.0, start_offset=0.0)
[WARN] Layout wrap: '' in parent 'review_changed_files' - NoWrap set but would overflow (child_size=76.0, offset=64.0, container=129.6)
[WARN] Layout overflow: '' extends outside parent 'review_changed_files' bounds (child_rel=[0.0,64.0], child_size=[214.0,76.0], child_end=[214.0,140.0], parent_size=[214.0,129.6], gap=0.0, start_offset=0.0)
[WARN] Layout wrap: 'commit_files_scroll' in parent 'review_changed_files' - NoWrap set but would overflow (child_size=0.0, offset=140.0, container=129.6)
[WARN] Layout overflow: 'commit_files_scroll' extends outside parent 'review_changed_files' bounds (child_rel=[0.0,140.0], child_size=[214.0,0.0], child_end=[214.0,140.0], parent_size=[214.0,129.6], gap=0.0, start_offset=0.0)
[WARN] Layout wrap: '' in parent '' - NoWrap set but would overflow (child_size=192.0, offset=16.0, container=146.0)
[WARN] Layout overflow: '' extends outside parent '' bounds (child_rel=[16.0,4.0], child_size=[192.0,40.0], child_end=[208.0,44.0], parent_size=[146.0,48.0], gap=16.0, start_offset=0.0)
[WARN] Layout wrap: 'Review' in parent 'sidebar_review' - NoWrap set but would overflow (child_size=77.0, offset=44.0, container=73.0)
[WARN] Layout overflow: 'Review' extends outside parent 'sidebar_review' bounds (child_rel=[44.0,0.0], child_size=[77.0,52.0], child_end=[121.0,52.0], parent_size=[73.0,52.0], gap=12.0, start_offset=0.0)
[WARN] Layout wrap: 'Files' in parent 'sidebar_working_files' - NoWrap set but would overflow (child_size=50.0, offset=44.0, container=73.0)
[WARN] Layout overflow: 'Files' extends outside parent 'sidebar_working_files' bounds (child_rel=[44.0,0.0], child_size=[50.0,52.0], child_end=[94.0,52.0], parent_size=[73.0,52.0], gap=12.0, start_offset=0.0)
[WARN] Layout wrap: '' in parent 'review_changed_files' - NoWrap set but would overflow (child_size=76.0, offset=64.0, container=129.6)
[WARN] Layout overflow: '' extends outside parent 'review_changed_files' bounds (child_rel=[0.0,64.0], child_size=[214.0,76.0], child_end=[214.0,140.0], parent_size=[214.0,129.6], gap=0.0, start_offset=0.0)
[WARN] Layout wrap: 'commit_files_scroll' in parent 'review_changed_files' - NoWrap set but would overflow (child_size=0.0, offset=140.0, container=129.6)
[WARN] Layout overflow: 'commit_files_scroll' extends outside parent 'review_changed_files' bounds (child_rel=[0.0,140.0], child_size=[214.0,0.0], child_end=[214.0,140.0], parent_size=[214.0,129.6], gap=0.0, start_offset=0.0)
[WARN] Layout wrap: '' in parent '' - NoWrap set but would overflow (child_size=192.0, offset=16.0, container=146.0)
[WARN] Layout overflow: '' extends outside parent '' bounds (child_rel=[16.0,4.0], child_size=[192.0,40.0], child_end=[208.0,44.0], parent_size=[146.0,48.0], gap=16.0, start_offset=0.0)
[WARN] Layout wrap: 'Review' in parent 'sidebar_review' - NoWrap set but would overflow (child_size=77.0, offset=44.0, container=73.0)
[WARN] Layout overflow: 'Review' extends outside parent 'sidebar_review' bounds (child_rel=[44.0,0.0], child_size=[77.0,52.0], child_end=[121.0,52.0], parent_size=[73.0,52.0], gap=12.0, start_offset=0.0)
[WARN] Layout wrap: 'Files' in parent 'sidebar_working_files' - NoWrap set but would overflow (child_size=50.0, offset=44.0, container=73.0)
[WARN] Layout overflow: 'Files' extends outside parent 'sidebar_working_files' bounds (child_rel=[44.0,0.0], child_size=[50.0,52.0], child_end=[94.0,52.0], parent_size=[73.0,52.0], gap=12.0, start_offset=0.0)
[WARN] Layout wrap: '' in parent 'review_changed_files' - NoWrap set but would overflow (child_size=76.0, offset=64.0, container=129.6)
[WARN] Layout overflow: '' extends outside parent 'review_changed_files' bounds (child_rel=[0.0,64.0], child_size=[214.0,76.0], child_end=[214.0,140.0], parent_size=[214.0,129.6], gap=0.0, start_offset=0.0)
[WARN] Layout wrap: 'commit_files_scroll' in parent 'review_changed_files' - NoWrap set but would overflow (child_size=0.0, offset=140.0, container=129.6)
[WARN] Layout overflow: 'commit_files_scroll' extends outside parent 'review_changed_files' bounds (child_rel=[0.0,140.0], child_size=[214.0,0.0], child_end=[214.0,140.0], parent_size=[214.0,129.6], gap=0.0, start_offset=0.0)
[WARN] Layout wrap: '' in parent '' - NoWrap set but would overflow (child_size=192.0, offset=16.0, container=146.0)
[WARN] Layout overflow: '' extends outside parent '' bounds (child_rel=[16.0,4.0], child_size=[192.0,40.0], child_end=[208.0,44.0], parent_size=[146.0,48.0], gap=16.0, start_offset=0.0)
[WARN] Layout wrap: 'Review' in parent 'sidebar_review' - NoWrap set but would overflow (child_size=77.0, offset=44.0, container=73.0)
[WARN] Layout overflow: 'Review' extends outside parent 'sidebar_review' bounds (child_rel=[44.0,0.0], child_size=[77.0,52.0], child_end=[121.0,52.0], parent_size=[73.0,52.0], gap=12.0, start_offset=0.0)
[WARN] Layout wrap: 'Files' in parent 'sidebar_working_files' - NoWrap set but would overflow (child_size=50.0, offset=44.0, container=73.0)
[WARN] Layout overflow: 'Files' extends outside parent 'sidebar_working_files' bounds (child_rel=[44.0,0.0], child_size=[50.0,52.0], child_end=[94.0,52.0], parent_size=[73.0,52.0], gap=12.0, start_offset=0.0)
[WARN] Layout wrap: '' in parent 'review_changed_files' - NoWrap set but would overflow (child_size=76.0, offset=64.0, container=129.6)
[WARN] Layout overflow: '' extends outside parent 'review_changed_files' bounds (child_rel=[0.0,64.0], child_size=[214.0,76.0], child_end=[214.0,140.0], parent_size=[214.0,129.6], gap=0.0, start_offset=0.0)
[WARN] Layout wrap: 'commit_files_scroll' in parent 'review_changed_files' - NoWrap set but would overflow (child_size=0.0, offset=140.0, container=129.6)
[WARN] Layout overflow: 'commit_files_scroll' extends outside parent 'review_changed_files' bounds (child_rel=[0.0,140.0], child_size=[214.0,0.0], child_end=[214.0,140.0], parent_size=[214.0,129.6], gap=0.0, start_offset=0.0)
[WARN] Layout wrap: '' in parent '' - NoWrap set but would overflow (child_size=192.0, offset=16.0, container=146.0)
[WARN] Layout overflow: '' extends outside parent '' bounds (child_rel=[16.0,4.0], child_size=[192.0,40.0], child_end=[208.0,44.0], parent_size=[146.0,48.0], gap=16.0, start_offset=0.0)
[WARN] Layout wrap: 'Review' in parent 'sidebar_review' - NoWrap set but would overflow (child_size=77.0, offset=44.0, container=73.0)
[WARN] Layout overflow: 'Review' extends outside parent 'sidebar_review' bounds (child_rel=[44.0,0.0], child_size=[77.0,52.0], child_end=[121.0,52.0], parent_size=[73.0,52.0], gap=12.0, start_offset=0.0)
[WARN] Layout wrap: 'Files' in parent 'sidebar_working_files' - NoWrap set but would overflow (child_size=50.0, offset=44.0, container=73.0)
[WARN] Layout overflow: 'Files' extends outside parent 'sidebar_working_files' bounds (child_rel=[44.0,0.0], child_size=[50.0,52.0], child_end=[94.0,52.0], parent_size=[73.0,52.0], gap=12.0, start_offset=0.0)
[WARN] Layout wrap: '' in parent 'review_changed_files' - NoWrap set but would overflow (child_size=76.0, offset=64.0, container=129.6)
[WARN] Layout overflow: '' extends outside parent 'review_changed_files' bounds (child_rel=[0.0,64.0], child_size=[214.0,76.0], child_end=[214.0,140.0], parent_size=[214.0,129.6], gap=0.0, start_offset=0.0)
[WARN] Layout wrap: 'commit_files_scroll' in parent 'review_changed_files' - NoWrap set but would overflow (child_size=0.0, offset=140.0, container=129.6)
[WARN] Layout overflow: 'commit_files_scroll' extends outside parent 'review_changed_files' bounds (child_rel=[0.0,140.0], child_size=[214.0,0.0], child_end=[214.0,140.0], parent_size=[214.0,129.6], gap=0.0, start_offset=0.0)
[WARN] Layout wrap: '' in parent '' - NoWrap set but would overflow (child_size=192.0, offset=16.0, container=146.0)
[WARN] Layout overflow: '' extends outside parent '' bounds (child_rel=[16.0,4.0], child_size=[192.0,40.0], child_end=[208.0,44.0], parent_size=[146.0,48.0], gap=16.0, start_offset=0.0)
[WARN] Layout wrap: 'Review' in parent 'sidebar_review' - NoWrap set but would overflow (child_size=77.0, offset=44.0, container=73.0)
[WARN] Layout overflow: 'Review' extends outside parent 'sidebar_review' bounds (child_rel=[44.0,0.0], child_size=[77.0,52.0], child_end=[121.0,52.0], parent_size=[73.0,52.0], gap=12.0, start_offset=0.0)
[WARN] Layout wrap: 'Files' in parent 'sidebar_working_files' - NoWrap set but would overflow (child_size=50.0, offset=44.0, container=73.0)
[WARN] Layout overflow: 'Files' extends outside parent 'sidebar_working_files' bounds (child_rel=[44.0,0.0], child_size=[50.0,52.0], child_end=[94.0,52.0], parent_size=[73.0,52.0], gap=12.0, start_offset=0.0)
[WARN] Layout wrap: '' in parent 'review_changed_files' - NoWrap set but would overflow (child_size=76.0, offset=64.0, container=129.6)
[WARN] Layout overflow: '' extends outside parent 'review_changed_files' bounds (child_rel=[0.0,64.0], child_size=[214.0,76.0], child_end=[214.0,140.0], parent_size=[214.0,129.6], gap=0.0, start_offset=0.0)
[WARN] Layout wrap: 'commit_files_scroll' in parent 'review_changed_files' - NoWrap set but would overflow (child_size=0.0, offset=140.0, container=129.6)
[WARN] Layout overflow: 'commit_files_scroll' extends outside parent 'review_changed_files' bounds (child_rel=[0.0,140.0], child_size=[214.0,0.0], child_end=[214.0,140.0], parent_size=[214.0,129.6], gap=0.0, start_offset=0.0)
[WARN] Layout wrap: '' in parent '' - NoWrap set but would overflow (child_size=192.0, offset=16.0, container=146.0)
[WARN] Layout overflow: '' extends outside parent '' bounds (child_rel=[16.0,4.0], child_size=[192.0,40.0], child_end=[208.0,44.0], parent_size=[146.0,48.0], gap=16.0, start_offset=0.0)
[WARN] Layout wrap: 'Review' in parent 'sidebar_review' - NoWrap set but would overflow (child_size=77.0, offset=44.0, container=73.0)
[WARN] Layout overflow: 'Review' extends outside parent 'sidebar_review' bounds (child_rel=[44.0,0.0], child_size=[77.0,52.0], child_end=[121.0,52.0], parent_size=[73.0,52.0], gap=12.0, start_offset=0.0)
[WARN] Layout wrap: 'Files' in parent 'sidebar_working_files' - NoWrap set but would overflow (child_size=50.0, offset=44.0, container=73.0)
[WARN] Layout overflow: 'Files' extends outside parent 'sidebar_working_files' bounds (child_rel=[44.0,0.0], child_size=[50.0,52.0], child_end=[94.0,52.0], parent_size=[73.0,52.0], gap=12.0, start_offset=0.0)
[WARN] Layout wrap: '' in parent 'review_changed_files' - NoWrap set but would overflow (child_size=76.0, offset=64.0, container=129.6)
[WARN] Layout overflow: '' extends outside parent 'review_changed_files' bounds (child_rel=[0.0,64.0], child_size=[214.0,76.0], child_end=[214.0,140.0], parent_size=[214.0,129.6], gap=0.0, start_offset=0.0)
[WARN] Layout wrap: 'commit_files_scroll' in parent 'review_changed_files' - NoWrap set but would overflow (child_size=0.0, offset=140.0, container=129.6)
[WARN] Layout overflow: 'commit_files_scroll' extends outside parent 'review_changed_files' bounds (child_rel=[0.0,140.0], child_size=[214.0,0.0], child_end=[214.0,140.0], parent_size=[214.0,129.6], gap=0.0, start_offset=0.0)
[WARN] Layout wrap: '' in parent '' - NoWrap set but would overflow (child_size=192.0, offset=16.0, container=146.0)
[WARN] Layout overflow: '' extends outside parent '' bounds (child_rel=[16.0,4.0], child_size=[192.0,40.0], child_end=[208.0,44.0], parent_size=[146.0,48.0], gap=16.0, start_offset=0.0)
[WARN] Layout wrap: 'Review' in parent 'sidebar_review' - NoWrap set but would overflow (child_size=77.0, offset=44.0, container=73.0)
[WARN] Layout overflow: 'Review' extends outside parent 'sidebar_review' bounds (child_rel=[44.0,0.0], child_size=[77.0,52.0], child_end=[121.0,52.0], parent_size=[73.0,52.0], gap=12.0, start_offset=0.0)
[WARN] Layout wrap: 'Files' in parent 'sidebar_working_files' - NoWrap set but would overflow (child_size=50.0, offset=44.0, container=73.0)
[WARN] Layout overflow: 'Files' extends outside parent 'sidebar_working_files' bounds (child_rel=[44.0,0.0], child_size=[50.0,52.0], child_end=[94.0,52.0], parent_size=[73.0,52.0], gap=12.0, start_offset=0.0)
[WARN] Layout wrap: '' in parent 'review_changed_files' - NoWrap set but would overflow (child_size=76.0, offset=64.0, container=129.6)
[WARN] Layout overflow: '' extends outside parent 'review_changed_files' bounds (child_rel=[0.0,64.0], child_size=[214.0,76.0], child_end=[214.0,140.0], parent_size=[214.0,129.6], gap=0.0, start_offset=0.0)
[WARN] Layout wrap: 'commit_files_scroll' in parent 'review_changed_files' - NoWrap set but would overflow (child_size=0.0, offset=140.0, container=129.6)
[WARN] Layout overflow: 'commit_files_scroll' extends outside parent 'review_changed_files' bounds (child_rel=[0.0,140.0], child_size=[214.0,0.0], child_end=[214.0,140.0], parent_size=[214.0,129.6], gap=0.0, start_offset=0.0)
[WARN] Layout wrap: '' in parent '' - NoWrap set but would overflow (child_size=192.0, offset=16.0, container=146.0)
[WARN] Layout overflow: '' extends outside parent '' bounds (child_rel=[16.0,4.0], child_size=[192.0,40.0], child_end=[208.0,44.0], parent_size=[146.0,48.0], gap=16.0, start_offset=0.0)
[WARN] Layout wrap: 'Review' in parent 'sidebar_review' - NoWrap set but would overflow (child_size=77.0, offset=44.0, container=73.0)
[WARN] Layout overflow: 'Review' extends outside parent 'sidebar_review' bounds (child_rel=[44.0,0.0], child_size=[77.0,52.0], child_end=[121.0,52.0], parent_size=[73.0,52.0], gap=12.0, start_offset=0.0)
[WARN] Layout wrap: 'Files' in parent 'sidebar_working_files' - NoWrap set but would overflow (child_size=50.0, offset=44.0, container=73.0)
[WARN] Layout overflow: 'Files' extends outside parent 'sidebar_working_files' bounds (child_rel=[44.0,0.0], child_size=[50.0,52.0], child_end=[94.0,52.0], parent_size=[73.0,52.0], gap=12.0, start_offset=0.0)
[WARN] Layout wrap: '' in parent 'review_changed_files' - NoWrap set but would overflow (child_size=76.0, offset=64.0, container=129.6)
[WARN] Layout overflow: '' extends outside parent 'review_changed_files' bounds (child_rel=[0.0,64.0], child_size=[214.0,76.0], child_end=[214.0,140.0], parent_size=[214.0,129.6], gap=0.0, start_offset=0.0)
[WARN] Layout wrap: 'commit_files_scroll' in parent 'review_changed_files' - NoWrap set but would overflow (child_size=0.0, offset=140.0, container=129.6)
[WARN] Layout overflow: 'commit_files_scroll' extends outside parent 'review_changed_files' bounds (child_rel=[0.0,140.0], child_size=[214.0,0.0], child_end=[214.0,140.0], parent_size=[214.0,129.6], gap=0.0, start_offset=0.0)
[WARN] Layout wrap: '' in parent '' - NoWrap set but would overflow (child_size=192.0, offset=16.0, container=146.0)
[WARN] Layout overflow: '' extends outside parent '' bounds (child_rel=[16.0,4.0], child_size=[192.0,40.0], child_end=[208.0,44.0], parent_size=[146.0,48.0], gap=16.0, start_offset=0.0)
[WARN] Layout wrap: 'Review' in parent 'sidebar_review' - NoWrap set but would overflow (child_size=77.0, offset=44.0, container=73.0)
[WARN] Layout overflow: 'Review' extends outside parent 'sidebar_review' bounds (child_rel=[44.0,0.0], child_size=[77.0,52.0], child_end=[121.0,52.0], parent_size=[73.0,52.0], gap=12.0, start_offset=0.0)
[WARN] Layout wrap: 'Files' in parent 'sidebar_working_files' - NoWrap set but would overflow (child_size=50.0, offset=44.0, container=73.0)
[WARN] Layout overflow: 'Files' extends outside parent 'sidebar_working_files' bounds (child_rel=[44.0,0.0], child_size=[50.0,52.0], child_end=[94.0,52.0], parent_size=[73.0,52.0], gap=12.0, start_offset=0.0)
[WARN] Layout wrap: '' in parent 'review_changed_files' - NoWrap set but would overflow (child_size=76.0, offset=64.0, container=129.6)
[WARN] Layout overflow: '' extends outside parent 'review_changed_files' bounds (child_rel=[0.0,64.0], child_size=[214.0,76.0], child_end=[214.0,140.0], parent_size=[214.0,129.6], gap=0.0, start_offset=0.0)
[WARN] Layout wrap: 'commit_files_scroll' in parent 'review_changed_files' - NoWrap set but would overflow (child_size=0.0, offset=140.0, container=129.6)
[WARN] Layout overflow: 'commit_files_scroll' extends outside parent 'review_changed_files' bounds (child_rel=[0.0,140.0], child_size=[214.0,0.0], child_end=[214.0,140.0], parent_size=[214.0,129.6], gap=0.0, start_offset=0.0)
[WARN] Layout wrap: '' in parent '' - NoWrap set but would overflow (child_size=192.0, offset=16.0, container=146.0)
[WARN] Layout overflow: '' extends outside parent '' bounds (child_rel=[16.0,4.0], child_size=[192.0,40.0], child_end=[208.0,44.0], parent_size=[146.0,48.0], gap=16.0, start_offset=0.0)
[WARN] Layout wrap: 'Review' in parent 'sidebar_review' - NoWrap set but would overflow (child_size=77.0, offset=44.0, container=73.0)
[WARN] Layout overflow: 'Review' extends outside parent 'sidebar_review' bounds (child_rel=[44.0,0.0], child_size=[77.0,52.0], child_end=[121.0,52.0], parent_size=[73.0,52.0], gap=12.0, start_offset=0.0)
[WARN] Layout wrap: 'Files' in parent 'sidebar_working_files' - NoWrap set but would overflow (child_size=50.0, offset=44.0, container=73.0)
[WARN] Layout overflow: 'Files' extends outside parent 'sidebar_working_files' bounds (child_rel=[44.0,0.0], child_size=[50.0,52.0], child_end=[94.0,52.0], parent_size=[73.0,52.0], gap=12.0, start_offset=0.0)
[WARN] Layout wrap: '' in parent 'review_changed_files' - NoWrap set but would overflow (child_size=76.0, offset=64.0, container=129.6)
[WARN] Layout overflow: '' extends outside parent 'review_changed_files' bounds (child_rel=[0.0,64.0], child_size=[214.0,76.0], child_end=[214.0,140.0], parent_size=[214.0,129.6], gap=0.0, start_offset=0.0)
[WARN] Layout wrap: 'commit_files_scroll' in parent 'review_changed_files' - NoWrap set but would overflow (child_size=0.0, offset=140.0, container=129.6)
[WARN] Layout overflow: 'commit_files_scroll' extends outside parent 'review_changed_files' bounds (child_rel=[0.0,140.0], child_size=[214.0,0.0], child_end=[214.0,140.0], parent_size=[214.0,129.6], gap=0.0, start_offset=0.0)
[WARN] Layout wrap: '' in parent '' - NoWrap set but would overflow (child_size=192.0, offset=16.0, container=146.0)
[WARN] Layout overflow: '' extends outside parent '' bounds (child_rel=[16.0,4.0], child_size=[192.0,40.0], child_end=[208.0,44.0], parent_size=[146.0,48.0], gap=16.0, start_offset=0.0)
[WARN] Layout wrap: 'Review' in parent 'sidebar_review' - NoWrap set but would overflow (child_size=77.0, offset=44.0, container=73.0)
[WARN] Layout overflow: 'Review' extends outside parent 'sidebar_review' bounds (child_rel=[44.0,0.0], child_size=[77.0,52.0], child_end=[121.0,52.0], parent_size=[73.0,52.0], gap=12.0, start_offset=0.0)
[WARN] Layout wrap: 'Files' in parent 'sidebar_working_files' - NoWrap set but would overflow (child_size=50.0, offset=44.0, container=73.0)
[WARN] Layout overflow: 'Files' extends outside parent 'sidebar_working_files' bounds (child_rel=[44.0,0.0], child_size=[50.0,52.0], child_end=[94.0,52.0], parent_size=[73.0,52.0], gap=12.0, start_offset=0.0)
[WARN] Layout wrap: '' in parent 'review_changed_files' - NoWrap set but would overflow (child_size=76.0, offset=64.0, container=129.6)
[WARN] Layout overflow: '' extends outside parent 'review_changed_files' bounds (child_rel=[0.0,64.0], child_size=[214.0,76.0], child_end=[214.0,140.0], parent_size=[214.0,129.6], gap=0.0, start_offset=0.0)
[WARN] Layout wrap: 'commit_files_scroll' in parent 'review_changed_files' - NoWrap set but would overflow (child_size=0.0, offset=140.0, container=129.6)
[WARN] Layout overflow: 'commit_files_scroll' extends outside parent 'review_changed_files' bounds (child_rel=[0.0,140.0], child_size=[214.0,0.0], child_end=[214.0,140.0], parent_size=[214.0,129.6], gap=0.0, start_offset=0.0)
[WARN] Layout wrap: '' in parent '' - NoWrap set but would overflow (child_size=192.0, offset=16.0, container=146.0)
[WARN] Layout overflow: '' extends outside parent '' bounds (child_rel=[16.0,4.0], child_size=[192.0,40.0], child_end=[208.0,44.0], parent_size=[146.0,48.0], gap=16.0, start_offset=0.0)
[WARN] Layout wrap: 'Review' in parent 'sidebar_review' - NoWrap set but would overflow (child_size=77.0, offset=44.0, container=73.0)
[WARN] Layout overflow: 'Review' extends outside parent 'sidebar_review' bounds (child_rel=[44.0,0.0], child_size=[77.0,52.0], child_end=[121.0,52.0], parent_size=[73.0,52.0], gap=12.0, start_offset=0.0)
[WARN] Layout wrap: 'Files' in parent 'sidebar_working_files' - NoWrap set but would overflow (child_size=50.0, offset=44.0, container=73.0)
[WARN] Layout overflow: 'Files' extends outside parent 'sidebar_working_files' bounds (child_rel=[44.0,0.0], child_size=[50.0,52.0], child_end=[94.0,52.0], parent_size=[73.0,52.0], gap=12.0, start_offset=0.0)
[WARN] Layout wrap: '' in parent 'review_changed_files' - NoWrap set but would overflow (child_size=76.0, offset=64.0, container=129.6)
[WARN] Layout overflow: '' extends outside parent 'review_changed_files' bounds (child_rel=[0.0,64.0], child_size=[214.0,76.0], child_end=[214.0,140.0], parent_size=[214.0,129.6], gap=0.0, start_offset=0.0)
[WARN] Layout wrap: 'commit_files_scroll' in parent 'review_changed_files' - NoWrap set but would overflow (child_size=0.0, offset=140.0, container=129.6)
[WARN] Layout overflow: 'commit_files_scroll' extends outside parent 'review_changed_files' bounds (child_rel=[0.0,140.0], child_size=[214.0,0.0], child_end=[214.0,140.0], parent_size=[214.0,129.6], gap=0.0, start_offset=0.0)
[WARN] Layout wrap: '' in parent '' - NoWrap set but would overflow (child_size=192.0, offset=16.0, container=146.0)
[WARN] Layout overflow: '' extends outside parent '' bounds (child_rel=[16.0,4.0], child_size=[192.0,40.0], child_end=[208.0,44.0], parent_size=[146.0,48.0], gap=16.0, start_offset=0.0)
[WARN] Layout wrap: 'Review' in parent 'sidebar_review' - NoWrap set but would overflow (child_size=77.0, offset=44.0, container=73.0)
[WARN] Layout overflow: 'Review' extends outside parent 'sidebar_review' bounds (child_rel=[44.0,0.0], child_size=[77.0,52.0], child_end=[121.0,52.0], parent_size=[73.0,52.0], gap=12.0, start_offset=0.0)
[WARN] Layout wrap: 'Files' in parent 'sidebar_working_files' - NoWrap set but would overflow (child_size=50.0, offset=44.0, container=73.0)
[WARN] Layout overflow: 'Files' extends outside parent 'sidebar_working_files' bounds (child_rel=[44.0,0.0], child_size=[50.0,52.0], child_end=[94.0,52.0], parent_size=[73.0,52.0], gap=12.0, start_offset=0.0)
[WARN] Layout wrap: '' in parent 'review_changed_files' - NoWrap set but would overflow (child_size=76.0, offset=64.0, container=129.6)
[WARN] Layout overflow: '' extends outside parent 'review_changed_files' bounds (child_rel=[0.0,64.0], child_size=[214.0,76.0], child_end=[214.0,140.0], parent_size=[214.0,129.6], gap=0.0, start_offset=0.0)
[WARN] Layout wrap: 'commit_files_scroll' in parent 'review_changed_files' - NoWrap set but would overflow (child_size=0.0, offset=140.0, container=129.6)
[WARN] Layout overflow: 'commit_files_scroll' extends outside parent 'review_changed_files' bounds (child_rel=[0.0,140.0], child_size=[214.0,0.0], child_end=[214.0,140.0], parent_size=[214.0,129.6], gap=0.0, start_offset=0.0)
[WARN] Layout wrap: '' in parent '' - NoWrap set but would overflow (child_size=192.0, offset=16.0, container=146.0)
[WARN] Layout overflow: '' extends outside parent '' bounds (child_rel=[16.0,4.0], child_size=[192.0,40.0], child_end=[208.0,44.0], parent_size=[146.0,48.0], gap=16.0, start_offset=0.0)
[WARN] Layout wrap: 'Review' in parent 'sidebar_review' - NoWrap set but would overflow (child_size=77.0, offset=44.0, container=73.0)
[WARN] Layout overflow: 'Review' extends outside parent 'sidebar_review' bounds (child_rel=[44.0,0.0], child_size=[77.0,52.0], child_end=[121.0,52.0], parent_size=[73.0,52.0], gap=12.0, start_offset=0.0)
[WARN] Layout wrap: 'Files' in parent 'sidebar_working_files' - NoWrap set but would overflow (child_size=50.0, offset=44.0, container=73.0)
[WARN] Layout overflow: 'Files' extends outside parent 'sidebar_working_files' bounds (child_rel=[44.0,0.0], child_size=[50.0,52.0], child_end=[94.0,52.0], parent_size=[73.0,52.0], gap=12.0, start_offset=0.0)
[WARN] Layout wrap: '' in parent 'review_changed_files' - NoWrap set but would overflow (child_size=76.0, offset=64.0, container=129.6)
[WARN] Layout overflow: '' extends outside parent 'review_changed_files' bounds (child_rel=[0.0,64.0], child_size=[214.0,76.0], child_end=[214.0,140.0], parent_size=[214.0,129.6], gap=0.0, start_offset=0.0)
[WARN] Layout wrap: 'commit_files_scroll' in parent 'review_changed_files' - NoWrap set but would overflow (child_size=0.0, offset=140.0, container=129.6)
[WARN] Layout overflow: 'commit_files_scroll' extends outside parent 'review_changed_files' bounds (child_rel=[0.0,140.0], child_size=[214.0,0.0], child_end=[214.0,140.0], parent_size=[214.0,129.6], gap=0.0, start_offset=0.0)
[WARN] Layout wrap: '' in parent '' - NoWrap set but would overflow (child_size=192.0, offset=16.0, container=146.0)
[WARN] Layout overflow: '' extends outside parent '' bounds (child_rel=[16.0,4.0], child_size=[192.0,40.0], child_end=[208.0,44.0], parent_size=[146.0,48.0], gap=16.0, start_offset=0.0)
[WARN] Layout wrap: 'Review' in parent 'sidebar_review' - NoWrap set but would overflow (child_size=77.0, offset=44.0, container=73.0)
[WARN] Layout overflow: 'Review' extends outside parent 'sidebar_review' bounds (child_rel=[44.0,0.0], child_size=[77.0,52.0], child_end=[121.0,52.0], parent_size=[73.0,52.0], gap=12.0, start_offset=0.0)
[WARN] Layout wrap: 'Files' in parent 'sidebar_working_files' - NoWrap set but would overflow (child_size=50.0, offset=44.0, container=73.0)
[WARN] Layout overflow: 'Files' extends outside parent 'sidebar_working_files' bounds (child_rel=[44.0,0.0], child_size=[50.0,52.0], child_end=[94.0,52.0], parent_size=[73.0,52.0], gap=12.0, start_offset=0.0)
[WARN] Layout wrap: '' in parent 'review_changed_files' - NoWrap set but would overflow (child_size=76.0, offset=64.0, container=129.6)
[WARN] Layout overflow: '' extends outside parent 'review_changed_files' bounds (child_rel=[0.0,64.0], child_size=[214.0,76.0], child_end=[214.0,140.0], parent_size=[214.0,129.6], gap=0.0, start_offset=0.0)
[WARN] Layout wrap: 'commit_files_scroll' in parent 'review_changed_files' - NoWrap set but would overflow (child_size=0.0, offset=140.0, container=129.6)
[WARN] Layout overflow: 'commit_files_scroll' extends outside parent 'review_changed_files' bounds (child_rel=[0.0,140.0], child_size=[214.0,0.0], child_end=[214.0,140.0], parent_size=[214.0,129.6], gap=0.0, start_offset=0.0)
[WARN] Layout wrap: '' in parent '' - NoWrap set but would overflow (child_size=192.0, offset=16.0, container=146.0)
[WARN] Layout overflow: '' extends outside parent '' bounds (child_rel=[16.0,4.0], child_size=[192.0,40.0], child_end=[208.0,44.0], parent_size=[146.0,48.0], gap=16.0, start_offset=0.0)
[WARN] Layout wrap: 'Review' in parent 'sidebar_review' - NoWrap set but would overflow (child_size=77.0, offset=44.0, container=73.0)
[WARN] Layout overflow: 'Review' extends outside parent 'sidebar_review' bounds (child_rel=[44.0,0.0], child_size=[77.0,52.0], child_end=[121.0,52.0], parent_size=[73.0,52.0], gap=12.0, start_offset=0.0)
[WARN] Layout wrap: 'Files' in parent 'sidebar_working_files' - NoWrap set but would overflow (child_size=50.0, offset=44.0, container=73.0)
[WARN] Layout overflow: 'Files' extends outside parent 'sidebar_working_files' bounds (child_rel=[44.0,0.0], child_size=[50.0,52.0], child_end=[94.0,52.0], parent_size=[73.0,52.0], gap=12.0, start_offset=0.0)
[WARN] Layout wrap: '' in parent 'review_changed_files' - NoWrap set but would overflow (child_size=76.0, offset=64.0, container=129.6)
[WARN] Layout overflow: '' extends outside parent 'review_changed_files' bounds (child_rel=[0.0,64.0], child_size=[214.0,76.0], child_end=[214.0,140.0], parent_size=[214.0,129.6], gap=0.0, start_offset=0.0)
[WARN] Layout wrap: 'commit_files_scroll' in parent 'review_changed_files' - NoWrap set but would overflow (child_size=0.0, offset=140.0, container=129.6)
[WARN] Layout overflow: 'commit_files_scroll' extends outside parent 'review_changed_files' bounds (child_rel=[0.0,140.0], child_size=[214.0,0.0], child_end=[214.0,140.0], parent_size=[214.0,129.6], gap=0.0, start_offset=0.0)
[WARN] Layout wrap: '' in parent '' - NoWrap set but would overflow (child_size=192.0, offset=16.0, container=146.0)
[WARN] Layout overflow: '' extends outside parent '' bounds (child_rel=[16.0,4.0], child_size=[192.0,40.0], child_end=[208.0,44.0], parent_size=[146.0,48.0], gap=16.0, start_offset=0.0)
[WARN] Layout wrap: 'Review' in parent 'sidebar_review' - NoWrap set but would overflow (child_size=77.0, offset=44.0, container=73.0)
[WARN] Layout overflow: 'Review' extends outside parent 'sidebar_review' bounds (child_rel=[44.0,0.0], child_size=[77.0,52.0], child_end=[121.0,52.0], parent_size=[73.0,52.0], gap=12.0, start_offset=0.0)
[WARN] Layout wrap: 'Files' in parent 'sidebar_working_files' - NoWrap set but would overflow (child_size=50.0, offset=44.0, container=73.0)
[WARN] Layout overflow: 'Files' extends outside parent 'sidebar_working_files' bounds (child_rel=[44.0,0.0], child_size=[50.0,52.0], child_end=[94.0,52.0], parent_size=[73.0,52.0], gap=12.0, start_offset=0.0)
[WARN] Layout wrap: '' in parent 'review_changed_files' - NoWrap set but would overflow (child_size=76.0, offset=64.0, container=129.6)
[WARN] Layout overflow: '' extends outside parent 'review_changed_files' bounds (child_rel=[0.0,64.0], child_size=[214.0,76.0], child_end=[214.0,140.0], parent_size=[214.0,129.6], gap=0.0, start_offset=0.0)
[WARN] Layout wrap: 'commit_files_scroll' in parent 'review_changed_files' - NoWrap set but would overflow (child_size=0.0, offset=140.0, container=129.6)
[WARN] Layout overflow: 'commit_files_scroll' extends outside parent 'review_changed_files' bounds (child_rel=[0.0,140.0], child_size=[214.0,0.0], child_end=[214.0,140.0], parent_size=[214.0,129.6], gap=0.0, start_offset=0.0)
[WARN] Layout wrap: '' in parent '' - NoWrap set but would overflow (child_size=192.0, offset=16.0, container=146.0)
[WARN] Layout overflow: '' extends outside parent '' bounds (child_rel=[16.0,4.0], child_size=[192.0,40.0], child_end=[208.0,44.0], parent_size=[146.0,48.0], gap=16.0, start_offset=0.0)
[WARN] Layout wrap: 'Review' in parent 'sidebar_review' - NoWrap set but would overflow (child_size=77.0, offset=44.0, container=73.0)
[WARN] Layout overflow: 'Review' extends outside parent 'sidebar_review' bounds (child_rel=[44.0,0.0], child_size=[77.0,52.0], child_end=[121.0,52.0], parent_size=[73.0,52.0], gap=12.0, start_offset=0.0)
[WARN] Layout wrap: 'Files' in parent 'sidebar_working_files' - NoWrap set but would overflow (child_size=50.0, offset=44.0, container=73.0)
[WARN] Layout overflow: 'Files' extends outside parent 'sidebar_working_files' bounds (child_rel=[44.0,0.0], child_size=[50.0,52.0], child_end=[94.0,52.0], parent_size=[73.0,52.0], gap=12.0, start_offset=0.0)
[WARN] Layout wrap: '' in parent 'review_changed_files' - NoWrap set but would overflow (child_size=76.0, offset=64.0, container=129.6)
[WARN] Layout overflow: '' extends outside parent 'review_changed_files' bounds (child_rel=[0.0,64.0], child_size=[214.0,76.0], child_end=[214.0,140.0], parent_size=[214.0,129.6], gap=0.0, start_offset=0.0)
[WARN] Layout wrap: 'commit_files_scroll' in parent 'review_changed_files' - NoWrap set but would overflow (child_size=0.0, offset=140.0, container=129.6)
[WARN] Layout overflow: 'commit_files_scroll' extends outside parent 'review_changed_files' bounds (child_rel=[0.0,140.0], child_size=[214.0,0.0], child_end=[214.0,140.0], parent_size=[214.0,129.6], gap=0.0, start_offset=0.0)
[WARN] Layout wrap: '' in parent '' - NoWrap set but would overflow (child_size=192.0, offset=16.0, container=146.0)
[WARN] Layout overflow: '' extends outside parent '' bounds (child_rel=[16.0,4.0], child_size=[192.0,40.0], child_end=[208.0,44.0], parent_size=[146.0,48.0], gap=16.0, start_offset=0.0)
[WARN] Layout wrap: 'Review' in parent 'sidebar_review' - NoWrap set but would overflow (child_size=77.0, offset=44.0, container=73.0)
[WARN] Layout overflow: 'Review' extends outside parent 'sidebar_review' bounds (child_rel=[44.0,0.0], child_size=[77.0,52.0], child_end=[121.0,52.0], parent_size=[73.0,52.0], gap=12.0, start_offset=0.0)
[WARN] Layout wrap: 'Files' in parent 'sidebar_working_files' - NoWrap set but would overflow (child_size=50.0, offset=44.0, container=73.0)
[WARN] Layout overflow: 'Files' extends outside parent 'sidebar_working_files' bounds (child_rel=[44.0,0.0], child_size=[50.0,52.0], child_end=[94.0,52.0], parent_size=[73.0,52.0], gap=12.0, start_offset=0.0)
[WARN] Layout wrap: '' in parent 'review_changed_files' - NoWrap set but would overflow (child_size=76.0, offset=64.0, container=129.6)
[WARN] Layout overflow: '' extends outside parent 'review_changed_files' bounds (child_rel=[0.0,64.0], child_size=[214.0,76.0], child_end=[214.0,140.0], parent_size=[214.0,129.6], gap=0.0, start_offset=0.0)
[WARN] Layout wrap: 'commit_files_scroll' in parent 'review_changed_files' - NoWrap set but would overflow (child_size=0.0, offset=140.0, container=129.6)
[WARN] Layout overflow: 'commit_files_scroll' extends outside parent 'review_changed_files' bounds (child_rel=[0.0,140.0], child_size=[214.0,0.0], child_end=[214.0,140.0], parent_size=[214.0,129.6], gap=0.0, start_offset=0.0)
[WARN] Layout wrap: '' in parent '' - NoWrap set but would overflow (child_size=192.0, offset=16.0, container=146.0)
[WARN] Layout overflow: '' extends outside parent '' bounds (child_rel=[16.0,4.0], child_size=[192.0,40.0], child_end=[208.0,44.0], parent_size=[146.0,48.0], gap=16.0, start_offset=0.0)
[WARN] Layout wrap: 'Review' in parent 'sidebar_review' - NoWrap set but would overflow (child_size=77.0, offset=44.0, container=73.0)
[WARN] Layout overflow: 'Review' extends outside parent 'sidebar_review' bounds (child_rel=[44.0,0.0], child_size=[77.0,52.0], child_end=[121.0,52.0], parent_size=[73.0,52.0], gap=12.0, start_offset=0.0)
[WARN] Layout wrap: 'Files' in parent 'sidebar_working_files' - NoWrap set but would overflow (child_size=50.0, offset=44.0, container=73.0)
[WARN] Layout overflow: 'Files' extends outside parent 'sidebar_working_files' bounds (child_rel=[44.0,0.0], child_size=[50.0,52.0], child_end=[94.0,52.0], parent_size=[73.0,52.0], gap=12.0, start_offset=0.0)
[WARN] Layout wrap: '' in parent 'review_changed_files' - NoWrap set but would overflow (child_size=76.0, offset=64.0, container=129.6)
[WARN] Layout overflow: '' extends outside parent 'review_changed_files' bounds (child_rel=[0.0,64.0], child_size=[214.0,76.0], child_end=[214.0,140.0], parent_size=[214.0,129.6], gap=0.0, start_offset=0.0)
[WARN] Layout wrap: 'commit_files_scroll' in parent 'review_changed_files' - NoWrap set but would overflow (child_size=0.0, offset=140.0, container=129.6)
[WARN] Layout overflow: 'commit_files_scroll' extends outside parent 'review_changed_files' bounds (child_rel=[0.0,140.0], child_size=[214.0,0.0], child_end=[214.0,140.0], parent_size=[214.0,129.6], gap=0.0, start_offset=0.0)
[WARN] Layout wrap: '' in parent '' - NoWrap set but would overflow (child_size=192.0, offset=16.0, container=146.0)
[WARN] Layout overflow: '' extends outside parent '' bounds (child_rel=[16.0,4.0], child_size=[192.0,40.0], child_end=[208.0,44.0], parent_size=[146.0,48.0], gap=16.0, start_offset=0.0)
[WARN] Layout wrap: 'Review' in parent 'sidebar_review' - NoWrap set but would overflow (child_size=77.0, offset=44.0, container=73.0)
[WARN] Layout overflow: 'Review' extends outside parent 'sidebar_review' bounds (child_rel=[44.0,0.0], child_size=[77.0,52.0], child_end=[121.0,52.0], parent_size=[73.0,52.0], gap=12.0, start_offset=0.0)
[WARN] Layout wrap: 'Files' in parent 'sidebar_working_files' - NoWrap set but would overflow (child_size=50.0, offset=44.0, container=73.0)
[WARN] Layout overflow: 'Files' extends outside parent 'sidebar_working_files' bounds (child_rel=[44.0,0.0], child_size=[50.0,52.0], child_end=[94.0,52.0], parent_size=[73.0,52.0], gap=12.0, start_offset=0.0)
[WARN] Layout wrap: '' in parent 'review_changed_files' - NoWrap set but would overflow (child_size=76.0, offset=64.0, container=129.6)
[WARN] Layout overflow: '' extends outside parent 'review_changed_files' bounds (child_rel=[0.0,64.0], child_size=[214.0,76.0], child_end=[214.0,140.0], parent_size=[214.0,129.6], gap=0.0, start_offset=0.0)
[WARN] Layout wrap: 'commit_files_scroll' in parent 'review_changed_files' - NoWrap set but would overflow (child_size=0.0, offset=140.0, container=129.6)
[WARN] Layout overflow: 'commit_files_scroll' extends outside parent 'review_changed_files' bounds (child_rel=[0.0,140.0], child_size=[214.0,0.0], child_end=[214.0,140.0], parent_size=[214.0,129.6], gap=0.0, start_offset=0.0)
[WARN] Layout wrap: '' in parent '' - NoWrap set but would overflow (child_size=192.0, offset=16.0, container=146.0)
[WARN] Layout overflow: '' extends outside parent '' bounds (child_rel=[16.0,4.0], child_size=[192.0,40.0], child_end=[208.0,44.0], parent_size=[146.0,48.0], gap=16.0, start_offset=0.0)
[WARN] Layout wrap: 'Review' in parent 'sidebar_review' - NoWrap set but would overflow (child_size=77.0, offset=44.0, container=73.0)
[WARN] Layout overflow: 'Review' extends outside parent 'sidebar_review' bounds (child_rel=[44.0,0.0], child_size=[77.0,52.0], child_end=[121.0,52.0], parent_size=[73.0,52.0], gap=12.0, start_offset=0.0)
[WARN] Layout wrap: 'Files' in parent 'sidebar_working_files' - NoWrap set but would overflow (child_size=50.0, offset=44.0, container=73.0)
[WARN] Layout overflow: 'Files' extends outside parent 'sidebar_working_files' bounds (child_rel=[44.0,0.0], child_size=[50.0,52.0], child_end=[94.0,52.0], parent_size=[73.0,52.0], gap=12.0, start_offset=0.0)
[WARN] Layout wrap: '' in parent 'review_changed_files' - NoWrap set but would overflow (child_size=76.0, offset=64.0, container=129.6)
[WARN] Layout overflow: '' extends outside parent 'review_changed_files' bounds (child_rel=[0.0,64.0], child_size=[214.0,76.0], child_end=[214.0,140.0], parent_size=[214.0,129.6], gap=0.0, start_offset=0.0)
[WARN] Layout wrap: 'commit_files_scroll' in parent 'review_changed_files' - NoWrap set but would overflow (child_size=0.0, offset=140.0, container=129.6)
[WARN] Layout overflow: 'commit_files_scroll' extends outside parent 'review_changed_files' bounds (child_rel=[0.0,140.0], child_size=[214.0,0.0], child_end=[214.0,140.0], parent_size=[214.0,129.6], gap=0.0, start_offset=0.0)
[WARN] Layout wrap: '' in parent '' - NoWrap set but would overflow (child_size=192.0, offset=16.0, container=146.0)
[WARN] Layout overflow: '' extends outside parent '' bounds (child_rel=[16.0,4.0], child_size=[192.0,40.0], child_end=[208.0,44.0], parent_size=[146.0,48.0], gap=16.0, start_offset=0.0)
[WARN] Layout wrap: 'Review' in parent 'sidebar_review' - NoWrap set but would overflow (child_size=77.0, offset=44.0, container=73.0)
[WARN] Layout overflow: 'Review' extends outside parent 'sidebar_review' bounds (child_rel=[44.0,0.0], child_size=[77.0,52.0], child_end=[121.0,52.0], parent_size=[73.0,52.0], gap=12.0, start_offset=0.0)
[WARN] Layout wrap: 'Files' in parent 'sidebar_working_files' - NoWrap set but would overflow (child_size=50.0, offset=44.0, container=73.0)
[WARN] Layout overflow: 'Files' extends outside parent 'sidebar_working_files' bounds (child_rel=[44.0,0.0], child_size=[50.0,52.0], child_end=[94.0,52.0], parent_size=[73.0,52.0], gap=12.0, start_offset=0.0)
[WARN] Layout wrap: '' in parent 'review_changed_files' - NoWrap set but would overflow (child_size=76.0, offset=64.0, container=129.6)
[WARN] Layout overflow: '' extends outside parent 'review_changed_files' bounds (child_rel=[0.0,64.0], child_size=[214.0,76.0], child_end=[214.0,140.0], parent_size=[214.0,129.6], gap=0.0, start_offset=0.0)
[WARN] Layout wrap: 'commit_files_scroll' in parent 'review_changed_files' - NoWrap set but would overflow (child_size=0.0, offset=140.0, container=129.6)
[WARN] Layout overflow: 'commit_files_scroll' extends outside parent 'review_changed_files' bounds (child_rel=[0.0,140.0], child_size=[214.0,0.0], child_end=[214.0,140.0], parent_size=[214.0,129.6], gap=0.0, start_offset=0.0)
[WARN] Layout wrap: '' in parent '' - NoWrap set but would overflow (child_size=192.0, offset=16.0, container=146.0)
[WARN] Layout overflow: '' extends outside parent '' bounds (child_rel=[16.0,4.0], child_size=[192.0,40.0], child_end=[208.0,44.0], parent_size=[146.0,48.0], gap=16.0, start_offset=0.0)
[WARN] Layout wrap: 'Review' in parent 'sidebar_review' - NoWrap set but would overflow (child_size=77.0, offset=44.0, container=73.0)
[WARN] Layout overflow: 'Review' extends outside parent 'sidebar_review' bounds (child_rel=[44.0,0.0], child_size=[77.0,52.0], child_end=[121.0,52.0], parent_size=[73.0,52.0], gap=12.0, start_offset=0.0)
[WARN] Layout wrap: 'Files' in parent 'sidebar_working_files' - NoWrap set but would overflow (child_size=50.0, offset=44.0, container=73.0)
[WARN] Layout overflow: 'Files' extends outside parent 'sidebar_working_files' bounds (child_rel=[44.0,0.0], child_size=[50.0,52.0], child_end=[94.0,52.0], parent_size=[73.0,52.0], gap=12.0, start_offset=0.0)
[WARN] Layout wrap: '' in parent 'review_changed_files' - NoWrap set but would overflow (child_size=76.0, offset=64.0, container=129.6)
[WARN] Layout overflow: '' extends outside parent 'review_changed_files' bounds (child_rel=[0.0,64.0], child_size=[214.0,76.0], child_end=[214.0,140.0], parent_size=[214.0,129.6], gap=0.0, start_offset=0.0)
[WARN] Layout wrap: 'commit_files_scroll' in parent 'review_changed_files' - NoWrap set but would overflow (child_size=0.0, offset=140.0, container=129.6)
[WARN] Layout overflow: 'commit_files_scroll' extends outside parent 'review_changed_files' bounds (child_rel=[0.0,140.0], child_size=[214.0,0.0], child_end=[214.0,140.0], parent_size=[214.0,129.6], gap=0.0, start_offset=0.0)
[WARN] Layout wrap: '' in parent '' - NoWrap set but would overflow (child_size=192.0, offset=16.0, container=146.0)
[WARN] Layout overflow: '' extends outside parent '' bounds (child_rel=[16.0,4.0], child_size=[192.0,40.0], child_end=[208.0,44.0], parent_size=[146.0,48.0], gap=16.0, start_offset=0.0)
[WARN] Layout wrap: 'Review' in parent 'sidebar_review' - NoWrap set but would overflow (child_size=77.0, offset=44.0, container=73.0)
[WARN] Layout overflow: 'Review' extends outside parent 'sidebar_review' bounds (child_rel=[44.0,0.0], child_size=[77.0,52.0], child_end=[121.0,52.0], parent_size=[73.0,52.0], gap=12.0, start_offset=0.0)
[WARN] Layout wrap: 'Files' in parent 'sidebar_working_files' - NoWrap set but would overflow (child_size=50.0, offset=44.0, container=73.0)
[WARN] Layout overflow: 'Files' extends outside parent 'sidebar_working_files' bounds (child_rel=[44.0,0.0], child_size=[50.0,52.0], child_end=[94.0,52.0], parent_size=[73.0,52.0], gap=12.0, start_offset=0.0)
[WARN] Layout wrap: '' in parent 'review_changed_files' - NoWrap set but would overflow (child_size=76.0, offset=64.0, container=129.6)
[WARN] Layout overflow: '' extends outside parent 'review_changed_files' bounds (child_rel=[0.0,64.0], child_size=[214.0,76.0], child_end=[214.0,140.0], parent_size=[214.0,129.6], gap=0.0, start_offset=0.0)
[WARN] Layout wrap: 'commit_files_scroll' in parent 'review_changed_files' - NoWrap set but would overflow (child_size=0.0, offset=140.0, container=129.6)
[WARN] Layout overflow: 'commit_files_scroll' extends outside parent 'review_changed_files' bounds (child_rel=[0.0,140.0], child_size=[214.0,0.0], child_end=[214.0,140.0], parent_size=[214.0,129.6], gap=0.0, start_offset=0.0)
[WARN] Layout wrap: '' in parent '' - NoWrap set but would overflow (child_size=192.0, offset=16.0, container=146.0)
[WARN] Layout overflow: '' extends outside parent '' bounds (child_rel=[16.0,4.0], child_size=[192.0,40.0], child_end=[208.0,44.0], parent_size=[146.0,48.0], gap=16.0, start_offset=0.0)
[WARN] Layout wrap: 'Review' in parent 'sidebar_review' - NoWrap set but would overflow (child_size=77.0, offset=44.0, container=73.0)
[WARN] Layout overflow: 'Review' extends outside parent 'sidebar_review' bounds (child_rel=[44.0,0.0], child_size=[77.0,52.0], child_end=[121.0,52.0], parent_size=[73.0,52.0], gap=12.0, start_offset=0.0)
[WARN] Layout wrap: 'Files' in parent 'sidebar_working_files' - NoWrap set but would overflow (child_size=50.0, offset=44.0, container=73.0)
[WARN] Layout overflow: 'Files' extends outside parent 'sidebar_working_files' bounds (child_rel=[44.0,0.0], child_size=[50.0,52.0], child_end=[94.0,52.0], parent_size=[73.0,52.0], gap=12.0, start_offset=0.0)
[WARN] Layout wrap: '' in parent 'review_changed_files' - NoWrap set but would overflow (child_size=76.0, offset=64.0, container=129.6)
[WARN] Layout overflow: '' extends outside parent 'review_changed_files' bounds (child_rel=[0.0,64.0], child_size=[214.0,76.0], child_end=[214.0,140.0], parent_size=[214.0,129.6], gap=0.0, start_offset=0.0)
[WARN] Layout wrap: 'commit_files_scroll' in parent 'review_changed_files' - NoWrap set but would overflow (child_size=0.0, offset=140.0, container=129.6)
[WARN] Layout overflow: 'commit_files_scroll' extends outside parent 'review_changed_files' bounds (child_rel=[0.0,140.0], child_size=[214.0,0.0], child_end=[214.0,140.0], parent_size=[214.0,129.6], gap=0.0, start_offset=0.0)
[WARN] Layout wrap: '' in parent '' - NoWrap set but would overflow (child_size=192.0, offset=16.0, container=146.0)
[WARN] Layout overflow: '' extends outside parent '' bounds (child_rel=[16.0,4.0], child_size=[192.0,40.0], child_end=[208.0,44.0], parent_size=[146.0,48.0], gap=16.0, start_offset=0.0)
[WARN] Layout wrap: 'Review' in parent 'sidebar_review' - NoWrap set but would overflow (child_size=77.0, offset=44.0, container=73.0)
[WARN] Layout overflow: 'Review' extends outside parent 'sidebar_review' bounds (child_rel=[44.0,0.0], child_size=[77.0,52.0], child_end=[121.0,52.0], parent_size=[73.0,52.0], gap=12.0, start_offset=0.0)
[WARN] Layout wrap: 'Files' in parent 'sidebar_working_files' - NoWrap set but would overflow (child_size=50.0, offset=44.0, container=73.0)
[WARN] Layout overflow: 'Files' extends outside parent 'sidebar_working_files' bounds (child_rel=[44.0,0.0], child_size=[50.0,52.0], child_end=[94.0,52.0], parent_size=[73.0,52.0], gap=12.0, start_offset=0.0)
[WARN] Layout wrap: '' in parent 'review_changed_files' - NoWrap set but would overflow (child_size=76.0, offset=64.0, container=129.6)
[WARN] Layout overflow: '' extends outside parent 'review_changed_files' bounds (child_rel=[0.0,64.0], child_size=[214.0,76.0], child_end=[214.0,140.0], parent_size=[214.0,129.6], gap=0.0, start_offset=0.0)
[WARN] Layout wrap: 'commit_files_scroll' in parent 'review_changed_files' - NoWrap set but would overflow (child_size=0.0, offset=140.0, container=129.6)
[WARN] Layout overflow: 'commit_files_scroll' extends outside parent 'review_changed_files' bounds (child_rel=[0.0,140.0], child_size=[214.0,0.0], child_end=[214.0,140.0], parent_size=[214.0,129.6], gap=0.0, start_offset=0.0)
[WARN] Layout wrap: '' in parent '' - NoWrap set but would overflow (child_size=192.0, offset=16.0, container=146.0)
[WARN] Layout overflow: '' extends outside parent '' bounds (child_rel=[16.0,4.0], child_size=[192.0,40.0], child_end=[208.0,44.0], parent_size=[146.0,48.0], gap=16.0, start_offset=0.0)
[WARN] Layout wrap: 'Review' in parent 'sidebar_review' - NoWrap set but would overflow (child_size=77.0, offset=44.0, container=73.0)
[WARN] Layout overflow: 'Review' extends outside parent 'sidebar_review' bounds (child_rel=[44.0,0.0], child_size=[77.0,52.0], child_end=[121.0,52.0], parent_size=[73.0,52.0], gap=12.0, start_offset=0.0)
[WARN] Layout wrap: 'Files' in parent 'sidebar_working_files' - NoWrap set but would overflow (child_size=50.0, offset=44.0, container=73.0)
[WARN] Layout overflow: 'Files' extends outside parent 'sidebar_working_files' bounds (child_rel=[44.0,0.0], child_size=[50.0,52.0], child_end=[94.0,52.0], parent_size=[73.0,52.0], gap=12.0, start_offset=0.0)
[WARN] Layout wrap: '' in parent 'review_changed_files' - NoWrap set but would overflow (child_size=76.0, offset=64.0, container=129.6)
[WARN] Layout overflow: '' extends outside parent 'review_changed_files' bounds (child_rel=[0.0,64.0], child_size=[214.0,76.0], child_end=[214.0,140.0], parent_size=[214.0,129.6], gap=0.0, start_offset=0.0)
[WARN] Layout wrap: 'commit_files_scroll' in parent 'review_changed_files' - NoWrap set but would overflow (child_size=0.0, offset=140.0, container=129.6)
[WARN] Layout overflow: 'commit_files_scroll' extends outside parent 'review_changed_files' bounds (child_rel=[0.0,140.0], child_size=[214.0,0.0], child_end=[214.0,140.0], parent_size=[214.0,129.6], gap=0.0, start_offset=0.0)
[WARN] Layout wrap: '' in parent '' - NoWrap set but would overflow (child_size=192.0, offset=16.0, container=146.0)
[WARN] Layout overflow: '' extends outside parent '' bounds (child_rel=[16.0,4.0], child_size=[192.0,40.0], child_end=[208.0,44.0], parent_size=[146.0,48.0], gap=16.0, start_offset=0.0)
[WARN] Layout wrap: 'Review' in parent 'sidebar_review' - NoWrap set but would overflow (child_size=77.0, offset=44.0, container=73.0)
[WARN] Layout overflow: 'Review' extends outside parent 'sidebar_review' bounds (child_rel=[44.0,0.0], child_size=[77.0,52.0], child_end=[121.0,52.0], parent_size=[73.0,52.0], gap=12.0, start_offset=0.0)
[WARN] Layout wrap: 'Files' in parent 'sidebar_working_files' - NoWrap set but would overflow (child_size=50.0, offset=44.0, container=73.0)
[WARN] Layout overflow: 'Files' extends outside parent 'sidebar_working_files' bounds (child_rel=[44.0,0.0], child_size=[50.0,52.0], child_end=[94.0,52.0], parent_size=[73.0,52.0], gap=12.0, start_offset=0.0)
[WARN] Layout wrap: '' in parent 'review_changed_files' - NoWrap set but would overflow (child_size=76.0, offset=64.0, container=129.6)
[WARN] Layout overflow: '' extends outside parent 'review_changed_files' bounds (child_rel=[0.0,64.0], child_size=[214.0,76.0], child_end=[214.0,140.0], parent_size=[214.0,129.6], gap=0.0, start_offset=0.0)
[WARN] Layout wrap: 'commit_files_scroll' in parent 'review_changed_files' - NoWrap set but would overflow (child_size=0.0, offset=140.0, container=129.6)
[WARN] Layout overflow: 'commit_files_scroll' extends outside parent 'review_changed_files' bounds (child_rel=[0.0,140.0], child_size=[214.0,0.0], child_end=[214.0,140.0], parent_size=[214.0,129.6], gap=0.0, start_offset=0.0)
[WARN] Layout wrap: '' in parent '' - NoWrap set but would overflow (child_size=192.0, offset=16.0, container=146.0)
[WARN] Layout overflow: '' extends outside parent '' bounds (child_rel=[16.0,4.0], child_size=[192.0,40.0], child_end=[208.0,44.0], parent_size=[146.0,48.0], gap=16.0, start_offset=0.0)
[WARN] Layout wrap: 'Review' in parent 'sidebar_review' - NoWrap set but would overflow (child_size=77.0, offset=44.0, container=73.0)
[WARN] Layout overflow: 'Review' extends outside parent 'sidebar_review' bounds (child_rel=[44.0,0.0], child_size=[77.0,52.0], child_end=[121.0,52.0], parent_size=[73.0,52.0], gap=12.0, start_offset=0.0)
[WARN] Layout wrap: 'Files' in parent 'sidebar_working_files' - NoWrap set but would overflow (child_size=50.0, offset=44.0, container=73.0)
[WARN] Layout overflow: 'Files' extends outside parent 'sidebar_working_files' bounds (child_rel=[44.0,0.0], child_size=[50.0,52.0], child_end=[94.0,52.0], parent_size=[73.0,52.0], gap=12.0, start_offset=0.0)
[WARN] Layout wrap: '' in parent 'review_changed_files' - NoWrap set but would overflow (child_size=76.0, offset=64.0, container=129.6)
[WARN] Layout overflow: '' extends outside parent 'review_changed_files' bounds (child_rel=[0.0,64.0], child_size=[214.0,76.0], child_end=[214.0,140.0], parent_size=[214.0,129.6], gap=0.0, start_offset=0.0)
[WARN] Layout wrap: 'commit_files_scroll' in parent 'review_changed_files' - NoWrap set but would overflow (child_size=0.0, offset=140.0, container=129.6)
[WARN] Layout overflow: 'commit_files_scroll' extends outside parent 'review_changed_files' bounds (child_rel=[0.0,140.0], child_size=[214.0,0.0], child_end=[214.0,140.0], parent_size=[214.0,129.6], gap=0.0, start_offset=0.0)
[WARN] Layout wrap: '' in parent '' - NoWrap set but would overflow (child_size=192.0, offset=16.0, container=146.0)
[WARN] Layout overflow: '' extends outside parent '' bounds (child_rel=[16.0,4.0], child_size=[192.0,40.0], child_end=[208.0,44.0], parent_size=[146.0,48.0], gap=16.0, start_offset=0.0)
[WARN] Layout wrap: 'Review' in parent 'sidebar_review' - NoWrap set but would overflow (child_size=77.0, offset=44.0, container=73.0)
[WARN] Layout overflow: 'Review' extends outside parent 'sidebar_review' bounds (child_rel=[44.0,0.0], child_size=[77.0,52.0], child_end=[121.0,52.0], parent_size=[73.0,52.0], gap=12.0, start_offset=0.0)
[WARN] Layout wrap: 'Files' in parent 'sidebar_working_files' - NoWrap set but would overflow (child_size=50.0, offset=44.0, container=73.0)
[WARN] Layout overflow: 'Files' extends outside parent 'sidebar_working_files' bounds (child_rel=[44.0,0.0], child_size=[50.0,52.0], child_end=[94.0,52.0], parent_size=[73.0,52.0], gap=12.0, start_offset=0.0)
[WARN] Layout wrap: '' in parent 'review_changed_files' - NoWrap set but would overflow (child_size=76.0, offset=64.0, container=129.6)
[WARN] Layout overflow: '' extends outside parent 'review_changed_files' bounds (child_rel=[0.0,64.0], child_size=[214.0,76.0], child_end=[214.0,140.0], parent_size=[214.0,129.6], gap=0.0, start_offset=0.0)
[WARN] Layout wrap: 'commit_files_scroll' in parent 'review_changed_files' - NoWrap set but would overflow (child_size=0.0, offset=140.0, container=129.6)
[WARN] Layout overflow: 'commit_files_scroll' extends outside parent 'review_changed_files' bounds (child_rel=[0.0,140.0], child_size=[214.0,0.0], child_end=[214.0,140.0], parent_size=[214.0,129.6], gap=0.0, start_offset=0.0)
[WARN] Layout wrap: '' in parent '' - NoWrap set but would overflow (child_size=192.0, offset=16.0, container=146.0)
[WARN] Layout overflow: '' extends outside parent '' bounds (child_rel=[16.0,4.0], child_size=[192.0,40.0], child_end=[208.0,44.0], parent_size=[146.0,48.0], gap=16.0, start_offset=0.0)
[WARN] Layout wrap: 'Review' in parent 'sidebar_review' - NoWrap set but would overflow (child_size=77.0, offset=44.0, container=73.0)
[WARN] Layout overflow: 'Review' extends outside parent 'sidebar_review' bounds (child_rel=[44.0,0.0], child_size=[77.0,52.0], child_end=[121.0,52.0], parent_size=[73.0,52.0], gap=12.0, start_offset=0.0)
[WARN] Layout wrap: 'Files' in parent 'sidebar_working_files' - NoWrap set but would overflow (child_size=50.0, offset=44.0, container=73.0)
[WARN] Layout overflow: 'Files' extends outside parent 'sidebar_working_files' bounds (child_rel=[44.0,0.0], child_size=[50.0,52.0], child_end=[94.0,52.0], parent_size=[73.0,52.0], gap=12.0, start_offset=0.0)
[WARN] Layout wrap: '' in parent 'review_changed_files' - NoWrap set but would overflow (child_size=76.0, offset=64.0, container=129.6)
[WARN] Layout overflow: '' extends outside parent 'review_changed_files' bounds (child_rel=[0.0,64.0], child_size=[214.0,76.0], child_end=[214.0,140.0], parent_size=[214.0,129.6], gap=0.0, start_offset=0.0)
[WARN] Layout wrap: 'commit_files_scroll' in parent 'review_changed_files' - NoWrap set but would overflow (child_size=0.0, offset=140.0, container=129.6)
[WARN] Layout overflow: 'commit_files_scroll' extends outside parent 'review_changed_files' bounds (child_rel=[0.0,140.0], child_size=[214.0,0.0], child_end=[214.0,140.0], parent_size=[214.0,129.6], gap=0.0, start_offset=0.0)
[WARN] Layout wrap: '' in parent '' - NoWrap set but would overflow (child_size=192.0, offset=16.0, container=146.0)
[WARN] Layout overflow: '' extends outside parent '' bounds (child_rel=[16.0,4.0], child_size=[192.0,40.0], child_end=[208.0,44.0], parent_size=[146.0,48.0], gap=16.0, start_offset=0.0)
[WARN] Layout wrap: 'Review' in parent 'sidebar_review' - NoWrap set but would overflow (child_size=77.0, offset=44.0, container=73.0)
[WARN] Layout overflow: 'Review' extends outside parent 'sidebar_review' bounds (child_rel=[44.0,0.0], child_size=[77.0,52.0], child_end=[121.0,52.0], parent_size=[73.0,52.0], gap=12.0, start_offset=0.0)
[WARN] Layout wrap: 'Files' in parent 'sidebar_working_files' - NoWrap set but would overflow (child_size=50.0, offset=44.0, container=73.0)
[WARN] Layout overflow: 'Files' extends outside parent 'sidebar_working_files' bounds (child_rel=[44.0,0.0], child_size=[50.0,52.0], child_end=[94.0,52.0], parent_size=[73.0,52.0], gap=12.0, start_offset=0.0)
[WARN] Layout wrap: '' in parent 'review_changed_files' - NoWrap set but would overflow (child_size=76.0, offset=64.0, container=129.6)
[WARN] Layout overflow: '' extends outside parent 'review_changed_files' bounds (child_rel=[0.0,64.0], child_size=[214.0,76.0], child_end=[214.0,140.0], parent_size=[214.0,129.6], gap=0.0, start_offset=0.0)
[WARN] Layout wrap: 'commit_files_scroll' in parent 'review_changed_files' - NoWrap set but would overflow (child_size=0.0, offset=140.0, container=129.6)
[WARN] Layout overflow: 'commit_files_scroll' extends outside parent 'review_changed_files' bounds (child_rel=[0.0,140.0], child_size=[214.0,0.0], child_end=[214.0,140.0], parent_size=[214.0,129.6], gap=0.0, start_offset=0.0)
[WARN] Layout wrap: '' in parent '' - NoWrap set but would overflow (child_size=192.0, offset=16.0, container=146.0)
[WARN] Layout overflow: '' extends outside parent '' bounds (child_rel=[16.0,4.0], child_size=[192.0,40.0], child_end=[208.0,44.0], parent_size=[146.0,48.0], gap=16.0, start_offset=0.0)
[WARN] Layout wrap: 'Review' in parent 'sidebar_review' - NoWrap set but would overflow (child_size=77.0, offset=44.0, container=73.0)
[WARN] Layout overflow: 'Review' extends outside parent 'sidebar_review' bounds (child_rel=[44.0,0.0], child_size=[77.0,52.0], child_end=[121.0,52.0], parent_size=[73.0,52.0], gap=12.0, start_offset=0.0)
[WARN] Layout wrap: 'Files' in parent 'sidebar_working_files' - NoWrap set but would overflow (child_size=50.0, offset=44.0, container=73.0)
[WARN] Layout overflow: 'Files' extends outside parent 'sidebar_working_files' bounds (child_rel=[44.0,0.0], child_size=[50.0,52.0], child_end=[94.0,52.0], parent_size=[73.0,52.0], gap=12.0, start_offset=0.0)
[WARN] Layout wrap: '' in parent 'review_changed_files' - NoWrap set but would overflow (child_size=76.0, offset=64.0, container=129.6)
[WARN] Layout overflow: '' extends outside parent 'review_changed_files' bounds (child_rel=[0.0,64.0], child_size=[214.0,76.0], child_end=[214.0,140.0], parent_size=[214.0,129.6], gap=0.0, start_offset=0.0)
[WARN] Layout wrap: 'commit_files_scroll' in parent 'review_changed_files' - NoWrap set but would overflow (child_size=0.0, offset=140.0, container=129.6)
[WARN] Layout overflow: 'commit_files_scroll' extends outside parent 'review_changed_files' bounds (child_rel=[0.0,140.0], child_size=[214.0,0.0], child_end=[214.0,140.0], parent_size=[214.0,129.6], gap=0.0, start_offset=0.0)
[WARN] Layout wrap: '' in parent '' - NoWrap set but would overflow (child_size=192.0, offset=16.0, container=146.0)
[WARN] Layout overflow: '' extends outside parent '' bounds (child_rel=[16.0,4.0], child_size=[192.0,40.0], child_end=[208.0,44.0], parent_size=[146.0,48.0], gap=16.0, start_offset=0.0)
[WARN] Layout wrap: 'Review' in parent 'sidebar_review' - NoWrap set but would overflow (child_size=77.0, offset=44.0, container=73.0)
[WARN] Layout overflow: 'Review' extends outside parent 'sidebar_review' bounds (child_rel=[44.0,0.0], child_size=[77.0,52.0], child_end=[121.0,52.0], parent_size=[73.0,52.0], gap=12.0, start_offset=0.0)
[WARN] Layout wrap: 'Files' in parent 'sidebar_working_files' - NoWrap set but would overflow (child_size=50.0, offset=44.0, container=73.0)
[WARN] Layout overflow: 'Files' extends outside parent 'sidebar_working_files' bounds (child_rel=[44.0,0.0], child_size=[50.0,52.0], child_end=[94.0,52.0], parent_size=[73.0,52.0], gap=12.0, start_offset=0.0)
[WARN] Layout wrap: '' in parent 'review_changed_files' - NoWrap set but would overflow (child_size=76.0, offset=64.0, container=129.6)
[WARN] Layout overflow: '' extends outside parent 'review_changed_files' bounds (child_rel=[0.0,64.0], child_size=[214.0,76.0], child_end=[214.0,140.0], parent_size=[214.0,129.6], gap=0.0, start_offset=0.0)
[WARN] Layout wrap: 'commit_files_scroll' in parent 'review_changed_files' - NoWrap set but would overflow (child_size=0.0, offset=140.0, container=129.6)
[WARN] Layout overflow: 'commit_files_scroll' extends outside parent 'review_changed_files' bounds (child_rel=[0.0,140.0], child_size=[214.0,0.0], child_end=[214.0,140.0], parent_size=[214.0,129.6], gap=0.0, start_offset=0.0)
[WARN] Layout wrap: '' in parent '' - NoWrap set but would overflow (child_size=192.0, offset=16.0, container=146.0)
[WARN] Layout overflow: '' extends outside parent '' bounds (child_rel=[16.0,4.0], child_size=[192.0,40.0], child_end=[208.0,44.0], parent_size=[146.0,48.0], gap=16.0, start_offset=0.0)
[WARN] Layout wrap: 'Review' in parent 'sidebar_review' - NoWrap set but would overflow (child_size=77.0, offset=44.0, container=73.0)
[WARN] Layout overflow: 'Review' extends outside parent 'sidebar_review' bounds (child_rel=[44.0,0.0], child_size=[77.0,52.0], child_end=[121.0,52.0], parent_size=[73.0,52.0], gap=12.0, start_offset=0.0)
[WARN] Layout wrap: 'Files' in parent 'sidebar_working_files' - NoWrap set but would overflow (child_size=50.0, offset=44.0, container=73.0)
[WARN] Layout overflow: 'Files' extends outside parent 'sidebar_working_files' bounds (child_rel=[44.0,0.0], child_size=[50.0,52.0], child_end=[94.0,52.0], parent_size=[73.0,52.0], gap=12.0, start_offset=0.0)
[WARN] Layout wrap: '' in parent 'review_changed_files' - NoWrap set but would overflow (child_size=76.0, offset=64.0, container=129.6)
[WARN] Layout overflow: '' extends outside parent 'review_changed_files' bounds (child_rel=[0.0,64.0], child_size=[214.0,76.0], child_end=[214.0,140.0], parent_size=[214.0,129.6], gap=0.0, start_offset=0.0)
[WARN] Layout wrap: 'commit_files_scroll' in parent 'review_changed_files' - NoWrap set but would overflow (child_size=0.0, offset=140.0, container=129.6)
[WARN] Layout overflow: 'commit_files_scroll' extends outside parent 'review_changed_files' bounds (child_rel=[0.0,140.0], child_size=[214.0,0.0], child_end=[214.0,140.0], parent_size=[214.0,129.6], gap=0.0, start_offset=0.0)
[WARN] Layout wrap: '' in parent '' - NoWrap set but would overflow (child_size=192.0, offset=16.0, container=146.0)
[WARN] Layout overflow: '' extends outside parent '' bounds (child_rel=[16.0,4.0], child_size=[192.0,40.0], child_end=[208.0,44.0], parent_size=[146.0,48.0], gap=16.0, start_offset=0.0)
[WARN] Layout wrap: 'Review' in parent 'sidebar_review' - NoWrap set but would overflow (child_size=77.0, offset=44.0, container=73.0)
[WARN] Layout overflow: 'Review' extends outside parent 'sidebar_review' bounds (child_rel=[44.0,0.0], child_size=[77.0,52.0], child_end=[121.0,52.0], parent_size=[73.0,52.0], gap=12.0, start_offset=0.0)
[WARN] Layout wrap: 'Files' in parent 'sidebar_working_files' - NoWrap set but would overflow (child_size=50.0, offset=44.0, container=73.0)
[WARN] Layout overflow: 'Files' extends outside parent 'sidebar_working_files' bounds (child_rel=[44.0,0.0], child_size=[50.0,52.0], child_end=[94.0,52.0], parent_size=[73.0,52.0], gap=12.0, start_offset=0.0)
[WARN] Layout wrap: '' in parent 'review_changed_files' - NoWrap set but would overflow (child_size=76.0, offset=64.0, container=129.6)
[WARN] Layout overflow: '' extends outside parent 'review_changed_files' bounds (child_rel=[0.0,64.0], child_size=[214.0,76.0], child_end=[214.0,140.0], parent_size=[214.0,129.6], gap=0.0, start_offset=0.0)
[WARN] Layout wrap: 'commit_files_scroll' in parent 'review_changed_files' - NoWrap set but would overflow (child_size=0.0, offset=140.0, container=129.6)
[WARN] Layout overflow: 'commit_files_scroll' extends outside parent 'review_changed_files' bounds (child_rel=[0.0,140.0], child_size=[214.0,0.0], child_end=[214.0,140.0], parent_size=[214.0,129.6], gap=0.0, start_offset=0.0)
[WARN] Layout wrap: '' in parent '' - NoWrap set but would overflow (child_size=192.0, offset=16.0, container=146.0)
[WARN] Layout overflow: '' extends outside parent '' bounds (child_rel=[16.0,4.0], child_size=[192.0,40.0], child_end=[208.0,44.0], parent_size=[146.0,48.0], gap=16.0, start_offset=0.0)
[WARN] Layout wrap: 'Review' in parent 'sidebar_review' - NoWrap set but would overflow (child_size=77.0, offset=44.0, container=73.0)
[WARN] Layout overflow: 'Review' extends outside parent 'sidebar_review' bounds (child_rel=[44.0,0.0], child_size=[77.0,52.0], child_end=[121.0,52.0], parent_size=[73.0,52.0], gap=12.0, start_offset=0.0)
[WARN] Layout wrap: 'Files' in parent 'sidebar_working_files' - NoWrap set but would overflow (child_size=50.0, offset=44.0, container=73.0)
[WARN] Layout overflow: 'Files' extends outside parent 'sidebar_working_files' bounds (child_rel=[44.0,0.0], child_size=[50.0,52.0], child_end=[94.0,52.0], parent_size=[73.0,52.0], gap=12.0, start_offset=0.0)
[WARN] Layout wrap: '' in parent 'review_changed_files' - NoWrap set but would overflow (child_size=76.0, offset=64.0, container=129.6)
[WARN] Layout overflow: '' extends outside parent 'review_changed_files' bounds (child_rel=[0.0,64.0], child_size=[214.0,76.0], child_end=[214.0,140.0], parent_size=[214.0,129.6], gap=0.0, start_offset=0.0)
[WARN] Layout wrap: 'commit_files_scroll' in parent 'review_changed_files' - NoWrap set but would overflow (child_size=0.0, offset=140.0, container=129.6)
[WARN] Layout overflow: 'commit_files_scroll' extends outside parent 'review_changed_files' bounds (child_rel=[0.0,140.0], child_size=[214.0,0.0], child_end=[214.0,140.0], parent_size=[214.0,129.6], gap=0.0, start_offset=0.0)
[WARN] Layout wrap: '' in parent '' - NoWrap set but would overflow (child_size=192.0, offset=16.0, container=146.0)
[WARN] Layout overflow: '' extends outside parent '' bounds (child_rel=[16.0,4.0], child_size=[192.0,40.0], child_end=[208.0,44.0], parent_size=[146.0,48.0], gap=16.0, start_offset=0.0)
[WARN] Layout wrap: 'Review' in parent 'sidebar_review' - NoWrap set but would overflow (child_size=77.0, offset=44.0, container=73.0)
[WARN] Layout overflow: 'Review' extends outside parent 'sidebar_review' bounds (child_rel=[44.0,0.0], child_size=[77.0,52.0], child_end=[121.0,52.0], parent_size=[73.0,52.0], gap=12.0, start_offset=0.0)
[WARN] Layout wrap: 'Files' in parent 'sidebar_working_files' - NoWrap set but would overflow (child_size=50.0, offset=44.0, container=73.0)
[WARN] Layout overflow: 'Files' extends outside parent 'sidebar_working_files' bounds (child_rel=[44.0,0.0], child_size=[50.0,52.0], child_end=[94.0,52.0], parent_size=[73.0,52.0], gap=12.0, start_offset=0.0)
[WARN] Layout wrap: '' in parent 'review_changed_files' - NoWrap set but would overflow (child_size=76.0, offset=64.0, container=129.6)
[WARN] Layout overflow: '' extends outside parent 'review_changed_files' bounds (child_rel=[0.0,64.0], child_size=[214.0,76.0], child_end=[214.0,140.0], parent_size=[214.0,129.6], gap=0.0, start_offset=0.0)
[WARN] Layout wrap: 'commit_files_scroll' in parent 'review_changed_files' - NoWrap set but would overflow (child_size=0.0, offset=140.0, container=129.6)
[WARN] Layout overflow: 'commit_files_scroll' extends outside parent 'review_changed_files' bounds (child_rel=[0.0,140.0], child_size=[214.0,0.0], child_end=[214.0,140.0], parent_size=[214.0,129.6], gap=0.0, start_offset=0.0)
[WARN] Layout wrap: '' in parent '' - NoWrap set but would overflow (child_size=192.0, offset=16.0, container=146.0)
[WARN] Layout overflow: '' extends outside parent '' bounds (child_rel=[16.0,4.0], child_size=[192.0,40.0], child_end=[208.0,44.0], parent_size=[146.0,48.0], gap=16.0, start_offset=0.0)
[WARN] Layout wrap: 'Review' in parent 'sidebar_review' - NoWrap set but would overflow (child_size=77.0, offset=44.0, container=73.0)
[WARN] Layout overflow: 'Review' extends outside parent 'sidebar_review' bounds (child_rel=[44.0,0.0], child_size=[77.0,52.0], child_end=[121.0,52.0], parent_size=[73.0,52.0], gap=12.0, start_offset=0.0)
[WARN] Layout wrap: 'Files' in parent 'sidebar_working_files' - NoWrap set but would overflow (child_size=50.0, offset=44.0, container=73.0)
[WARN] Layout overflow: 'Files' extends outside parent 'sidebar_working_files' bounds (child_rel=[44.0,0.0], child_size=[50.0,52.0], child_end=[94.0,52.0], parent_size=[73.0,52.0], gap=12.0, start_offset=0.0)
[WARN] Layout wrap: '' in parent 'review_changed_files' - NoWrap set but would overflow (child_size=76.0, offset=64.0, container=129.6)
[WARN] Layout overflow: '' extends outside parent 'review_changed_files' bounds (child_rel=[0.0,64.0], child_size=[214.0,76.0], child_end=[214.0,140.0], parent_size=[214.0,129.6], gap=0.0, start_offset=0.0)
[WARN] Layout wrap: 'commit_files_scroll' in parent 'review_changed_files' - NoWrap set but would overflow (child_size=0.0, offset=140.0, container=129.6)
[WARN] Layout overflow: 'commit_files_scroll' extends outside parent 'review_changed_files' bounds (child_rel=[0.0,140.0], child_size=[214.0,0.0], child_end=[214.0,140.0], parent_size=[214.0,129.6], gap=0.0, start_offset=0.0)
[WARN] Layout wrap: '' in parent '' - NoWrap set but would overflow (child_size=192.0, offset=16.0, container=146.0)
[WARN] Layout overflow: '' extends outside parent '' bounds (child_rel=[16.0,4.0], child_size=[192.0,40.0], child_end=[208.0,44.0], parent_size=[146.0,48.0], gap=16.0, start_offset=0.0)
[WARN] Layout wrap: 'Review' in parent 'sidebar_review' - NoWrap set but would overflow (child_size=77.0, offset=44.0, container=73.0)
[WARN] Layout overflow: 'Review' extends outside parent 'sidebar_review' bounds (child_rel=[44.0,0.0], child_size=[77.0,52.0], child_end=[121.0,52.0], parent_size=[73.0,52.0], gap=12.0, start_offset=0.0)
[WARN] Layout wrap: 'Files' in parent 'sidebar_working_files' - NoWrap set but would overflow (child_size=50.0, offset=44.0, container=73.0)
[WARN] Layout overflow: 'Files' extends outside parent 'sidebar_working_files' bounds (child_rel=[44.0,0.0], child_size=[50.0,52.0], child_end=[94.0,52.0], parent_size=[73.0,52.0], gap=12.0, start_offset=0.0)
[WARN] Layout wrap: '' in parent 'review_changed_files' - NoWrap set but would overflow (child_size=76.0, offset=64.0, container=129.6)
[WARN] Layout overflow: '' extends outside parent 'review_changed_files' bounds (child_rel=[0.0,64.0], child_size=[214.0,76.0], child_end=[214.0,140.0], parent_size=[214.0,129.6], gap=0.0, start_offset=0.0)
[WARN] Layout wrap: 'commit_files_scroll' in parent 'review_changed_files' - NoWrap set but would overflow (child_size=0.0, offset=140.0, container=129.6)
[WARN] Layout overflow: 'commit_files_scroll' extends outside parent 'review_changed_files' bounds (child_rel=[0.0,140.0], child_size=[214.0,0.0], child_end=[214.0,140.0], parent_size=[214.0,129.6], gap=0.0, start_offset=0.0)
[WARN] Layout wrap: '' in parent '' - NoWrap set but would overflow (child_size=192.0, offset=16.0, container=146.0)
[WARN] Layout overflow: '' extends outside parent '' bounds (child_rel=[16.0,4.0], child_size=[192.0,40.0], child_end=[208.0,44.0], parent_size=[146.0,48.0], gap=16.0, start_offset=0.0)
[WARN] Layout wrap: 'Review' in parent 'sidebar_review' - NoWrap set but would overflow (child_size=77.0, offset=44.0, container=73.0)
[WARN] Layout overflow: 'Review' extends outside parent 'sidebar_review' bounds (child_rel=[44.0,0.0], child_size=[77.0,52.0], child_end=[121.0,52.0], parent_size=[73.0,52.0], gap=12.0, start_offset=0.0)
[WARN] Layout wrap: 'Files' in parent 'sidebar_working_files' - NoWrap set but would overflow (child_size=50.0, offset=44.0, container=73.0)
[WARN] Layout overflow: 'Files' extends outside parent 'sidebar_working_files' bounds (child_rel=[44.0,0.0], child_size=[50.0,52.0], child_end=[94.0,52.0], parent_size=[73.0,52.0], gap=12.0, start_offset=0.0)
[WARN] Layout wrap: '' in parent 'review_changed_files' - NoWrap set but would overflow (child_size=76.0, offset=64.0, container=129.6)
[WARN] Layout overflow: '' extends outside parent 'review_changed_files' bounds (child_rel=[0.0,64.0], child_size=[214.0,76.0], child_end=[214.0,140.0], parent_size=[214.0,129.6], gap=0.0, start_offset=0.0)
[WARN] Layout wrap: 'commit_files_scroll' in parent 'review_changed_files' - NoWrap set but would overflow (child_size=0.0, offset=140.0, container=129.6)
[WARN] Layout overflow: 'commit_files_scroll' extends outside parent 'review_changed_files' bounds (child_rel=[0.0,140.0], child_size=[214.0,0.0], child_end=[214.0,140.0], parent_size=[214.0,129.6], gap=0.0, start_offset=0.0)
[WARN] Layout wrap: '' in parent '' - NoWrap set but would overflow (child_size=192.0, offset=16.0, container=146.0)
[WARN] Layout overflow: '' extends outside parent '' bounds (child_rel=[16.0,4.0], child_size=[192.0,40.0], child_end=[208.0,44.0], parent_size=[146.0,48.0], gap=16.0, start_offset=0.0)
[WARN] Layout wrap: 'Review' in parent 'sidebar_review' - NoWrap set but would overflow (child_size=77.0, offset=44.0, container=73.0)
[WARN] Layout overflow: 'Review' extends outside parent 'sidebar_review' bounds (child_rel=[44.0,0.0], child_size=[77.0,52.0], child_end=[121.0,52.0], parent_size=[73.0,52.0], gap=12.0, start_offset=0.0)
[WARN] Layout wrap: 'Files' in parent 'sidebar_working_files' - NoWrap set but would overflow (child_size=50.0, offset=44.0, container=73.0)
[WARN] Layout overflow: 'Files' extends outside parent 'sidebar_working_files' bounds (child_rel=[44.0,0.0], child_size=[50.0,52.0], child_end=[94.0,52.0], parent_size=[73.0,52.0], gap=12.0, start_offset=0.0)
[WARN] Layout wrap: '' in parent 'review_changed_files' - NoWrap set but would overflow (child_size=76.0, offset=64.0, container=129.6)
[WARN] Layout overflow: '' extends outside parent 'review_changed_files' bounds (child_rel=[0.0,64.0], child_size=[214.0,76.0], child_end=[214.0,140.0], parent_size=[214.0,129.6], gap=0.0, start_offset=0.0)
[WARN] Layout wrap: 'commit_files_scroll' in parent 'review_changed_files' - NoWrap set but would overflow (child_size=0.0, offset=140.0, container=129.6)
[WARN] Layout overflow: 'commit_files_scroll' extends outside parent 'review_changed_files' bounds (child_rel=[0.0,140.0], child_size=[214.0,0.0], child_end=[214.0,140.0], parent_size=[214.0,129.6], gap=0.0, start_offset=0.0)
[WARN] Layout wrap: '' in parent '' - NoWrap set but would overflow (child_size=192.0, offset=16.0, container=146.0)
[WARN] Layout overflow: '' extends outside parent '' bounds (child_rel=[16.0,4.0], child_size=[192.0,40.0], child_end=[208.0,44.0], parent_size=[146.0,48.0], gap=16.0, start_offset=0.0)
[WARN] Layout wrap: 'Review' in parent 'sidebar_review' - NoWrap set but would overflow (child_size=77.0, offset=44.0, container=73.0)
[WARN] Layout overflow: 'Review' extends outside parent 'sidebar_review' bounds (child_rel=[44.0,0.0], child_size=[77.0,52.0], child_end=[121.0,52.0], parent_size=[73.0,52.0], gap=12.0, start_offset=0.0)
[WARN] Layout wrap: 'Files' in parent 'sidebar_working_files' - NoWrap set but would overflow (child_size=50.0, offset=44.0, container=73.0)
[WARN] Layout overflow: 'Files' extends outside parent 'sidebar_working_files' bounds (child_rel=[44.0,0.0], child_size=[50.0,52.0], child_end=[94.0,52.0], parent_size=[73.0,52.0], gap=12.0, start_offset=0.0)
[WARN] Layout wrap: '' in parent 'review_changed_files' - NoWrap set but would overflow (child_size=76.0, offset=64.0, container=129.6)
[WARN] Layout overflow: '' extends outside parent 'review_changed_files' bounds (child_rel=[0.0,64.0], child_size=[214.0,76.0], child_end=[214.0,140.0], parent_size=[214.0,129.6], gap=0.0, start_offset=0.0)
[WARN] Layout wrap: 'commit_files_scroll' in parent 'review_changed_files' - NoWrap set but would overflow (child_size=0.0, offset=140.0, container=129.6)
[WARN] Layout overflow: 'commit_files_scroll' extends outside parent 'review_changed_files' bounds (child_rel=[0.0,140.0], child_size=[214.0,0.0], child_end=[214.0,140.0], parent_size=[214.0,129.6], gap=0.0, start_offset=0.0)
[WARN] Layout wrap: '' in parent '' - NoWrap set but would overflow (child_size=192.0, offset=16.0, container=146.0)
[WARN] Layout overflow: '' extends outside parent '' bounds (child_rel=[16.0,4.0], child_size=[192.0,40.0], child_end=[208.0,44.0], parent_size=[146.0,48.0], gap=16.0, start_offset=0.0)
[WARN] Layout wrap: 'Review' in parent 'sidebar_review' - NoWrap set but would overflow (child_size=77.0, offset=44.0, container=73.0)
[WARN] Layout overflow: 'Review' extends outside parent 'sidebar_review' bounds (child_rel=[44.0,0.0], child_size=[77.0,52.0], child_end=[121.0,52.0], parent_size=[73.0,52.0], gap=12.0, start_offset=0.0)
[WARN] Layout wrap: 'Files' in parent 'sidebar_working_files' - NoWrap set but would overflow (child_size=50.0, offset=44.0, container=73.0)
[WARN] Layout overflow: 'Files' extends outside parent 'sidebar_working_files' bounds (child_rel=[44.0,0.0], child_size=[50.0,52.0], child_end=[94.0,52.0], parent_size=[73.0,52.0], gap=12.0, start_offset=0.0)
[WARN] Layout wrap: '' in parent 'review_changed_files' - NoWrap set but would overflow (child_size=76.0, offset=64.0, container=129.6)
[WARN] Layout overflow: '' extends outside parent 'review_changed_files' bounds (child_rel=[0.0,64.0], child_size=[214.0,76.0], child_end=[214.0,140.0], parent_size=[214.0,129.6], gap=0.0, start_offset=0.0)
[WARN] Layout wrap: 'commit_files_scroll' in parent 'review_changed_files' - NoWrap set but would overflow (child_size=0.0, offset=140.0, container=129.6)
[WARN] Layout overflow: 'commit_files_scroll' extends outside parent 'review_changed_files' bounds (child_rel=[0.0,140.0], child_size=[214.0,0.0], child_end=[214.0,140.0], parent_size=[214.0,129.6], gap=0.0, start_offset=0.0)
[WARN] Layout wrap: '' in parent '' - NoWrap set but would overflow (child_size=192.0, offset=16.0, container=146.0)
[WARN] Layout overflow: '' extends outside parent '' bounds (child_rel=[16.0,4.0], child_size=[192.0,40.0], child_end=[208.0,44.0], parent_size=[146.0,48.0], gap=16.0, start_offset=0.0)
[WARN] Layout wrap: 'Review' in parent 'sidebar_review' - NoWrap set but would overflow (child_size=77.0, offset=44.0, container=73.0)
[WARN] Layout overflow: 'Review' extends outside parent 'sidebar_review' bounds (child_rel=[44.0,0.0], child_size=[77.0,52.0], child_end=[121.0,52.0], parent_size=[73.0,52.0], gap=12.0, start_offset=0.0)
[WARN] Layout wrap: 'Files' in parent 'sidebar_working_files' - NoWrap set but would overflow (child_size=50.0, offset=44.0, container=73.0)
[WARN] Layout overflow: 'Files' extends outside parent 'sidebar_working_files' bounds (child_rel=[44.0,0.0], child_size=[50.0,52.0], child_end=[94.0,52.0], parent_size=[73.0,52.0], gap=12.0, start_offset=0.0)
[WARN] Layout wrap: '' in parent 'review_changed_files' - NoWrap set but would overflow (child_size=76.0, offset=64.0, container=129.6)
[WARN] Layout overflow: '' extends outside parent 'review_changed_files' bounds (child_rel=[0.0,64.0], child_size=[214.0,76.0], child_end=[214.0,140.0], parent_size=[214.0,129.6], gap=0.0, start_offset=0.0)
[WARN] Layout wrap: 'commit_files_scroll' in parent 'review_changed_files' - NoWrap set but would overflow (child_size=0.0, offset=140.0, container=129.6)
[WARN] Layout overflow: 'commit_files_scroll' extends outside parent 'review_changed_files' bounds (child_rel=[0.0,140.0], child_size=[214.0,0.0], child_end=[214.0,140.0], parent_size=[214.0,129.6], gap=0.0, start_offset=0.0)
[WARN] Layout wrap: '' in parent '' - NoWrap set but would overflow (child_size=192.0, offset=16.0, container=146.0)
[WARN] Layout overflow: '' extends outside parent '' bounds (child_rel=[16.0,4.0], child_size=[192.0,40.0], child_end=[208.0,44.0], parent_size=[146.0,48.0], gap=16.0, start_offset=0.0)
[WARN] Layout wrap: 'Review' in parent 'sidebar_review' - NoWrap set but would overflow (child_size=77.0, offset=44.0, container=73.0)
[WARN] Layout overflow: 'Review' extends outside parent 'sidebar_review' bounds (child_rel=[44.0,0.0], child_size=[77.0,52.0], child_end=[121.0,52.0], parent_size=[73.0,52.0], gap=12.0, start_offset=0.0)
[WARN] Layout wrap: 'Files' in parent 'sidebar_working_files' - NoWrap set but would overflow (child_size=50.0, offset=44.0, container=73.0)
[WARN] Layout overflow: 'Files' extends outside parent 'sidebar_working_files' bounds (child_rel=[44.0,0.0], child_size=[50.0,52.0], child_end=[94.0,52.0], parent_size=[73.0,52.0], gap=12.0, start_offset=0.0)
[WARN] Layout wrap: '' in parent 'review_changed_files' - NoWrap set but would overflow (child_size=76.0, offset=64.0, container=129.6)
[WARN] Layout overflow: '' extends outside parent 'review_changed_files' bounds (child_rel=[0.0,64.0], child_size=[214.0,76.0], child_end=[214.0,140.0], parent_size=[214.0,129.6], gap=0.0, start_offset=0.0)
[WARN] Layout wrap: 'commit_files_scroll' in parent 'review_changed_files' - NoWrap set but would overflow (child_size=0.0, offset=140.0, container=129.6)
[WARN] Layout overflow: 'commit_files_scroll' extends outside parent 'review_changed_files' bounds (child_rel=[0.0,140.0], child_size=[214.0,0.0], child_end=[214.0,140.0], parent_size=[214.0,129.6], gap=0.0, start_offset=0.0)
[WARN] Layout wrap: '' in parent '' - NoWrap set but would overflow (child_size=192.0, offset=16.0, container=146.0)
[WARN] Layout overflow: '' extends outside parent '' bounds (child_rel=[16.0,4.0], child_size=[192.0,40.0], child_end=[208.0,44.0], parent_size=[146.0,48.0], gap=16.0, start_offset=0.0)
[WARN] Layout wrap: 'Review' in parent 'sidebar_review' - NoWrap set but would overflow (child_size=77.0, offset=44.0, container=73.0)
[WARN] Layout overflow: 'Review' extends outside parent 'sidebar_review' bounds (child_rel=[44.0,0.0], child_size=[77.0,52.0], child_end=[121.0,52.0], parent_size=[73.0,52.0], gap=12.0, start_offset=0.0)
[WARN] Layout wrap: 'Files' in parent 'sidebar_working_files' - NoWrap set but would overflow (child_size=50.0, offset=44.0, container=73.0)
[WARN] Layout overflow: 'Files' extends outside parent 'sidebar_working_files' bounds (child_rel=[44.0,0.0], child_size=[50.0,52.0], child_end=[94.0,52.0], parent_size=[73.0,52.0], gap=12.0, start_offset=0.0)
[WARN] Layout wrap: '' in parent 'review_changed_files' - NoWrap set but would overflow (child_size=76.0, offset=64.0, container=129.6)
[WARN] Layout overflow: '' extends outside parent 'review_changed_files' bounds (child_rel=[0.0,64.0], child_size=[214.0,76.0], child_end=[214.0,140.0], parent_size=[214.0,129.6], gap=0.0, start_offset=0.0)
[WARN] Layout wrap: 'commit_files_scroll' in parent 'review_changed_files' - NoWrap set but would overflow (child_size=0.0, offset=140.0, container=129.6)
[WARN] Layout overflow: 'commit_files_scroll' extends outside parent 'review_changed_files' bounds (child_rel=[0.0,140.0], child_size=[214.0,0.0], child_end=[214.0,140.0], parent_size=[214.0,129.6], gap=0.0, start_offset=0.0)
[WARN] Layout wrap: '' in parent '' - NoWrap set but would overflow (child_size=192.0, offset=16.0, container=146.0)
[WARN] Layout overflow: '' extends outside parent '' bounds (child_rel=[16.0,4.0], child_size=[192.0,40.0], child_end=[208.0,44.0], parent_size=[146.0,48.0], gap=16.0, start_offset=0.0)
[WARN] Layout wrap: 'Review' in parent 'sidebar_review' - NoWrap set but would overflow (child_size=77.0, offset=44.0, container=73.0)
[WARN] Layout overflow: 'Review' extends outside parent 'sidebar_review' bounds (child_rel=[44.0,0.0], child_size=[77.0,52.0], child_end=[121.0,52.0], parent_size=[73.0,52.0], gap=12.0, start_offset=0.0)
[WARN] Layout wrap: 'Files' in parent 'sidebar_working_files' - NoWrap set but would overflow (child_size=50.0, offset=44.0, container=73.0)
[WARN] Layout overflow: 'Files' extends outside parent 'sidebar_working_files' bounds (child_rel=[44.0,0.0], child_size=[50.0,52.0], child_end=[94.0,52.0], parent_size=[73.0,52.0], gap=12.0, start_offset=0.0)
[WARN] Layout wrap: '' in parent 'review_changed_files' - NoWrap set but would overflow (child_size=76.0, offset=64.0, container=129.6)
[WARN] Layout overflow: '' extends outside parent 'review_changed_files' bounds (child_rel=[0.0,64.0], child_size=[214.0,76.0], child_end=[214.0,140.0], parent_size=[214.0,129.6], gap=0.0, start_offset=0.0)
[WARN] Layout wrap: 'commit_files_scroll' in parent 'review_changed_files' - NoWrap set but would overflow (child_size=0.0, offset=140.0, container=129.6)
[WARN] Layout overflow: 'commit_files_scroll' extends outside parent 'review_changed_files' bounds (child_rel=[0.0,140.0], child_size=[214.0,0.0], child_end=[214.0,140.0], parent_size=[214.0,129.6], gap=0.0, start_offset=0.0)
[WARN] Layout wrap: '' in parent '' - NoWrap set but would overflow (child_size=192.0, offset=16.0, container=146.0)
[WARN] Layout overflow: '' extends outside parent '' bounds (child_rel=[16.0,4.0], child_size=[192.0,40.0], child_end=[208.0,44.0], parent_size=[146.0,48.0], gap=16.0, start_offset=0.0)
[WARN] Layout wrap: 'Review' in parent 'sidebar_review' - NoWrap set but would overflow (child_size=77.0, offset=44.0, container=73.0)
[WARN] Layout overflow: 'Review' extends outside parent 'sidebar_review' bounds (child_rel=[44.0,0.0], child_size=[77.0,52.0], child_end=[121.0,52.0], parent_size=[73.0,52.0], gap=12.0, start_offset=0.0)
[WARN] Layout wrap: 'Files' in parent 'sidebar_working_files' - NoWrap set but would overflow (child_size=50.0, offset=44.0, container=73.0)
[WARN] Layout overflow: 'Files' extends outside parent 'sidebar_working_files' bounds (child_rel=[44.0,0.0], child_size=[50.0,52.0], child_end=[94.0,52.0], parent_size=[73.0,52.0], gap=12.0, start_offset=0.0)
[WARN] Layout wrap: '' in parent 'review_changed_files' - NoWrap set but would overflow (child_size=76.0, offset=64.0, container=129.6)
[WARN] Layout overflow: '' extends outside parent 'review_changed_files' bounds (child_rel=[0.0,64.0], child_size=[214.0,76.0], child_end=[214.0,140.0], parent_size=[214.0,129.6], gap=0.0, start_offset=0.0)
[WARN] Layout wrap: 'commit_files_scroll' in parent 'review_changed_files' - NoWrap set but would overflow (child_size=0.0, offset=140.0, container=129.6)
[WARN] Layout overflow: 'commit_files_scroll' extends outside parent 'review_changed_files' bounds (child_rel=[0.0,140.0], child_size=[214.0,0.0], child_end=[214.0,140.0], parent_size=[214.0,129.6], gap=0.0, start_offset=0.0)
[WARN] Layout wrap: '' in parent '' - NoWrap set but would overflow (child_size=192.0, offset=16.0, container=146.0)
[WARN] Layout overflow: '' extends outside parent '' bounds (child_rel=[16.0,4.0], child_size=[192.0,40.0], child_end=[208.0,44.0], parent_size=[146.0,48.0], gap=16.0, start_offset=0.0)
[WARN] Layout wrap: 'Review' in parent 'sidebar_review' - NoWrap set but would overflow (child_size=77.0, offset=44.0, container=73.0)
[WARN] Layout overflow: 'Review' extends outside parent 'sidebar_review' bounds (child_rel=[44.0,0.0], child_size=[77.0,52.0], child_end=[121.0,52.0], parent_size=[73.0,52.0], gap=12.0, start_offset=0.0)
[WARN] Layout wrap: 'Files' in parent 'sidebar_working_files' - NoWrap set but would overflow (child_size=50.0, offset=44.0, container=73.0)
[WARN] Layout overflow: 'Files' extends outside parent 'sidebar_working_files' bounds (child_rel=[44.0,0.0], child_size=[50.0,52.0], child_end=[94.0,52.0], parent_size=[73.0,52.0], gap=12.0, start_offset=0.0)
[WARN] Layout wrap: '' in parent 'review_changed_files' - NoWrap set but would overflow (child_size=76.0, offset=64.0, container=129.6)
[WARN] Layout overflow: '' extends outside parent 'review_changed_files' bounds (child_rel=[0.0,64.0], child_size=[214.0,76.0], child_end=[214.0,140.0], parent_size=[214.0,129.6], gap=0.0, start_offset=0.0)
[WARN] Layout wrap: 'commit_files_scroll' in parent 'review_changed_files' - NoWrap set but would overflow (child_size=0.0, offset=140.0, container=129.6)
[WARN] Layout overflow: 'commit_files_scroll' extends outside parent 'review_changed_files' bounds (child_rel=[0.0,140.0], child_size=[214.0,0.0], child_end=[214.0,140.0], parent_size=[214.0,129.6], gap=0.0, start_offset=0.0)
[WARN] Layout wrap: '' in parent '' - NoWrap set but would overflow (child_size=192.0, offset=16.0, container=146.0)
[WARN] Layout overflow: '' extends outside parent '' bounds (child_rel=[16.0,4.0], child_size=[192.0,40.0], child_end=[208.0,44.0], parent_size=[146.0,48.0], gap=16.0, start_offset=0.0)
[WARN] Layout wrap: 'Review' in parent 'sidebar_review' - NoWrap set but would overflow (child_size=77.0, offset=44.0, container=73.0)
[WARN] Layout overflow: 'Review' extends outside parent 'sidebar_review' bounds (child_rel=[44.0,0.0], child_size=[77.0,52.0], child_end=[121.0,52.0], parent_size=[73.0,52.0], gap=12.0, start_offset=0.0)
[WARN] Layout wrap: 'Files' in parent 'sidebar_working_files' - NoWrap set but would overflow (child_size=50.0, offset=44.0, container=73.0)
[WARN] Layout overflow: 'Files' extends outside parent 'sidebar_working_files' bounds (child_rel=[44.0,0.0], child_size=[50.0,52.0], child_end=[94.0,52.0], parent_size=[73.0,52.0], gap=12.0, start_offset=0.0)
[WARN] Layout wrap: '' in parent 'review_changed_files' - NoWrap set but would overflow (child_size=76.0, offset=64.0, container=129.6)
[WARN] Layout overflow: '' extends outside parent 'review_changed_files' bounds (child_rel=[0.0,64.0], child_size=[214.0,76.0], child_end=[214.0,140.0], parent_size=[214.0,129.6], gap=0.0, start_offset=0.0)
[WARN] Layout wrap: 'commit_files_scroll' in parent 'review_changed_files' - NoWrap set but would overflow (child_size=0.0, offset=140.0, container=129.6)
[WARN] Layout overflow: 'commit_files_scroll' extends outside parent 'review_changed_files' bounds (child_rel=[0.0,140.0], child_size=[214.0,0.0], child_end=[214.0,140.0], parent_size=[214.0,129.6], gap=0.0, start_offset=0.0)
[WARN] Layout wrap: '' in parent '' - NoWrap set but would overflow (child_size=192.0, offset=16.0, container=146.0)
[WARN] Layout overflow: '' extends outside parent '' bounds (child_rel=[16.0,4.0], child_size=[192.0,40.0], child_end=[208.0,44.0], parent_size=[146.0,48.0], gap=16.0, start_offset=0.0)
[WARN] Layout wrap: 'Review' in parent 'sidebar_review' - NoWrap set but would overflow (child_size=77.0, offset=44.0, container=73.0)
[WARN] Layout overflow: 'Review' extends outside parent 'sidebar_review' bounds (child_rel=[44.0,0.0], child_size=[77.0,52.0], child_end=[121.0,52.0], parent_size=[73.0,52.0], gap=12.0, start_offset=0.0)
[WARN] Layout wrap: 'Files' in parent 'sidebar_working_files' - NoWrap set but would overflow (child_size=50.0, offset=44.0, container=73.0)
[WARN] Layout overflow: 'Files' extends outside parent 'sidebar_working_files' bounds (child_rel=[44.0,0.0], child_size=[50.0,52.0], child_end=[94.0,52.0], parent_size=[73.0,52.0], gap=12.0, start_offset=0.0)
[WARN] Layout wrap: '' in parent 'review_changed_files' - NoWrap set but would overflow (child_size=76.0, offset=64.0, container=129.6)
[WARN] Layout overflow: '' extends outside parent 'review_changed_files' bounds (child_rel=[0.0,64.0], child_size=[214.0,76.0], child_end=[214.0,140.0], parent_size=[214.0,129.6], gap=0.0, start_offset=0.0)
[WARN] Layout wrap: 'commit_files_scroll' in parent 'review_changed_files' - NoWrap set but would overflow (child_size=0.0, offset=140.0, container=129.6)
[WARN] Layout overflow: 'commit_files_scroll' extends outside parent 'review_changed_files' bounds (child_rel=[0.0,140.0], child_size=[214.0,0.0], child_end=[214.0,140.0], parent_size=[214.0,129.6], gap=0.0, start_offset=0.0)
[WARN] Layout wrap: '' in parent '' - NoWrap set but would overflow (child_size=192.0, offset=16.0, container=146.0)
[WARN] Layout overflow: '' extends outside parent '' bounds (child_rel=[16.0,4.0], child_size=[192.0,40.0], child_end=[208.0,44.0], parent_size=[146.0,48.0], gap=16.0, start_offset=0.0)
[WARN] Layout wrap: 'Review' in parent 'sidebar_review' - NoWrap set but would overflow (child_size=77.0, offset=44.0, container=73.0)
[WARN] Layout overflow: 'Review' extends outside parent 'sidebar_review' bounds (child_rel=[44.0,0.0], child_size=[77.0,52.0], child_end=[121.0,52.0], parent_size=[73.0,52.0], gap=12.0, start_offset=0.0)
[WARN] Layout wrap: 'Files' in parent 'sidebar_working_files' - NoWrap set but would overflow (child_size=50.0, offset=44.0, container=73.0)
[WARN] Layout overflow: 'Files' extends outside parent 'sidebar_working_files' bounds (child_rel=[44.0,0.0], child_size=[50.0,52.0], child_end=[94.0,52.0], parent_size=[73.0,52.0], gap=12.0, start_offset=0.0)
[WARN] Layout wrap: '' in parent 'review_changed_files' - NoWrap set but would overflow (child_size=76.0, offset=64.0, container=129.6)
[WARN] Layout overflow: '' extends outside parent 'review_changed_files' bounds (child_rel=[0.0,64.0], child_size=[214.0,76.0], child_end=[214.0,140.0], parent_size=[214.0,129.6], gap=0.0, start_offset=0.0)
[WARN] Layout wrap: 'commit_files_scroll' in parent 'review_changed_files' - NoWrap set but would overflow (child_size=0.0, offset=140.0, container=129.6)
[WARN] Layout overflow: 'commit_files_scroll' extends outside parent 'review_changed_files' bounds (child_rel=[0.0,140.0], child_size=[214.0,0.0], child_end=[214.0,140.0], parent_size=[214.0,129.6], gap=0.0, start_offset=0.0)
[WARN] Layout wrap: '' in parent '' - NoWrap set but would overflow (child_size=192.0, offset=16.0, container=146.0)
[WARN] Layout overflow: '' extends outside parent '' bounds (child_rel=[16.0,4.0], child_size=[192.0,40.0], child_end=[208.0,44.0], parent_size=[146.0,48.0], gap=16.0, start_offset=0.0)
[WARN] Layout wrap: 'Review' in parent 'sidebar_review' - NoWrap set but would overflow (child_size=77.0, offset=44.0, container=73.0)
[WARN] Layout overflow: 'Review' extends outside parent 'sidebar_review' bounds (child_rel=[44.0,0.0], child_size=[77.0,52.0], child_end=[121.0,52.0], parent_size=[73.0,52.0], gap=12.0, start_offset=0.0)
[WARN] Layout wrap: 'Files' in parent 'sidebar_working_files' - NoWrap set but would overflow (child_size=50.0, offset=44.0, container=73.0)
[WARN] Layout overflow: 'Files' extends outside parent 'sidebar_working_files' bounds (child_rel=[44.0,0.0], child_size=[50.0,52.0], child_end=[94.0,52.0], parent_size=[73.0,52.0], gap=12.0, start_offset=0.0)
[WARN] Layout wrap: '' in parent 'review_changed_files' - NoWrap set but would overflow (child_size=76.0, offset=64.0, container=129.6)
[WARN] Layout overflow: '' extends outside parent 'review_changed_files' bounds (child_rel=[0.0,64.0], child_size=[214.0,76.0], child_end=[214.0,140.0], parent_size=[214.0,129.6], gap=0.0, start_offset=0.0)
[WARN] Layout wrap: 'commit_files_scroll' in parent 'review_changed_files' - NoWrap set but would overflow (child_size=0.0, offset=140.0, container=129.6)
[WARN] Layout overflow: 'commit_files_scroll' extends outside parent 'review_changed_files' bounds (child_rel=[0.0,140.0], child_size=[214.0,0.0], child_end=[214.0,140.0], parent_size=[214.0,129.6], gap=0.0, start_offset=0.0)
[WARN] Layout wrap: '' in parent '' - NoWrap set but would overflow (child_size=192.0, offset=16.0, container=146.0)
[WARN] Layout overflow: '' extends outside parent '' bounds (child_rel=[16.0,4.0], child_size=[192.0,40.0], child_end=[208.0,44.0], parent_size=[146.0,48.0], gap=16.0, start_offset=0.0)
[WARN] Layout wrap: 'Review' in parent 'sidebar_review' - NoWrap set but would overflow (child_size=77.0, offset=44.0, container=73.0)
[WARN] Layout overflow: 'Review' extends outside parent 'sidebar_review' bounds (child_rel=[44.0,0.0], child_size=[77.0,52.0], child_end=[121.0,52.0], parent_size=[73.0,52.0], gap=12.0, start_offset=0.0)
[WARN] Layout wrap: 'Files' in parent 'sidebar_working_files' - NoWrap set but would overflow (child_size=50.0, offset=44.0, container=73.0)
[WARN] Layout overflow: 'Files' extends outside parent 'sidebar_working_files' bounds (child_rel=[44.0,0.0], child_size=[50.0,52.0], child_end=[94.0,52.0], parent_size=[73.0,52.0], gap=12.0, start_offset=0.0)
[WARN] Layout wrap: '' in parent 'review_changed_files' - NoWrap set but would overflow (child_size=76.0, offset=64.0, container=129.6)
[WARN] Layout overflow: '' extends outside parent 'review_changed_files' bounds (child_rel=[0.0,64.0], child_size=[214.0,76.0], child_end=[214.0,140.0], parent_size=[214.0,129.6], gap=0.0, start_offset=0.0)
[WARN] Layout wrap: 'commit_files_scroll' in parent 'review_changed_files' - NoWrap set but would overflow (child_size=0.0, offset=140.0, container=129.6)
[WARN] Layout overflow: 'commit_files_scroll' extends outside parent 'review_changed_files' bounds (child_rel=[0.0,140.0], child_size=[214.0,0.0], child_end=[214.0,140.0], parent_size=[214.0,129.6], gap=0.0, start_offset=0.0)
[WARN] Layout wrap: '' in parent '' - NoWrap set but would overflow (child_size=192.0, offset=16.0, container=146.0)
[WARN] Layout overflow: '' extends outside parent '' bounds (child_rel=[16.0,4.0], child_size=[192.0,40.0], child_end=[208.0,44.0], parent_size=[146.0,48.0], gap=16.0, start_offset=0.0)
[WARN] Layout wrap: 'Review' in parent 'sidebar_review' - NoWrap set but would overflow (child_size=77.0, offset=44.0, container=73.0)
[WARN] Layout overflow: 'Review' extends outside parent 'sidebar_review' bounds (child_rel=[44.0,0.0], child_size=[77.0,52.0], child_end=[121.0,52.0], parent_size=[73.0,52.0], gap=12.0, start_offset=0.0)
[WARN] Layout wrap: 'Files' in parent 'sidebar_working_files' - NoWrap set but would overflow (child_size=50.0, offset=44.0, container=73.0)
[WARN] Layout overflow: 'Files' extends outside parent 'sidebar_working_files' bounds (child_rel=[44.0,0.0], child_size=[50.0,52.0], child_end=[94.0,52.0], parent_size=[73.0,52.0], gap=12.0, start_offset=0.0)
[WARN] Layout wrap: '' in parent 'review_changed_files' - NoWrap set but would overflow (child_size=76.0, offset=64.0, container=129.6)
[WARN] Layout overflow: '' extends outside parent 'review_changed_files' bounds (child_rel=[0.0,64.0], child_size=[214.0,76.0], child_end=[214.0,140.0], parent_size=[214.0,129.6], gap=0.0, start_offset=0.0)
[WARN] Layout wrap: 'commit_files_scroll' in parent 'review_changed_files' - NoWrap set but would overflow (child_size=0.0, offset=140.0, container=129.6)
[WARN] Layout overflow: 'commit_files_scroll' extends outside parent 'review_changed_files' bounds (child_rel=[0.0,140.0], child_size=[214.0,0.0], child_end=[214.0,140.0], parent_size=[214.0,129.6], gap=0.0, start_offset=0.0)
[WARN] Layout wrap: '' in parent '' - NoWrap set but would overflow (child_size=192.0, offset=16.0, container=146.0)
[WARN] Layout overflow: '' extends outside parent '' bounds (child_rel=[16.0,4.0], child_size=[192.0,40.0], child_end=[208.0,44.0], parent_size=[146.0,48.0], gap=16.0, start_offset=0.0)
[WARN] Layout wrap: 'Review' in parent 'sidebar_review' - NoWrap set but would overflow (child_size=77.0, offset=44.0, container=73.0)
[WARN] Layout overflow: 'Review' extends outside parent 'sidebar_review' bounds (child_rel=[44.0,0.0], child_size=[77.0,52.0], child_end=[121.0,52.0], parent_size=[73.0,52.0], gap=12.0, start_offset=0.0)
[WARN] Layout wrap: 'Files' in parent 'sidebar_working_files' - NoWrap set but would overflow (child_size=50.0, offset=44.0, container=73.0)
[WARN] Layout overflow: 'Files' extends outside parent 'sidebar_working_files' bounds (child_rel=[44.0,0.0], child_size=[50.0,52.0], child_end=[94.0,52.0], parent_size=[73.0,52.0], gap=12.0, start_offset=0.0)
[WARN] Layout wrap: '' in parent 'review_changed_files' - NoWrap set but would overflow (child_size=76.0, offset=64.0, container=129.6)
[WARN] Layout overflow: '' extends outside parent 'review_changed_files' bounds (child_rel=[0.0,64.0], child_size=[214.0,76.0], child_end=[214.0,140.0], parent_size=[214.0,129.6], gap=0.0, start_offset=0.0)
[WARN] Layout wrap: 'commit_files_scroll' in parent 'review_changed_files' - NoWrap set but would overflow (child_size=0.0, offset=140.0, container=129.6)
[WARN] Layout overflow: 'commit_files_scroll' extends outside parent 'review_changed_files' bounds (child_rel=[0.0,140.0], child_size=[214.0,0.0], child_end=[214.0,140.0], parent_size=[214.0,129.6], gap=0.0, start_offset=0.0)
[WARN] Layout wrap: '' in parent '' - NoWrap set but would overflow (child_size=192.0, offset=16.0, container=146.0)
[WARN] Layout overflow: '' extends outside parent '' bounds (child_rel=[16.0,4.0], child_size=[192.0,40.0], child_end=[208.0,44.0], parent_size=[146.0,48.0], gap=16.0, start_offset=0.0)
[WARN] Layout wrap: 'Review' in parent 'sidebar_review' - NoWrap set but would overflow (child_size=77.0, offset=44.0, container=73.0)
[WARN] Layout overflow: 'Review' extends outside parent 'sidebar_review' bounds (child_rel=[44.0,0.0], child_size=[77.0,52.0], child_end=[121.0,52.0], parent_size=[73.0,52.0], gap=12.0, start_offset=0.0)
[WARN] Layout wrap: 'Files' in parent 'sidebar_working_files' - NoWrap set but would overflow (child_size=50.0, offset=44.0, container=73.0)
[WARN] Layout overflow: 'Files' extends outside parent 'sidebar_working_files' bounds (child_rel=[44.0,0.0], child_size=[50.0,52.0], child_end=[94.0,52.0], parent_size=[73.0,52.0], gap=12.0, start_offset=0.0)
[WARN] Layout wrap: '' in parent 'review_changed_files' - NoWrap set but would overflow (child_size=76.0, offset=64.0, container=129.6)
[WARN] Layout overflow: '' extends outside parent 'review_changed_files' bounds (child_rel=[0.0,64.0], child_size=[214.0,76.0], child_end=[214.0,140.0], parent_size=[214.0,129.6], gap=0.0, start_offset=0.0)
[WARN] Layout wrap: 'commit_files_scroll' in parent 'review_changed_files' - NoWrap set but would overflow (child_size=0.0, offset=140.0, container=129.6)
[WARN] Layout overflow: 'commit_files_scroll' extends outside parent 'review_changed_files' bounds (child_rel=[0.0,140.0], child_size=[214.0,0.0], child_end=[214.0,140.0], parent_size=[214.0,129.6], gap=0.0, start_offset=0.0)
[WARN] Layout wrap: '' in parent '' - NoWrap set but would overflow (child_size=192.0, offset=16.0, container=146.0)
[WARN] Layout overflow: '' extends outside parent '' bounds (child_rel=[16.0,4.0], child_size=[192.0,40.0], child_end=[208.0,44.0], parent_size=[146.0,48.0], gap=16.0, start_offset=0.0)
[WARN] Layout wrap: 'Review' in parent 'sidebar_review' - NoWrap set but would overflow (child_size=77.0, offset=44.0, container=73.0)
[WARN] Layout overflow: 'Review' extends outside parent 'sidebar_review' bounds (child_rel=[44.0,0.0], child_size=[77.0,52.0], child_end=[121.0,52.0], parent_size=[73.0,52.0], gap=12.0, start_offset=0.0)
[WARN] Layout wrap: 'Files' in parent 'sidebar_working_files' - NoWrap set but would overflow (child_size=50.0, offset=44.0, container=73.0)
[WARN] Layout overflow: 'Files' extends outside parent 'sidebar_working_files' bounds (child_rel=[44.0,0.0], child_size=[50.0,52.0], child_end=[94.0,52.0], parent_size=[73.0,52.0], gap=12.0, start_offset=0.0)
[WARN] Layout wrap: '' in parent 'review_changed_files' - NoWrap set but would overflow (child_size=76.0, offset=64.0, container=129.6)
[WARN] Layout overflow: '' extends outside parent 'review_changed_files' bounds (child_rel=[0.0,64.0], child_size=[214.0,76.0], child_end=[214.0,140.0], parent_size=[214.0,129.6], gap=0.0, start_offset=0.0)
[WARN] Layout wrap: 'commit_files_scroll' in parent 'review_changed_files' - NoWrap set but would overflow (child_size=0.0, offset=140.0, container=129.6)
[WARN] Layout overflow: 'commit_files_scroll' extends outside parent 'review_changed_files' bounds (child_rel=[0.0,140.0], child_size=[214.0,0.0], child_end=[214.0,140.0], parent_size=[214.0,129.6], gap=0.0, start_offset=0.0)
[WARN] Layout wrap: '' in parent '' - NoWrap set but would overflow (child_size=192.0, offset=16.0, container=146.0)
[WARN] Layout overflow: '' extends outside parent '' bounds (child_rel=[16.0,4.0], child_size=[192.0,40.0], child_end=[208.0,44.0], parent_size=[146.0,48.0], gap=16.0, start_offset=0.0)
[WARN] Layout wrap: 'Review' in parent 'sidebar_review' - NoWrap set but would overflow (child_size=77.0, offset=44.0, container=73.0)
[WARN] Layout overflow: 'Review' extends outside parent 'sidebar_review' bounds (child_rel=[44.0,0.0], child_size=[77.0,52.0], child_end=[121.0,52.0], parent_size=[73.0,52.0], gap=12.0, start_offset=0.0)
[WARN] Layout wrap: 'Files' in parent 'sidebar_working_files' - NoWrap set but would overflow (child_size=50.0, offset=44.0, container=73.0)
[WARN] Layout overflow: 'Files' extends outside parent 'sidebar_working_files' bounds (child_rel=[44.0,0.0], child_size=[50.0,52.0], child_end=[94.0,52.0], parent_size=[73.0,52.0], gap=12.0, start_offset=0.0)
[WARN] Layout wrap: '' in parent 'review_changed_files' - NoWrap set but would overflow (child_size=76.0, offset=64.0, container=129.6)
[WARN] Layout overflow: '' extends outside parent 'review_changed_files' bounds (child_rel=[0.0,64.0], child_size=[214.0,76.0], child_end=[214.0,140.0], parent_size=[214.0,129.6], gap=0.0, start_offset=0.0)
[WARN] Layout wrap: 'commit_files_scroll' in parent 'review_changed_files' - NoWrap set but would overflow (child_size=0.0, offset=140.0, container=129.6)
[WARN] Layout overflow: 'commit_files_scroll' extends outside parent 'review_changed_files' bounds (child_rel=[0.0,140.0], child_size=[214.0,0.0], child_end=[214.0,140.0], parent_size=[214.0,129.6], gap=0.0, start_offset=0.0)
[WARN] Layout wrap: '' in parent '' - NoWrap set but would overflow (child_size=192.0, offset=16.0, container=146.0)
[WARN] Layout overflow: '' extends outside parent '' bounds (child_rel=[16.0,4.0], child_size=[192.0,40.0], child_end=[208.0,44.0], parent_size=[146.0,48.0], gap=16.0, start_offset=0.0)
[WARN] Layout wrap: 'Review' in parent 'sidebar_review' - NoWrap set but would overflow (child_size=77.0, offset=44.0, container=73.0)
[WARN] Layout overflow: 'Review' extends outside parent 'sidebar_review' bounds (child_rel=[44.0,0.0], child_size=[77.0,52.0], child_end=[121.0,52.0], parent_size=[73.0,52.0], gap=12.0, start_offset=0.0)
[WARN] Layout wrap: 'Files' in parent 'sidebar_working_files' - NoWrap set but would overflow (child_size=50.0, offset=44.0, container=73.0)
[WARN] Layout overflow: 'Files' extends outside parent 'sidebar_working_files' bounds (child_rel=[44.0,0.0], child_size=[50.0,52.0], child_end=[94.0,52.0], parent_size=[73.0,52.0], gap=12.0, start_offset=0.0)
[WARN] Layout wrap: '' in parent 'review_changed_files' - NoWrap set but would overflow (child_size=76.0, offset=64.0, container=129.6)
[WARN] Layout overflow: '' extends outside parent 'review_changed_files' bounds (child_rel=[0.0,64.0], child_size=[214.0,76.0], child_end=[214.0,140.0], parent_size=[214.0,129.6], gap=0.0, start_offset=0.0)
[WARN] Layout wrap: 'commit_files_scroll' in parent 'review_changed_files' - NoWrap set but would overflow (child_size=0.0, offset=140.0, container=129.6)
[WARN] Layout overflow: 'commit_files_scroll' extends outside parent 'review_changed_files' bounds (child_rel=[0.0,140.0], child_size=[214.0,0.0], child_end=[214.0,140.0], parent_size=[214.0,129.6], gap=0.0, start_offset=0.0)
[WARN] Layout wrap: '' in parent '' - NoWrap set but would overflow (child_size=192.0, offset=16.0, container=146.0)
[WARN] Layout overflow: '' extends outside parent '' bounds (child_rel=[16.0,4.0], child_size=[192.0,40.0], child_end=[208.0,44.0], parent_size=[146.0,48.0], gap=16.0, start_offset=0.0)
[WARN] Layout wrap: 'Review' in parent 'sidebar_review' - NoWrap set but would overflow (child_size=77.0, offset=44.0, container=73.0)
[WARN] Layout overflow: 'Review' extends outside parent 'sidebar_review' bounds (child_rel=[44.0,0.0], child_size=[77.0,52.0], child_end=[121.0,52.0], parent_size=[73.0,52.0], gap=12.0, start_offset=0.0)
[WARN] Layout wrap: 'Files' in parent 'sidebar_working_files' - NoWrap set but would overflow (child_size=50.0, offset=44.0, container=73.0)
[WARN] Layout overflow: 'Files' extends outside parent 'sidebar_working_files' bounds (child_rel=[44.0,0.0], child_size=[50.0,52.0], child_end=[94.0,52.0], parent_size=[73.0,52.0], gap=12.0, start_offset=0.0)
[WARN] Layout wrap: '' in parent 'review_changed_files' - NoWrap set but would overflow (child_size=76.0, offset=64.0, container=129.6)
[WARN] Layout overflow: '' extends outside parent 'review_changed_files' bounds (child_rel=[0.0,64.0], child_size=[214.0,76.0], child_end=[214.0,140.0], parent_size=[214.0,129.6], gap=0.0, start_offset=0.0)
[WARN] Layout wrap: 'commit_files_scroll' in parent 'review_changed_files' - NoWrap set but would overflow (child_size=0.0, offset=140.0, container=129.6)
[WARN] Layout overflow: 'commit_files_scroll' extends outside parent 'review_changed_files' bounds (child_rel=[0.0,140.0], child_size=[214.0,0.0], child_end=[214.0,140.0], parent_size=[214.0,129.6], gap=0.0, start_offset=0.0)
[WARN] Layout wrap: '' in parent '' - NoWrap set but would overflow (child_size=192.0, offset=16.0, container=146.0)
[WARN] Layout overflow: '' extends outside parent '' bounds (child_rel=[16.0,4.0], child_size=[192.0,40.0], child_end=[208.0,44.0], parent_size=[146.0,48.0], gap=16.0, start_offset=0.0)
[WARN] Layout wrap: 'Review' in parent 'sidebar_review' - NoWrap set but would overflow (child_size=77.0, offset=44.0, container=73.0)
[WARN] Layout overflow: 'Review' extends outside parent 'sidebar_review' bounds (child_rel=[44.0,0.0], child_size=[77.0,52.0], child_end=[121.0,52.0], parent_size=[73.0,52.0], gap=12.0, start_offset=0.0)
[WARN] Layout wrap: 'Files' in parent 'sidebar_working_files' - NoWrap set but would overflow (child_size=50.0, offset=44.0, container=73.0)
[WARN] Layout overflow: 'Files' extends outside parent 'sidebar_working_files' bounds (child_rel=[44.0,0.0], child_size=[50.0,52.0], child_end=[94.0,52.0], parent_size=[73.0,52.0], gap=12.0, start_offset=0.0)
[WARN] Layout wrap: '' in parent 'review_changed_files' - NoWrap set but would overflow (child_size=76.0, offset=64.0, container=129.6)
[WARN] Layout overflow: '' extends outside parent 'review_changed_files' bounds (child_rel=[0.0,64.0], child_size=[214.0,76.0], child_end=[214.0,140.0], parent_size=[214.0,129.6], gap=0.0, start_offset=0.0)
[WARN] Layout wrap: 'commit_files_scroll' in parent 'review_changed_files' - NoWrap set but would overflow (child_size=0.0, offset=140.0, container=129.6)
[WARN] Layout overflow: 'commit_files_scroll' extends outside parent 'review_changed_files' bounds (child_rel=[0.0,140.0], child_size=[214.0,0.0], child_end=[214.0,140.0], parent_size=[214.0,129.6], gap=0.0, start_offset=0.0)
[WARN] Layout wrap: '' in parent '' - NoWrap set but would overflow (child_size=192.0, offset=16.0, container=146.0)
[WARN] Layout overflow: '' extends outside parent '' bounds (child_rel=[16.0,4.0], child_size=[192.0,40.0], child_end=[208.0,44.0], parent_size=[146.0,48.0], gap=16.0, start_offset=0.0)
[WARN] Layout wrap: 'Review' in parent 'sidebar_review' - NoWrap set but would overflow (child_size=77.0, offset=44.0, container=73.0)
[WARN] Layout overflow: 'Review' extends outside parent 'sidebar_review' bounds (child_rel=[44.0,0.0], child_size=[77.0,52.0], child_end=[121.0,52.0], parent_size=[73.0,52.0], gap=12.0, start_offset=0.0)
[WARN] Layout wrap: 'Files' in parent 'sidebar_working_files' - NoWrap set but would overflow (child_size=50.0, offset=44.0, container=73.0)
[WARN] Layout overflow: 'Files' extends outside parent 'sidebar_working_files' bounds (child_rel=[44.0,0.0], child_size=[50.0,52.0], child_end=[94.0,52.0], parent_size=[73.0,52.0], gap=12.0, start_offset=0.0)
[WARN] Layout wrap: '' in parent 'review_changed_files' - NoWrap set but would overflow (child_size=76.0, offset=64.0, container=129.6)
[WARN] Layout overflow: '' extends outside parent 'review_changed_files' bounds (child_rel=[0.0,64.0], child_size=[214.0,76.0], child_end=[214.0,140.0], parent_size=[214.0,129.6], gap=0.0, start_offset=0.0)
[WARN] Layout wrap: 'commit_files_scroll' in parent 'review_changed_files' - NoWrap set but would overflow (child_size=0.0, offset=140.0, container=129.6)
[WARN] Layout overflow: 'commit_files_scroll' extends outside parent 'review_changed_files' bounds (child_rel=[0.0,140.0], child_size=[214.0,0.0], child_end=[214.0,140.0], parent_size=[214.0,129.6], gap=0.0, start_offset=0.0)
[WARN] Layout wrap: '' in parent '' - NoWrap set but would overflow (child_size=192.0, offset=16.0, container=146.0)
[WARN] Layout overflow: '' extends outside parent '' bounds (child_rel=[16.0,4.0], child_size=[192.0,40.0], child_end=[208.0,44.0], parent_size=[146.0,48.0], gap=16.0, start_offset=0.0)
[WARN] Layout wrap: 'Review' in parent 'sidebar_review' - NoWrap set but would overflow (child_size=77.0, offset=44.0, container=73.0)
[WARN] Layout overflow: 'Review' extends outside parent 'sidebar_review' bounds (child_rel=[44.0,0.0], child_size=[77.0,52.0], child_end=[121.0,52.0], parent_size=[73.0,52.0], gap=12.0, start_offset=0.0)
[WARN] Layout wrap: 'Files' in parent 'sidebar_working_files' - NoWrap set but would overflow (child_size=50.0, offset=44.0, container=73.0)
[WARN] Layout overflow: 'Files' extends outside parent 'sidebar_working_files' bounds (child_rel=[44.0,0.0], child_size=[50.0,52.0], child_end=[94.0,52.0], parent_size=[73.0,52.0], gap=12.0, start_offset=0.0)
[WARN] Layout wrap: '' in parent 'review_changed_files' - NoWrap set but would overflow (child_size=76.0, offset=64.0, container=129.6)
[WARN] Layout overflow: '' extends outside parent 'review_changed_files' bounds (child_rel=[0.0,64.0], child_size=[214.0,76.0], child_end=[214.0,140.0], parent_size=[214.0,129.6], gap=0.0, start_offset=0.0)
[WARN] Layout wrap: 'commit_files_scroll' in parent 'review_changed_files' - NoWrap set but would overflow (child_size=0.0, offset=140.0, container=129.6)
[WARN] Layout overflow: 'commit_files_scroll' extends outside parent 'review_changed_files' bounds (child_rel=[0.0,140.0], child_size=[214.0,0.0], child_end=[214.0,140.0], parent_size=[214.0,129.6], gap=0.0, start_offset=0.0)
[WARN] Layout wrap: '' in parent '' - NoWrap set but would overflow (child_size=192.0, offset=16.0, container=146.0)
[WARN] Layout overflow: '' extends outside parent '' bounds (child_rel=[16.0,4.0], child_size=[192.0,40.0], child_end=[208.0,44.0], parent_size=[146.0,48.0], gap=16.0, start_offset=0.0)
[WARN] Layout wrap: 'Review' in parent 'sidebar_review' - NoWrap set but would overflow (child_size=77.0, offset=44.0, container=73.0)
[WARN] Layout overflow: 'Review' extends outside parent 'sidebar_review' bounds (child_rel=[44.0,0.0], child_size=[77.0,52.0], child_end=[121.0,52.0], parent_size=[73.0,52.0], gap=12.0, start_offset=0.0)
[WARN] Layout wrap: 'Files' in parent 'sidebar_working_files' - NoWrap set but would overflow (child_size=50.0, offset=44.0, container=73.0)
[WARN] Layout overflow: 'Files' extends outside parent 'sidebar_working_files' bounds (child_rel=[44.0,0.0], child_size=[50.0,52.0], child_end=[94.0,52.0], parent_size=[73.0,52.0], gap=12.0, start_offset=0.0)
[WARN] Layout wrap: '' in parent 'review_changed_files' - NoWrap set but would overflow (child_size=76.0, offset=64.0, container=129.6)
[WARN] Layout overflow: '' extends outside parent 'review_changed_files' bounds (child_rel=[0.0,64.0], child_size=[214.0,76.0], child_end=[214.0,140.0], parent_size=[214.0,129.6], gap=0.0, start_offset=0.0)
[WARN] Layout wrap: 'commit_files_scroll' in parent 'review_changed_files' - NoWrap set but would overflow (child_size=0.0, offset=140.0, container=129.6)
[WARN] Layout overflow: 'commit_files_scroll' extends outside parent 'review_changed_files' bounds (child_rel=[0.0,140.0], child_size=[214.0,0.0], child_end=[214.0,140.0], parent_size=[214.0,129.6], gap=0.0, start_offset=0.0)
[WARN] Layout wrap: '' in parent '' - NoWrap set but would overflow (child_size=192.0, offset=16.0, container=146.0)
[WARN] Layout overflow: '' extends outside parent '' bounds (child_rel=[16.0,4.0], child_size=[192.0,40.0], child_end=[208.0,44.0], parent_size=[146.0,48.0], gap=16.0, start_offset=0.0)
[WARN] Layout wrap: 'Review' in parent 'sidebar_review' - NoWrap set but would overflow (child_size=77.0, offset=44.0, container=73.0)
[WARN] Layout overflow: 'Review' extends outside parent 'sidebar_review' bounds (child_rel=[44.0,0.0], child_size=[77.0,52.0], child_end=[121.0,52.0], parent_size=[73.0,52.0], gap=12.0, start_offset=0.0)
[WARN] Layout wrap: 'Files' in parent 'sidebar_working_files' - NoWrap set but would overflow (child_size=50.0, offset=44.0, container=73.0)
[WARN] Layout overflow: 'Files' extends outside parent 'sidebar_working_files' bounds (child_rel=[44.0,0.0], child_size=[50.0,52.0], child_end=[94.0,52.0], parent_size=[73.0,52.0], gap=12.0, start_offset=0.0)
[WARN] Layout wrap: '' in parent 'review_changed_files' - NoWrap set but would overflow (child_size=76.0, offset=64.0, container=129.6)
[WARN] Layout overflow: '' extends outside parent 'review_changed_files' bounds (child_rel=[0.0,64.0], child_size=[214.0,76.0], child_end=[214.0,140.0], parent_size=[214.0,129.6], gap=0.0, start_offset=0.0)
[WARN] Layout wrap: 'commit_files_scroll' in parent 'review_changed_files' - NoWrap set but would overflow (child_size=0.0, offset=140.0, container=129.6)
[WARN] Layout overflow: 'commit_files_scroll' extends outside parent 'review_changed_files' bounds (child_rel=[0.0,140.0], child_size=[214.0,0.0], child_end=[214.0,140.0], parent_size=[214.0,129.6], gap=0.0, start_offset=0.0)
[WARN] Layout wrap: '' in parent '' - NoWrap set but would overflow (child_size=192.0, offset=16.0, container=146.0)
[WARN] Layout overflow: '' extends outside parent '' bounds (child_rel=[16.0,4.0], child_size=[192.0,40.0], child_end=[208.0,44.0], parent_size=[146.0,48.0], gap=16.0, start_offset=0.0)
[WARN] Layout wrap: 'Review' in parent 'sidebar_review' - NoWrap set but would overflow (child_size=77.0, offset=44.0, container=73.0)
[WARN] Layout overflow: 'Review' extends outside parent 'sidebar_review' bounds (child_rel=[44.0,0.0], child_size=[77.0,52.0], child_end=[121.0,52.0], parent_size=[73.0,52.0], gap=12.0, start_offset=0.0)
[WARN] Layout wrap: 'Files' in parent 'sidebar_working_files' - NoWrap set but would overflow (child_size=50.0, offset=44.0, container=73.0)
[WARN] Layout overflow: 'Files' extends outside parent 'sidebar_working_files' bounds (child_rel=[44.0,0.0], child_size=[50.0,52.0], child_end=[94.0,52.0], parent_size=[73.0,52.0], gap=12.0, start_offset=0.0)
[WARN] Layout wrap: '' in parent 'review_changed_files' - NoWrap set but would overflow (child_size=76.0, offset=64.0, container=129.6)
[WARN] Layout overflow: '' extends outside parent 'review_changed_files' bounds (child_rel=[0.0,64.0], child_size=[214.0,76.0], child_end=[214.0,140.0], parent_size=[214.0,129.6], gap=0.0, start_offset=0.0)
[WARN] Layout wrap: 'commit_files_scroll' in parent 'review_changed_files' - NoWrap set but would overflow (child_size=0.0, offset=140.0, container=129.6)
[WARN] Layout overflow: 'commit_files_scroll' extends outside parent 'review_changed_files' bounds (child_rel=[0.0,140.0], child_size=[214.0,0.0], child_end=[214.0,140.0], parent_size=[214.0,129.6], gap=0.0, start_offset=0.0)
[WARN] Layout wrap: '' in parent '' - NoWrap set but would overflow (child_size=192.0, offset=16.0, container=146.0)
[WARN] Layout overflow: '' extends outside parent '' bounds (child_rel=[16.0,4.0], child_size=[192.0,40.0], child_end=[208.0,44.0], parent_size=[146.0,48.0], gap=16.0, start_offset=0.0)
[WARN] Layout wrap: 'Review' in parent 'sidebar_review' - NoWrap set but would overflow (child_size=77.0, offset=44.0, container=73.0)
[WARN] Layout overflow: 'Review' extends outside parent 'sidebar_review' bounds (child_rel=[44.0,0.0], child_size=[77.0,52.0], child_end=[121.0,52.0], parent_size=[73.0,52.0], gap=12.0, start_offset=0.0)
[WARN] Layout wrap: 'Files' in parent 'sidebar_working_files' - NoWrap set but would overflow (child_size=50.0, offset=44.0, container=73.0)
[WARN] Layout overflow: 'Files' extends outside parent 'sidebar_working_files' bounds (child_rel=[44.0,0.0], child_size=[50.0,52.0], child_end=[94.0,52.0], parent_size=[73.0,52.0], gap=12.0, start_offset=0.0)
[WARN] Layout wrap: '' in parent 'review_changed_files' - NoWrap set but would overflow (child_size=76.0, offset=64.0, container=129.6)
[WARN] Layout overflow: '' extends outside parent 'review_changed_files' bounds (child_rel=[0.0,64.0], child_size=[214.0,76.0], child_end=[214.0,140.0], parent_size=[214.0,129.6], gap=0.0, start_offset=0.0)
[WARN] Layout wrap: 'commit_files_scroll' in parent 'review_changed_files' - NoWrap set but would overflow (child_size=0.0, offset=140.0, container=129.6)
[WARN] Layout overflow: 'commit_files_scroll' extends outside parent 'review_changed_files' bounds (child_rel=[0.0,140.0], child_size=[214.0,0.0], child_end=[214.0,140.0], parent_size=[214.0,129.6], gap=0.0, start_offset=0.0)
[WARN] Layout wrap: '' in parent '' - NoWrap set but would overflow (child_size=192.0, offset=16.0, container=146.0)
[WARN] Layout overflow: '' extends outside parent '' bounds (child_rel=[16.0,4.0], child_size=[192.0,40.0], child_end=[208.0,44.0], parent_size=[146.0,48.0], gap=16.0, start_offset=0.0)
[WARN] Layout wrap: 'Review' in parent 'sidebar_review' - NoWrap set but would overflow (child_size=77.0, offset=44.0, container=73.0)
[WARN] Layout overflow: 'Review' extends outside parent 'sidebar_review' bounds (child_rel=[44.0,0.0], child_size=[77.0,52.0], child_end=[121.0,52.0], parent_size=[73.0,52.0], gap=12.0, start_offset=0.0)
[WARN] Layout wrap: 'Files' in parent 'sidebar_working_files' - NoWrap set but would overflow (child_size=50.0, offset=44.0, container=73.0)
[WARN] Layout overflow: 'Files' extends outside parent 'sidebar_working_files' bounds (child_rel=[44.0,0.0], child_size=[50.0,52.0], child_end=[94.0,52.0], parent_size=[73.0,52.0], gap=12.0, start_offset=0.0)
[WARN] Layout wrap: '' in parent 'review_changed_files' - NoWrap set but would overflow (child_size=76.0, offset=64.0, container=129.6)
[WARN] Layout overflow: '' extends outside parent 'review_changed_files' bounds (child_rel=[0.0,64.0], child_size=[214.0,76.0], child_end=[214.0,140.0], parent_size=[214.0,129.6], gap=0.0, start_offset=0.0)
[WARN] Layout wrap: 'commit_files_scroll' in parent 'review_changed_files' - NoWrap set but would overflow (child_size=0.0, offset=140.0, container=129.6)
[WARN] Layout overflow: 'commit_files_scroll' extends outside parent 'review_changed_files' bounds (child_rel=[0.0,140.0], child_size=[214.0,0.0], child_end=[214.0,140.0], parent_size=[214.0,129.6], gap=0.0, start_offset=0.0)
[WARN] Layout wrap: '' in parent '' - NoWrap set but would overflow (child_size=192.0, offset=16.0, container=146.0)
[WARN] Layout overflow: '' extends outside parent '' bounds (child_rel=[16.0,4.0], child_size=[192.0,40.0], child_end=[208.0,44.0], parent_size=[146.0,48.0], gap=16.0, start_offset=0.0)
[WARN] Layout wrap: 'Review' in parent 'sidebar_review' - NoWrap set but would overflow (child_size=77.0, offset=44.0, container=73.0)
[WARN] Layout overflow: 'Review' extends outside parent 'sidebar_review' bounds (child_rel=[44.0,0.0], child_size=[77.0,52.0], child_end=[121.0,52.0], parent_size=[73.0,52.0], gap=12.0, start_offset=0.0)
[WARN] Layout wrap: 'Files' in parent 'sidebar_working_files' - NoWrap set but would overflow (child_size=50.0, offset=44.0, container=73.0)
[WARN] Layout overflow: 'Files' extends outside parent 'sidebar_working_files' bounds (child_rel=[44.0,0.0], child_size=[50.0,52.0], child_end=[94.0,52.0], parent_size=[73.0,52.0], gap=12.0, start_offset=0.0)
[WARN] Layout wrap: '' in parent 'review_changed_files' - NoWrap set but would overflow (child_size=76.0, offset=64.0, container=129.6)
[WARN] Layout overflow: '' extends outside parent 'review_changed_files' bounds (child_rel=[0.0,64.0], child_size=[214.0,76.0], child_end=[214.0,140.0], parent_size=[214.0,129.6], gap=0.0, start_offset=0.0)
[WARN] Layout wrap: 'commit_files_scroll' in parent 'review_changed_files' - NoWrap set but would overflow (child_size=0.0, offset=140.0, container=129.6)
[WARN] Layout overflow: 'commit_files_scroll' extends outside parent 'review_changed_files' bounds (child_rel=[0.0,140.0], child_size=[214.0,0.0], child_end=[214.0,140.0], parent_size=[214.0,129.6], gap=0.0, start_offset=0.0)
[WARN] Layout wrap: '' in parent '' - NoWrap set but would overflow (child_size=192.0, offset=16.0, container=146.0)
[WARN] Layout overflow: '' extends outside parent '' bounds (child_rel=[16.0,4.0], child_size=[192.0,40.0], child_end=[208.0,44.0], parent_size=[146.0,48.0], gap=16.0, start_offset=0.0)
[WARN] Layout wrap: 'Review' in parent 'sidebar_review' - NoWrap set but would overflow (child_size=77.0, offset=44.0, container=73.0)
[WARN] Layout overflow: 'Review' extends outside parent 'sidebar_review' bounds (child_rel=[44.0,0.0], child_size=[77.0,52.0], child_end=[121.0,52.0], parent_size=[73.0,52.0], gap=12.0, start_offset=0.0)
[WARN] Layout wrap: 'Files' in parent 'sidebar_working_files' - NoWrap set but would overflow (child_size=50.0, offset=44.0, container=73.0)
[WARN] Layout overflow: 'Files' extends outside parent 'sidebar_working_files' bounds (child_rel=[44.0,0.0], child_size=[50.0,52.0], child_end=[94.0,52.0], parent_size=[73.0,52.0], gap=12.0, start_offset=0.0)
[WARN] Layout wrap: '' in parent 'review_changed_files' - NoWrap set but would overflow (child_size=76.0, offset=64.0, container=129.6)
[WARN] Layout overflow: '' extends outside parent 'review_changed_files' bounds (child_rel=[0.0,64.0], child_size=[214.0,76.0], child_end=[214.0,140.0], parent_size=[214.0,129.6], gap=0.0, start_offset=0.0)
[WARN] Layout wrap: 'commit_files_scroll' in parent 'review_changed_files' - NoWrap set but would overflow (child_size=0.0, offset=140.0, container=129.6)
[WARN] Layout overflow: 'commit_files_scroll' extends outside parent 'review_changed_files' bounds (child_rel=[0.0,140.0], child_size=[214.0,0.0], child_end=[214.0,140.0], parent_size=[214.0,129.6], gap=0.0, start_offset=0.0)
[WARN] Layout wrap: '' in parent '' - NoWrap set but would overflow (child_size=192.0, offset=16.0, container=146.0)
[WARN] Layout overflow: '' extends outside parent '' bounds (child_rel=[16.0,4.0], child_size=[192.0,40.0], child_end=[208.0,44.0], parent_size=[146.0,48.0], gap=16.0, start_offset=0.0)
[WARN] Layout wrap: 'Review' in parent 'sidebar_review' - NoWrap set but would overflow (child_size=77.0, offset=44.0, container=73.0)
[WARN] Layout overflow: 'Review' extends outside parent 'sidebar_review' bounds (child_rel=[44.0,0.0], child_size=[77.0,52.0], child_end=[121.0,52.0], parent_size=[73.0,52.0], gap=12.0, start_offset=0.0)
[WARN] Layout wrap: 'Files' in parent 'sidebar_working_files' - NoWrap set but would overflow (child_size=50.0, offset=44.0, container=73.0)
[WARN] Layout overflow: 'Files' extends outside parent 'sidebar_working_files' bounds (child_rel=[44.0,0.0], child_size=[50.0,52.0], child_end=[94.0,52.0], parent_size=[73.0,52.0], gap=12.0, start_offset=0.0)
[WARN] Layout wrap: '' in parent 'review_changed_files' - NoWrap set but would overflow (child_size=76.0, offset=64.0, container=129.6)
[WARN] Layout overflow: '' extends outside parent 'review_changed_files' bounds (child_rel=[0.0,64.0], child_size=[214.0,76.0], child_end=[214.0,140.0], parent_size=[214.0,129.6], gap=0.0, start_offset=0.0)
[WARN] Layout wrap: 'commit_files_scroll' in parent 'review_changed_files' - NoWrap set but would overflow (child_size=0.0, offset=140.0, container=129.6)
[WARN] Layout overflow: 'commit_files_scroll' extends outside parent 'review_changed_files' bounds (child_rel=[0.0,140.0], child_size=[214.0,0.0], child_end=[214.0,140.0], parent_size=[214.0,129.6], gap=0.0, start_offset=0.0)
[WARN] Layout wrap: '' in parent '' - NoWrap set but would overflow (child_size=192.0, offset=16.0, container=146.0)
[WARN] Layout overflow: '' extends outside parent '' bounds (child_rel=[16.0,4.0], child_size=[192.0,40.0], child_end=[208.0,44.0], parent_size=[146.0,48.0], gap=16.0, start_offset=0.0)
[WARN] Layout wrap: 'Review' in parent 'sidebar_review' - NoWrap set but would overflow (child_size=77.0, offset=44.0, container=73.0)
[WARN] Layout overflow: 'Review' extends outside parent 'sidebar_review' bounds (child_rel=[44.0,0.0], child_size=[77.0,52.0], child_end=[121.0,52.0], parent_size=[73.0,52.0], gap=12.0, start_offset=0.0)
[WARN] Layout wrap: 'Files' in parent 'sidebar_working_files' - NoWrap set but would overflow (child_size=50.0, offset=44.0, container=73.0)
[WARN] Layout overflow: 'Files' extends outside parent 'sidebar_working_files' bounds (child_rel=[44.0,0.0], child_size=[50.0,52.0], child_end=[94.0,52.0], parent_size=[73.0,52.0], gap=12.0, start_offset=0.0)
[WARN] Layout wrap: '' in parent 'review_changed_files' - NoWrap set but would overflow (child_size=76.0, offset=64.0, container=129.6)
[WARN] Layout overflow: '' extends outside parent 'review_changed_files' bounds (child_rel=[0.0,64.0], child_size=[214.0,76.0], child_end=[214.0,140.0], parent_size=[214.0,129.6], gap=0.0, start_offset=0.0)
[WARN] Layout wrap: 'commit_files_scroll' in parent 'review_changed_files' - NoWrap set but would overflow (child_size=0.0, offset=140.0, container=129.6)
[WARN] Layout overflow: 'commit_files_scroll' extends outside parent 'review_changed_files' bounds (child_rel=[0.0,140.0], child_size=[214.0,0.0], child_end=[214.0,140.0], parent_size=[214.0,129.6], gap=0.0, start_offset=0.0)
[WARN] Layout wrap: '' in parent '' - NoWrap set but would overflow (child_size=192.0, offset=16.0, container=146.0)
[WARN] Layout overflow: '' extends outside parent '' bounds (child_rel=[16.0,4.0], child_size=[192.0,40.0], child_end=[208.0,44.0], parent_size=[146.0,48.0], gap=16.0, start_offset=0.0)
[WARN] Layout wrap: 'Review' in parent 'sidebar_review' - NoWrap set but would overflow (child_size=77.0, offset=44.0, container=73.0)
[WARN] Layout overflow: 'Review' extends outside parent 'sidebar_review' bounds (child_rel=[44.0,0.0], child_size=[77.0,52.0], child_end=[121.0,52.0], parent_size=[73.0,52.0], gap=12.0, start_offset=0.0)
[WARN] Layout wrap: 'Files' in parent 'sidebar_working_files' - NoWrap set but would overflow (child_size=50.0, offset=44.0, container=73.0)
[WARN] Layout overflow: 'Files' extends outside parent 'sidebar_working_files' bounds (child_rel=[44.0,0.0], child_size=[50.0,52.0], child_end=[94.0,52.0], parent_size=[73.0,52.0], gap=12.0, start_offset=0.0)
[WARN] Layout wrap: '' in parent 'review_changed_files' - NoWrap set but would overflow (child_size=76.0, offset=64.0, container=129.6)
[WARN] Layout overflow: '' extends outside parent 'review_changed_files' bounds (child_rel=[0.0,64.0], child_size=[214.0,76.0], child_end=[214.0,140.0], parent_size=[214.0,129.6], gap=0.0, start_offset=0.0)
[WARN] Layout wrap: 'commit_files_scroll' in parent 'review_changed_files' - NoWrap set but would overflow (child_size=0.0, offset=140.0, container=129.6)
[WARN] Layout overflow: 'commit_files_scroll' extends outside parent 'review_changed_files' bounds (child_rel=[0.0,140.0], child_size=[214.0,0.0], child_end=[214.0,140.0], parent_size=[214.0,129.6], gap=0.0, start_offset=0.0)
[WARN] Layout wrap: '' in parent '' - NoWrap set but would overflow (child_size=192.0, offset=16.0, container=146.0)
[WARN] Layout overflow: '' extends outside parent '' bounds (child_rel=[16.0,4.0], child_size=[192.0,40.0], child_end=[208.0,44.0], parent_size=[146.0,48.0], gap=16.0, start_offset=0.0)
[WARN] Layout wrap: 'Review' in parent 'sidebar_review' - NoWrap set but would overflow (child_size=77.0, offset=44.0, container=73.0)
[WARN] Layout overflow: 'Review' extends outside parent 'sidebar_review' bounds (child_rel=[44.0,0.0], child_size=[77.0,52.0], child_end=[121.0,52.0], parent_size=[73.0,52.0], gap=12.0, start_offset=0.0)
[WARN] Layout wrap: 'Files' in parent 'sidebar_working_files' - NoWrap set but would overflow (child_size=50.0, offset=44.0, container=73.0)
[WARN] Layout overflow: 'Files' extends outside parent 'sidebar_working_files' bounds (child_rel=[44.0,0.0], child_size=[50.0,52.0], child_end=[94.0,52.0], parent_size=[73.0,52.0], gap=12.0, start_offset=0.0)
[WARN] Layout wrap: '' in parent 'review_changed_files' - NoWrap set but would overflow (child_size=76.0, offset=64.0, container=129.6)
[WARN] Layout overflow: '' extends outside parent 'review_changed_files' bounds (child_rel=[0.0,64.0], child_size=[214.0,76.0], child_end=[214.0,140.0], parent_size=[214.0,129.6], gap=0.0, start_offset=0.0)
[WARN] Layout wrap: 'commit_files_scroll' in parent 'review_changed_files' - NoWrap set but would overflow (child_size=0.0, offset=140.0, container=129.6)
[WARN] Layout overflow: 'commit_files_scroll' extends outside parent 'review_changed_files' bounds (child_rel=[0.0,140.0], child_size=[214.0,0.0], child_end=[214.0,140.0], parent_size=[214.0,129.6], gap=0.0, start_offset=0.0)
[WARN] Layout wrap: '' in parent '' - NoWrap set but would overflow (child_size=192.0, offset=16.0, container=146.0)
[WARN] Layout overflow: '' extends outside parent '' bounds (child_rel=[16.0,4.0], child_size=[192.0,40.0], child_end=[208.0,44.0], parent_size=[146.0,48.0], gap=16.0, start_offset=0.0)
[WARN] Layout wrap: 'Review' in parent 'sidebar_review' - NoWrap set but would overflow (child_size=77.0, offset=44.0, container=73.0)
[WARN] Layout overflow: 'Review' extends outside parent 'sidebar_review' bounds (child_rel=[44.0,0.0], child_size=[77.0,52.0], child_end=[121.0,52.0], parent_size=[73.0,52.0], gap=12.0, start_offset=0.0)
[WARN] Layout wrap: 'Files' in parent 'sidebar_working_files' - NoWrap set but would overflow (child_size=50.0, offset=44.0, container=73.0)
[WARN] Layout overflow: 'Files' extends outside parent 'sidebar_working_files' bounds (child_rel=[44.0,0.0], child_size=[50.0,52.0], child_end=[94.0,52.0], parent_size=[73.0,52.0], gap=12.0, start_offset=0.0)
[WARN] Layout wrap: '' in parent 'review_changed_files' - NoWrap set but would overflow (child_size=76.0, offset=64.0, container=129.6)
[WARN] Layout overflow: '' extends outside parent 'review_changed_files' bounds (child_rel=[0.0,64.0], child_size=[214.0,76.0], child_end=[214.0,140.0], parent_size=[214.0,129.6], gap=0.0, start_offset=0.0)
[WARN] Layout wrap: 'commit_files_scroll' in parent 'review_changed_files' - NoWrap set but would overflow (child_size=0.0, offset=140.0, container=129.6)
[WARN] Layout overflow: 'commit_files_scroll' extends outside parent 'review_changed_files' bounds (child_rel=[0.0,140.0], child_size=[214.0,0.0], child_end=[214.0,140.0], parent_size=[214.0,129.6], gap=0.0, start_offset=0.0)
[WARN] Layout wrap: '' in parent '' - NoWrap set but would overflow (child_size=192.0, offset=16.0, container=146.0)
[WARN] Layout overflow: '' extends outside parent '' bounds (child_rel=[16.0,4.0], child_size=[192.0,40.0], child_end=[208.0,44.0], parent_size=[146.0,48.0], gap=16.0, start_offset=0.0)
[WARN] Layout wrap: 'Review' in parent 'sidebar_review' - NoWrap set but would overflow (child_size=77.0, offset=44.0, container=73.0)
[WARN] Layout overflow: 'Review' extends outside parent 'sidebar_review' bounds (child_rel=[44.0,0.0], child_size=[77.0,52.0], child_end=[121.0,52.0], parent_size=[73.0,52.0], gap=12.0, start_offset=0.0)
[WARN] Layout wrap: 'Files' in parent 'sidebar_working_files' - NoWrap set but would overflow (child_size=50.0, offset=44.0, container=73.0)
[WARN] Layout overflow: 'Files' extends outside parent 'sidebar_working_files' bounds (child_rel=[44.0,0.0], child_size=[50.0,52.0], child_end=[94.0,52.0], parent_size=[73.0,52.0], gap=12.0, start_offset=0.0)
[WARN] Layout wrap: '' in parent 'review_changed_files' - NoWrap set but would overflow (child_size=76.0, offset=64.0, container=129.6)
[WARN] Layout overflow: '' extends outside parent 'review_changed_files' bounds (child_rel=[0.0,64.0], child_size=[214.0,76.0], child_end=[214.0,140.0], parent_size=[214.0,129.6], gap=0.0, start_offset=0.0)
[WARN] Layout wrap: 'commit_files_scroll' in parent 'review_changed_files' - NoWrap set but would overflow (child_size=0.0, offset=140.0, container=129.6)
[WARN] Layout overflow: 'commit_files_scroll' extends outside parent 'review_changed_files' bounds (child_rel=[0.0,140.0], child_size=[214.0,0.0], child_end=[214.0,140.0], parent_size=[214.0,129.6], gap=0.0, start_offset=0.0)
[WARN] Layout wrap: '' in parent '' - NoWrap set but would overflow (child_size=192.0, offset=16.0, container=146.0)
[WARN] Layout overflow: '' extends outside parent '' bounds (child_rel=[16.0,4.0], child_size=[192.0,40.0], child_end=[208.0,44.0], parent_size=[146.0,48.0], gap=16.0, start_offset=0.0)
[WARN] Layout wrap: 'Review' in parent 'sidebar_review' - NoWrap set but would overflow (child_size=77.0, offset=44.0, container=73.0)
[WARN] Layout overflow: 'Review' extends outside parent 'sidebar_review' bounds (child_rel=[44.0,0.0], child_size=[77.0,52.0], child_end=[121.0,52.0], parent_size=[73.0,52.0], gap=12.0, start_offset=0.0)
[WARN] Layout wrap: 'Files' in parent 'sidebar_working_files' - NoWrap set but would overflow (child_size=50.0, offset=44.0, container=73.0)
[WARN] Layout overflow: 'Files' extends outside parent 'sidebar_working_files' bounds (child_rel=[44.0,0.0], child_size=[50.0,52.0], child_end=[94.0,52.0], parent_size=[73.0,52.0], gap=12.0, start_offset=0.0)
[WARN] Layout wrap: '' in parent 'review_changed_files' - NoWrap set but would overflow (child_size=76.0, offset=64.0, container=129.6)
[WARN] Layout overflow: '' extends outside parent 'review_changed_files' bounds (child_rel=[0.0,64.0], child_size=[214.0,76.0], child_end=[214.0,140.0], parent_size=[214.0,129.6], gap=0.0, start_offset=0.0)
[WARN] Layout wrap: 'commit_files_scroll' in parent 'review_changed_files' - NoWrap set but would overflow (child_size=0.0, offset=140.0, container=129.6)
[WARN] Layout overflow: 'commit_files_scroll' extends outside parent 'review_changed_files' bounds (child_rel=[0.0,140.0], child_size=[214.0,0.0], child_end=[214.0,140.0], parent_size=[214.0,129.6], gap=0.0, start_offset=0.0)
[WARN] Layout wrap: '' in parent '' - NoWrap set but would overflow (child_size=192.0, offset=16.0, container=146.0)
[WARN] Layout overflow: '' extends outside parent '' bounds (child_rel=[16.0,4.0], child_size=[192.0,40.0], child_end=[208.0,44.0], parent_size=[146.0,48.0], gap=16.0, start_offset=0.0)
[WARN] Layout wrap: 'Review' in parent 'sidebar_review' - NoWrap set but would overflow (child_size=77.0, offset=44.0, container=73.0)
[WARN] Layout overflow: 'Review' extends outside parent 'sidebar_review' bounds (child_rel=[44.0,0.0], child_size=[77.0,52.0], child_end=[121.0,52.0], parent_size=[73.0,52.0], gap=12.0, start_offset=0.0)
[WARN] Layout wrap: 'Files' in parent 'sidebar_working_files' - NoWrap set but would overflow (child_size=50.0, offset=44.0, container=73.0)
[WARN] Layout overflow: 'Files' extends outside parent 'sidebar_working_files' bounds (child_rel=[44.0,0.0], child_size=[50.0,52.0], child_end=[94.0,52.0], parent_size=[73.0,52.0], gap=12.0, start_offset=0.0)
[WARN] Layout wrap: '' in parent 'review_changed_files' - NoWrap set but would overflow (child_size=76.0, offset=64.0, container=129.6)
[WARN] Layout overflow: '' extends outside parent 'review_changed_files' bounds (child_rel=[0.0,64.0], child_size=[214.0,76.0], child_end=[214.0,140.0], parent_size=[214.0,129.6], gap=0.0, start_offset=0.0)
[WARN] Layout wrap: 'commit_files_scroll' in parent 'review_changed_files' - NoWrap set but would overflow (child_size=0.0, offset=140.0, container=129.6)
[WARN] Layout overflow: 'commit_files_scroll' extends outside parent 'review_changed_files' bounds (child_rel=[0.0,140.0], child_size=[214.0,0.0], child_end=[214.0,140.0], parent_size=[214.0,129.6], gap=0.0, start_offset=0.0)
[WARN] Layout wrap: '' in parent '' - NoWrap set but would overflow (child_size=192.0, offset=16.0, container=146.0)
[WARN] Layout overflow: '' extends outside parent '' bounds (child_rel=[16.0,4.0], child_size=[192.0,40.0], child_end=[208.0,44.0], parent_size=[146.0,48.0], gap=16.0, start_offset=0.0)
[INFO] bench_frames: 120 frames, 240 entities: avg 1.22 ms  p50 1.11  p99 1.88  max 2.41
[INFO]     0.44 ms/frame  ecs::MainContentSystem
[INFO]     0.21 ms/frame  afterhours::ui::UIPluginRenderBridge<InputAction>
[INFO]     0.16 ms/frame  afterhours::ui::UIPluginPostUpdateBridge<InputAction>
[INFO]     0.07 ms/frame  ecs::SidebarSystem
[INFO]     0.03 ms/frame  ecs::TabSyncSystem
[INFO]     0.02 ms/frame  afterhours::ui::validation::ValidateComponentContrast
[INFO]     0.01 ms/frame  ecs::MenuBarSystem
[INFO]     0.01 ms/frame  ecs::StatusBarSystem
[WARN] Layout wrap: 'Review' in parent 'sidebar_review' - NoWrap set but would overflow (child_size=77.0, offset=44.0, container=73.0)
[WARN] Layout overflow: 'Review' extends outside parent 'sidebar_review' bounds (child_rel=[44.0,0.0], child_size=[77.0,52.0], child_end=[121.0,52.0], parent_size=[73.0,52.0], gap=12.0, start_offset=0.0)
[WARN] Layout wrap: 'Files' in parent 'sidebar_working_files' - NoWrap set but would overflow (child_size=50.0, offset=44.0, container=73.0)
[WARN] Layout overflow: 'Files' extends outside parent 'sidebar_working_files' bounds (child_rel=[44.0,0.0], child_size=[50.0,52.0], child_end=[94.0,52.0], parent_size=[73.0,52.0], gap=12.0, start_offset=0.0)
[WARN] Layout wrap: '' in parent 'review_changed_files' - NoWrap set but would overflow (child_size=76.0, offset=64.0, container=129.6)
[WARN] Layout overflow: '' extends outside parent 'review_changed_files' bounds (child_rel=[0.0,64.0], child_size=[214.0,76.0], child_end=[214.0,140.0], parent_size=[214.0,129.6], gap=0.0, start_offset=0.0)
[WARN] Layout wrap: 'commit_files_scroll' in parent 'review_changed_files' - NoWrap set but would overflow (child_size=0.0, offset=140.0, container=129.6)
[WARN] Layout overflow: 'commit_files_scroll' extends outside parent 'review_changed_files' bounds (child_rel=[0.0,140.0], child_size=[214.0,0.0], child_end=[214.0,140.0], parent_size=[214.0,129.6], gap=0.0, start_offset=0.0)
[WARN] Layout wrap: '' in parent '' - NoWrap set but would overflow (child_size=192.0, offset=16.0, container=146.0)
[WARN] Layout overflow: '' extends outside parent '' bounds (child_rel=[16.0,4.0], child_size=[192.0,40.0], child_end=[208.0,44.0], parent_size=[146.0,48.0], gap=16.0, start_offset=0.0)
[WARN] Layout wrap: 'Review' in parent 'sidebar_review' - NoWrap set but would overflow (child_size=77.0, offset=44.0, container=73.0)
[WARN] Layout overflow: 'Review' extends outside parent 'sidebar_review' bounds (child_rel=[44.0,0.0], child_size=[77.0,52.0], child_end=[121.0,52.0], parent_size=[73.0,52.0], gap=12.0, start_offset=0.0)
[WARN] Layout wrap: 'Files' in parent 'sidebar_working_files' - NoWrap set but would overflow (child_size=50.0, offset=44.0, container=73.0)
[WARN] Layout overflow: 'Files' extends outside parent 'sidebar_working_files' bounds (child_rel=[44.0,0.0], child_size=[50.0,52.0], child_end=[94.0,52.0], parent_size=[73.0,52.0], gap=12.0, start_offset=0.0)
[WARN] Layout wrap: '' in parent 'review_changed_files' - NoWrap set but would overflow (child_size=76.0, offset=64.0, container=129.6)
[WARN] Layout overflow: '' extends outside parent 'review_changed_files' bounds (child_rel=[0.0,64.0], child_size=[214.0,76.0], child_end=[214.0,140.0], parent_size=[214.0,129.6], gap=0.0, start_offset=0.0)
[WARN] Layout wrap: 'commit_files_scroll' in parent 'review_changed_files' - NoWrap set but would overflow (child_size=0.0, offset=140.0, container=129.6)
[WARN] Layout overflow: 'commit_files_scroll' extends outside parent 'review_changed_files' bounds (child_rel=[0.0,140.0], child_size=[214.0,0.0], child_end=[214.0,140.0], parent_size=[214.0,129.6], gap=0.0, start_offset=0.0)
[WARN] Layout wrap: '' in parent '' - NoWrap set but would overflow (child_size=192.0, offset=16.0, container=146.0)
[WARN] Layout overflow: '' extends outside parent '' bounds (child_rel=[16.0,4.0], child_size=[192.0,40.0], child_end=[208.0,44.0], parent_size=[146.0,48.0], gap=16.0, start_offset=0.0)
[WARN] Layout wrap: 'Review' in parent 'sidebar_review' - NoWrap set but would overflow (child_size=77.0, offset=44.0, container=73.0)
[WARN] Layout overflow: 'Review' extends outside parent 'sidebar_review' bounds (child_rel=[44.0,0.0], child_size=[77.0,52.0], child_end=[121.0,52.0], parent_size=[73.0,52.0], gap=12.0, start_offset=0.0)
[WARN] Layout wrap: 'Files' in parent 'sidebar_working_files' - NoWrap set but would overflow (child_size=50.0, offset=44.0, container=73.0)
[WARN] Layout overflow: 'Files' extends outside parent 'sidebar_working_files' bounds (child_rel=[44.0,0.0], child_size=[50.0,52.0], child_end=[94.0,52.0], parent_size=[73.0,52.0], gap=12.0, start_offset=0.0)
[WARN] Layout wrap: '' in parent 'review_changed_files' - NoWrap set but would overflow (child_size=76.0, offset=64.0, container=129.6)
[WARN] Layout overflow: '' extends outside parent 'review_changed_files' bounds (child_rel=[0.0,64.0], child_size=[214.0,76.0], child_end=[214.0,140.0], parent_size=[214.0,129.6], gap=0.0, start_offset=0.0)
[WARN] Layout wrap: 'commit_files_scroll' in parent 'review_changed_files' - NoWrap set but would overflow (child_size=0.0, offset=140.0, container=129.6)
[WARN] Layout overflow: 'commit_files_scroll' extends outside parent 'review_changed_files' bounds (child_rel=[0.0,140.0], child_size=[214.0,0.0], child_end=[214.0,140.0], parent_size=[214.0,129.6], gap=0.0, start_offset=0.0)
[WARN] Layout wrap: '' in parent '' - NoWrap set but would overflow (child_size=192.0, offset=16.0, container=146.0)
[WARN] Layout overflow: '' extends outside parent '' bounds (child_rel=[16.0,4.0], child_size=[192.0,40.0], child_end=[208.0,44.0], parent_size=[146.0,48.0], gap=16.0, start_offset=0.0)
[WARN] Layout wrap: 'Review' in parent 'sidebar_review' - NoWrap set but would overflow (child_size=77.0, offset=44.0, container=73.0)
[WARN] Layout overflow: 'Review' extends outside parent 'sidebar_review' bounds (child_rel=[44.0,0.0], child_size=[77.0,52.0], child_end=[121.0,52.0], parent_size=[73.0,52.0], gap=12.0, start_offset=0.0)
[WARN] Layout wrap: 'Files' in parent 'sidebar_working_files' - NoWrap set but would overflow (child_size=50.0, offset=44.0, container=73.0)
[WARN] Layout overflow: 'Files' extends outside parent 'sidebar_working_files' bounds (child_rel=[44.0,0.0], child_size=[50.0,52.0], child_end=[94.0,52.0], parent_size=[73.0,52.0], gap=12.0, start_offset=0.0)
[WARN] Layout wrap: '' in parent 'review_changed_files' - NoWrap set but would overflow (child_size=76.0, offset=64.0, container=129.6)
[WARN] Layout overflow: '' extends outside parent 'review_changed_files' bounds (child_rel=[0.0,64.0], child_size=[214.0,76.0], child_end=[214.0,140.0], parent_size=[214.0,129.6], gap=0.0, start_offset=0.0)
[WARN] Layout wrap: 'commit_files_scroll' in parent 'review_changed_files' - NoWrap set but would overflow (child_size=0.0, offset=140.0, container=129.6)
[WARN] Layout overflow: 'commit_files_scroll' extends outside parent 'review_changed_files' bounds (child_rel=[0.0,140.0], child_size=[214.0,0.0], child_end=[214.0,140.0], parent_size=[214.0,129.6], gap=0.0, start_offset=0.0)
[WARN] Layout wrap: '' in parent '' - NoWrap set but would overflow (child_size=192.0, offset=16.0, container=146.0)
[WARN] Layout overflow: '' extends outside parent '' bounds (child_rel=[16.0,4.0], child_size=[192.0,40.0], child_end=[208.0,44.0], parent_size=[146.0,48.0], gap=16.0, start_offset=0.0)
[INFO] expect_p99_below: 1.88ms <= 20.00ms (PASS)
[WARN] Layout wrap: 'Review' in parent 'sidebar_review' - NoWrap set but would overflow (child_size=77.0, offset=44.0, container=73.0)
[WARN] Layout overflow: 'Review' extends outside parent 'sidebar_review' bounds (child_rel=[44.0,0.0], child_size=[77.0,52.0], child_end=[121.0,52.0], parent_size=[73.0,52.0], gap=12.0, start_offset=0.0)
[WARN] Layout wrap: 'Files' in parent 'sidebar_working_files' - NoWrap set but would overflow (child_size=50.0, offset=44.0, container=73.0)
[WARN] Layout overflow: 'Files' extends outside parent 'sidebar_working_files' bounds (child_rel=[44.0,0.0], child_size=[50.0,52.0], child_end=[94.0,52.0], parent_size=[73.0,52.0], gap=12.0, start_offset=0.0)
[WARN] Layout wrap: '' in parent 'review_changed_files' - NoWrap set but would overflow (child_size=76.0, offset=64.0, container=129.6)
[WARN] Layout overflow: '' extends outside parent 'review_changed_files' bounds (child_rel=[0.0,64.0], child_size=[214.0,76.0], child_end=[214.0,140.0], parent_size=[214.0,129.6], gap=0.0, start_offset=0.0)
[WARN] Layout wrap: 'commit_files_scroll' in parent 'review_changed_files' - NoWrap set but would overflow (child_size=0.0, offset=140.0, container=129.6)
[WARN] Layout overflow: 'commit_files_scroll' extends outside parent 'review_changed_files' bounds (child_rel=[0.0,140.0], child_size=[214.0,0.0], child_end=[214.0,140.0], parent_size=[214.0,129.6], gap=0.0, start_offset=0.0)
[WARN] Layout wrap: '' in parent '' - NoWrap set but would overflow (child_size=192.0, offset=16.0, container=146.0)
[WARN] Layout overflow: '' extends outside parent '' bounds (child_rel=[16.0,4.0], child_size=[192.0,40.0], child_end=[208.0,44.0], parent_size=[146.0,48.0], gap=16.0, start_offset=0.0)
[WARN] Layout wrap: 'Review' in parent 'sidebar_review' - NoWrap set but would overflow (child_size=77.0, offset=44.0, container=73.0)
[WARN] Layout overflow: 'Review' extends outside parent 'sidebar_review' bounds (child_rel=[44.0,0.0], child_size=[77.0,52.0], child_end=[121.0,52.0], parent_size=[73.0,52.0], gap=12.0, start_offset=0.0)
[WARN] Layout wrap: 'Files' in parent 'sidebar_working_files' - NoWrap set but would overflow (child_size=50.0, offset=44.0, container=73.0)
[WARN] Layout overflow: 'Files' extends outside parent 'sidebar_working_files' bounds (child_rel=[44.0,0.0], child_size=[50.0,52.0], child_end=[94.0,52.0], parent_size=[73.0,52.0], gap=12.0, start_offset=0.0)
[WARN] Layout wrap: '' in parent 'review_changed_files' - NoWrap set but would overflow (child_size=76.0, offset=64.0, container=129.6)
[WARN] Layout overflow: '' extends outside parent 'review_changed_files' bounds (child_rel=[0.0,64.0], child_size=[214.0,76.0], child_end=[214.0,140.0], parent_size=[214.0,129.6], gap=0.0, start_offset=0.0)
[WARN] Layout wrap: 'commit_files_scroll' in parent 'review_changed_files' - NoWrap set but would overflow (child_size=0.0, offset=140.0, container=129.6)
[WARN] Layout overflow: 'commit_files_scroll' extends outside parent 'review_changed_files' bounds (child_rel=[0.0,140.0], child_size=[214.0,0.0], child_end=[214.0,140.0], parent_size=[214.0,129.6], gap=0.0, start_offset=0.0)
[WARN] Layout wrap: '' in parent '' - NoWrap set but would overflow (child_size=192.0, offset=16.0, container=146.0)
[WARN] Layout overflow: '' extends outside parent '' bounds (child_rel=[16.0,4.0], child_size=[192.0,40.0], child_end=[208.0,44.0], parent_size=[146.0,48.0], gap=16.0, start_offset=0.0)
[WARN] Layout wrap: 'Review' in parent 'sidebar_review' - NoWrap set but would overflow (child_size=77.0, offset=44.0, container=73.0)
[WARN] Layout overflow: 'Review' extends outside parent 'sidebar_review' bounds (child_rel=[44.0,0.0], child_size=[77.0,52.0], child_end=[121.0,52.0], parent_size=[73.0,52.0], gap=12.0, start_offset=0.0)
[WARN] Layout wrap: 'Files' in parent 'sidebar_working_files' - NoWrap set but would overflow (child_size=50.0, offset=44.0, container=73.0)
[WARN] Layout overflow: 'Files' extends outside parent 'sidebar_working_files' bounds (child_rel=[44.0,0.0], child_size=[50.0,52.0], child_end=[94.0,52.0], parent_size=[73.0,52.0], gap=12.0, start_offset=0.0)
[WARN] Layout wrap: '' in parent 'review_changed_files' - NoWrap set but would overflow (child_size=76.0, offset=64.0, container=129.6)
[WARN] Layout overflow: '' extends outside parent 'review_changed_files' bounds (child_rel=[0.0,64.0], child_size=[214.0,76.0], child_end=[214.0,140.0], parent_size=[214.0,129.6], gap=0.0, start_offset=0.0)
[WARN] Layout wrap: 'commit_files_scroll' in parent 'review_changed_files' - NoWrap set but would overflow (child_size=0.0, offset=140.0, container=129.6)
[WARN] Layout overflow: 'commit_files_scroll' extends outside parent 'review_changed_files' bounds (child_rel=[0.0,140.0], child_size=[214.0,0.0], child_end=[214.0,140.0], parent_size=[214.0,129.6], gap=0.0, start_offset=0.0)
[WARN] Layout wrap: '' in parent '' - NoWrap set but would overflow (child_size=192.0, offset=16.0, container=146.0)
[WARN] Layout overflow: '' extends outside parent '' bounds (child_rel=[16.0,4.0], child_size=[192.0,40.0], child_end=[208.0,44.0], parent_size=[146.0,48.0], gap=16.0, start_offset=0.0)
[INFO] E2E finished in 4.00 seconds
