[INFO] Process start to main: 29 ms
[INFO] Registered singleton 0 for afterhours::files::ProvidesResourcePaths (0)
[INFO] Settings loaded from /Users/gabeochoa/Library/Application Support/floatinghotel/settings.json
[INFO] Pre-graphics init: 6 ms
[INFO]   Window+GPU init: 102 ms
[INFO] Registered singleton 1 for afterhours::input::InputCollector (1)
[INFO] Registered singleton 1 for afterhours::input::ProvidesMaxGamepadID (2)
[INFO] Registered singleton 1 for afterhours::input::ProvidesInputMapping (3)
[INFO] Registered singleton 1 for afterhours::input::ProvidesInputConfig (4)
[WARN] try_load_gamepad_mappings: no backend configured
[INFO] Registered singleton 1 for afterhours::window_manager::ProvidesTargetFPS (5)
[INFO] Registered singleton 1 for afterhours::window_manager::ProvidesCurrentResolution (6)
[INFO] Registered singleton 1 for afterhours::window_manager::ProvidesAvailableWindowResolutions (7)
[INFO] Registered singleton 2 for afterhours::ui::UIContext<InputAction> (8)
[INFO] Registered singleton 2 for afterhours::ui::FontManager (9)
[INFO] Registered singleton 2 for afterhours::ui::TextMeasureCache (10)
[INFO] Registered singleton 2 for afterhours::ui::UIEntityMappingCache (11)
[INFO] Registered singleton 2 for afterhours::ui::DragGroupState (12)
[INFO]   Preload+fonts: 0 ms
[INFO] Registered singleton 6 for afterhours::modal::ModalRoot (28)
[INFO] Registered singleton 7 for afterhours::ui::TooltipState (29)
[INFO]   Systems registration: 0 ms
[INFO] Startup time: 102 ms (from graphics::run to app_init done)
[INFO] [Validation] No UI violations detected
[INFO] git: 65 ms (waited 0 ms for lock): git ls-files
[INFO] git: 66 ms (waited 0 ms for lock): git log
[INFO] commits loaded: 1 commits, 66 ms after refresh requested, 213 ms since process start
[INFO] git: 66 ms (waited 0 ms for lock): git status
[INFO] refresh: status ready at 67 ms
[INFO] git: 81 ms (waited 0 ms for lock): git diff
[INFO] refresh: diff ready at 148 ms
[INFO] git: 82 ms (waited 0 ms for lock): git branch
[INFO] git: 82 ms (waited 0 ms for lock): git diff
[INFO] refresh: branches ready at 156 ms
[INFO] refresh: done in 156 ms
[WARN] Layout wrap: 'recent_path' in parent 'recent_repo_afterhours' - NoWrap set but would overflow (child_size=24.0, offset=28.0, container=38.9)
[WARN] Layout overflow: 'recent_path' extends outside parent 'recent_repo_afterhours' bounds (child_rel=[0.0,28.0], child_size=[470.0,24.0], child_end=[470.0,52.0], parent_size=[470.0,38.9], gap=0.0, start_offset=0.0)
[WARN] Layout wrap: 'recent_path' in parent 'recent_repo_floatinghotel_test_repo' - NoWrap set but would overflow (child_size=24.0, offset=28.0, container=38.9)
[WARN] Layout overflow: 'recent_path' extends outside parent 'recent_repo_floatinghotel_test_repo' bounds (child_rel=[0.0,28.0], child_size=[470.0,24.0], child_end=[470.0,52.0], parent_size=[470.0,38.9], gap=0.0, start_offset=0.0)
[WARN] Layout wrap: 'recent_path' in parent 'recent_repo_fixture_repo' - NoWrap set but would overflow (child_size=24.0, offset=28.0, container=38.9)
[WARN] Layout overflow: 'recent_path' extends outside parent 'recent_repo_fixture_repo' bounds (child_rel=[0.0,28.0], child_size=[470.0,24.0], child_end=[470.0,52.0], parent_size=[470.0,38.9], gap=0.0, start_offset=0.0)
[WARN] Layout wrap: 'recent_path' in parent 'recent_repo_.' - NoWrap set but would overflow (child_size=24.0, offset=28.0, container=38.9)
[WARN] Layout overflow: 'recent_path' extends outside parent 'recent_repo_.' bounds (child_rel=[0.0,28.0], child_size=[470.0,24.0], child_end=[470.0,52.0], parent_size=[470.0,38.9], gap=0.0, start_offset=0.0)
[WARN] Layout wrap: 'recent_path' in parent 'recent_repo_floatinghotel' - NoWrap set but would overflow (child_size=24.0, offset=28.0, container=38.9)
[WARN] Layout overflow: 'recent_path' extends outside parent 'recent_repo_floatinghotel' bounds (child_rel=[0.0,28.0], child_size=[470.0,24.0], child_end=[470.0,52.0], parent_size=[470.0,38.9], gap=0.0, start_offset=0.0)
[WARN] Layout wrap: 'recent_path' in parent 'recent_repo_.' - NoWrap set but would overflow (child_size=24.0, offset=28.0, container=38.9)
[WARN] Layout overflow: 'recent_path' extends outside parent 'recent_repo_.' bounds (child_rel=[0.0,28.0], child_size=[470.0,24.0], child_end=[470.0,52.0], parent_size=[470.0,38.9], gap=0.0, start_offset=0.0)
[WARN] Layout wrap: 'recent_path' in parent 'recent_repo_fhclone' - NoWrap set but would overflow (child_size=24.0, offset=28.0, container=38.9)
[WARN] Layout overflow: 'recent_path' extends outside parent 'recent_repo_fhclone' bounds (child_rel=[0.0,28.0], child_size=[470.0,24.0], child_end=[470.0,52.0], parent_size=[470.0,38.9], gap=0.0, start_offset=0.0)
[WARN] Layout wrap: 'recent_path' in parent 'recent_repo_.' - NoWrap set but would overflow (child_size=24.0, offset=28.0, container=38.9)
[WARN] Layout overflow: 'recent_path' extends outside parent 'recent_repo_.' bounds (child_rel=[0.0,28.0], child_size=[470.0,24.0], child_end=[470.0,52.0], parent_size=[470.0,38.9], gap=0.0, start_offset=0.0)
[WARN] Layout wrap: 'recent_path' in parent 'recent_repo_.' - NoWrap set but would overflow (child_size=24.0, offset=28.0, container=38.9)
[WARN] Layout overflow: 'recent_path' extends outside parent 'recent_repo_.' bounds (child_rel=[0.0,28.0], child_size=[470.0,24.0], child_end=[470.0,52.0], parent_size=[470.0,38.9], gap=0.0, start_offset=0.0)
[WARN] Layout wrap: 'recent_path' in parent 'recent_repo_afterhours' - NoWrap set but would overflow (child_size=24.0, offset=28.0, container=38.9)
[WARN] Layout overflow: 'recent_path' extends outside parent 'recent_repo_afterhours' bounds (child_rel=[0.0,28.0], child_size=[470.0,24.0], child_end=[470.0,52.0], parent_size=[470.0,38.9], gap=0.0, start_offset=0.0)
[WARN] Layout wrap: 'recent_path' in parent 'recent_repo_floatinghotel_test_repo' - NoWrap set but would overflow (child_size=24.0, offset=28.0, container=38.9)
[WARN] Layout overflow: 'recent_path' extends outside parent 'recent_repo_floatinghotel_test_repo' bounds (child_rel=[0.0,28.0], child_size=[470.0,24.0], child_end=[470.0,52.0], parent_size=[470.0,38.9], gap=0.0, start_offset=0.0)
[WARN] Layout wrap: 'recent_path' in parent 'recent_repo_fixture_repo' - NoWrap set but would overflow (child_size=24.0, offset=28.0, container=38.9)
[WARN] Layout overflow: 'recent_path' extends outside parent 'recent_repo_fixture_repo' bounds (child_rel=[0.0,28.0], child_size=[470.0,24.0], child_end=[470.0,52.0], parent_size=[470.0,38.9], gap=0.0, start_offset=0.0)
[WARN] Layout wrap: 'recent_path' in parent 'recent_repo_.' - NoWrap set but would overflow (child_size=24.0, offset=28.0, container=38.9)
[WARN] Layout overflow: 'recent_path' extends outside parent 'recent_repo_.' bounds (child_rel=[0.0,28.0], child_size=[470.0,24.0], child_end=[470.0,52.0], parent_size=[470.0,38.9], gap=0.0, start_offset=0.0)
[WARN] Layout wrap: 'recent_path' in parent 'recent_repo_floatinghotel' - NoWrap set but would overflow (child_size=24.0, offset=28.0, container=38.9)
[WARN] Layout overflow: 'recent_path' extends outside parent 'recent_repo_floatinghotel' bounds (child_rel=[0.0,28.0], child_size=[470.0,24.0], child_end=[470.0,52.0], parent_size=[470.0,38.9], gap=0.0, start_offset=0.0)
[WARN] Layout wrap: 'recent_path' in parent 'recent_repo_.' - NoWrap set but would overflow (child_size=24.0, offset=28.0, container=38.9)
[WARN] Layout overflow: 'recent_path' extends outside parent 'recent_repo_.' bounds (child_rel=[0.0,28.0], child_size=[470.0,24.0], child_end=[470.0,52.0], parent_size=[470.0,38.9], gap=0.0, start_offset=0.0)
[WARN] Layout wrap: 'recent_path' in parent 'recent_repo_fhclone' - NoWrap set but would overflow (child_size=24.0, offset=28.0, container=38.9)
[WARN] Layout overflow: 'recent_path' extends outside parent 'recent_repo_fhclone' bounds (child_rel=[0.0,28.0], child_size=[470.0,24.0], child_end=[470.0,52.0], parent_size=[470.0,38.9], gap=0.0, start_offset=0.0)
[WARN] Layout wrap: 'recent_path' in parent 'recent_repo_.' - NoWrap set but would overflow (child_size=24.0, offset=28.0, container=38.9)
[WARN] Layout overflow: 'recent_path' extends outside parent 'recent_repo_.' bounds (child_rel=[0.0,28.0], child_size=[470.0,24.0], child_end=[470.0,52.0], parent_size=[470.0,38.9], gap=0.0, start_offset=0.0)
[WARN] Layout wrap: 'recent_path' in parent 'recent_repo_.' - NoWrap set but would overflow (child_size=24.0, offset=28.0, container=38.9)
[WARN] Layout overflow: 'recent_path' extends outside parent 'recent_repo_.' bounds (child_rel=[0.0,28.0], child_size=[470.0,24.0], child_end=[470.0,52.0], parent_size=[470.0,38.9], gap=0.0, start_offset=0.0)
[WARN] Layout wrap: 'recent_path' in parent 'recent_repo_afterhours' - NoWrap set but would overflow (child_size=24.0, offset=28.0, container=38.9)
[WARN] Layout overflow: 'recent_path' extends outside parent 'recent_repo_afterhours' bounds (child_rel=[0.0,28.0], child_size=[470.0,24.0], child_end=[470.0,52.0], parent_size=[470.0,38.9], gap=0.0, start_offset=0.0)
[WARN] Layout wrap: 'recent_path' in parent 'recent_repo_floatinghotel_test_repo' - NoWrap set but would overflow (child_size=24.0, offset=28.0, container=38.9)
[WARN] Layout overflow: 'recent_path' extends outside parent 'recent_repo_floatinghotel_test_repo' bounds (child_rel=[0.0,28.0], child_size=[470.0,24.0], child_end=[470.0,52.0], parent_size=[470.0,38.9], gap=0.0, start_offset=0.0)
[WARN] Layout wrap: 'recent_path' in parent 'recent_repo_fixture_repo' - NoWrap set but would overflow (child_size=24.0, offset=28.0, container=38.9)
[WARN] Layout overflow: 'recent_path' extends outside parent 'recent_repo_fixture_repo' bounds (child_rel=[0.0,28.0], child_size=[470.0,24.0], child_end=[470.0,52.0], parent_size=[470.0,38.9], gap=0.0, start_offset=0.0)
[WARN] Layout wrap: 'recent_path' in parent 'recent_repo_.' - NoWrap set but would overflow (child_size=24.0, offset=28.0, container=38.9)
[WARN] Layout overflow: 'recent_path' extends outside parent 'recent_repo_.' bounds (child_rel=[0.0,28.0], child_size=[470.0,24.0], child_end=[470.0,52.0], parent_size=[470.0,38.9], gap=0.0, start_offset=0.0)
[WARN] Layout wrap: 'recent_path' in parent 'recent_repo_floatinghotel' - NoWrap set but would overflow (child_size=24.0, offset=28.0, container=38.9)
[WARN] Layout overflow: 'recent_path' extends outside parent 'recent_repo_floatinghotel' bounds (child_rel=[0.0,28.0], child_size=[470.0,24.0], child_end=[470.0,52.0], parent_size=[470.0,38.9], gap=0.0, start_offset=0.0)
[WARN] Layout wrap: 'recent_path' in parent 'recent_repo_.' - NoWrap set but would overflow (child_size=24.0, offset=28.0, container=38.9)
[WARN] Layout overflow: 'recent_path' extends outside parent 'recent_repo_.' bounds (child_rel=[0.0,28.0], child_size=[470.0,24.0], child_end=[470.0,52.0], parent_size=[470.0,38.9], gap=0.0, start_offset=0.0)
[WARN] Layout wrap: 'recent_path' in parent 'recent_repo_fhclone' - NoWrap set but would overflow (child_size=24.0, offset=28.0, container=38.9)
[WARN] Layout overflow: 'recent_path' extends outside parent 'recent_repo_fhclone' bounds (child_rel=[0.0,28.0], child_size=[470.0,24.0], child_end=[470.0,52.0], parent_size=[470.0,38.9], gap=0.0, start_offset=0.0)
[WARN] Layout wrap: 'recent_path' in parent 'recent_repo_.' - NoWrap set but would overflow (child_size=24.0, offset=28.0, container=38.9)
[WARN] Layout overflow: 'recent_path' extends outside parent 'recent_repo_.' bounds (child_rel=[0.0,28.0], child_size=[470.0,24.0], child_end=[470.0,52.0], parent_size=[470.0,38.9], gap=0.0, start_offset=0.0)
[WARN] Layout wrap: 'recent_path' in parent 'recent_repo_.' - NoWrap set but would overflow (child_size=24.0, offset=28.0, container=38.9)
[WARN] Layout overflow: 'recent_path' extends outside parent 'recent_repo_.' bounds (child_rel=[0.0,28.0], child_size=[470.0,24.0], child_end=[470.0,52.0], parent_size=[470.0,38.9], gap=0.0, start_offset=0.0)
[WARN] Layout wrap: 'recent_path' in parent 'recent_repo_afterhours' - NoWrap set but would overflow (child_size=24.0, offset=28.0, container=38.9)
[WARN] Layout overflow: 'recent_path' extends outside parent 'recent_repo_afterhours' bounds (child_rel=[0.0,28.0], child_size=[470.0,24.0], child_end=[470.0,52.0], parent_size=[470.0,38.9], gap=0.0, start_offset=0.0)
[WARN] Layout wrap: 'recent_path' in parent 'recent_repo_floatinghotel_test_repo' - NoWrap set but would overflow (child_size=24.0, offset=28.0, container=38.9)
[WARN] Layout overflow: 'recent_path' extends outside parent 'recent_repo_floatinghotel_test_repo' bounds (child_rel=[0.0,28.0], child_size=[470.0,24.0], child_end=[470.0,52.0], parent_size=[470.0,38.9], gap=0.0, start_offset=0.0)
[WARN] Layout wrap: 'recent_path' in parent 'recent_repo_fixture_repo' - NoWrap set but would overflow (child_size=24.0, offset=28.0, container=38.9)
[WARN] Layout overflow: 'recent_path' extends outside parent 'recent_repo_fixture_repo' bounds (child_rel=[0.0,28.0], child_size=[470.0,24.0], child_end=[470.0,52.0], parent_size=[470.0,38.9], gap=0.0, start_offset=0.0)
[WARN] Layout wrap: 'recent_path' in parent 'recent_repo_.' - NoWrap set but would overflow (child_size=24.0, offset=28.0, container=38.9)
[WARN] Layout overflow: 'recent_path' extends outside parent 'recent_repo_.' bounds (child_rel=[0.0,28.0], child_size=[470.0,24.0], child_end=[470.0,52.0], parent_size=[470.0,38.9], gap=0.0, start_offset=0.0)
[WARN] Layout wrap: 'recent_path' in parent 'recent_repo_floatinghotel' - NoWrap set but would overflow (child_size=24.0, offset=28.0, container=38.9)
[WARN] Layout overflow: 'recent_path' extends outside parent 'recent_repo_floatinghotel' bounds (child_rel=[0.0,28.0], child_size=[470.0,24.0], child_end=[470.0,52.0], parent_size=[470.0,38.9], gap=0.0, start_offset=0.0)
[WARN] Layout wrap: 'recent_path' in parent 'recent_repo_.' - NoWrap set but would overflow (child_size=24.0, offset=28.0, container=38.9)
[WARN] Layout overflow: 'recent_path' extends outside parent 'recent_repo_.' bounds (child_rel=[0.0,28.0], child_size=[470.0,24.0], child_end=[470.0,52.0], parent_size=[470.0,38.9], gap=0.0, start_offset=0.0)
[WARN] Layout wrap: 'recent_path' in parent 'recent_repo_fhclone' - NoWrap set but would overflow (child_size=24.0, offset=28.0, container=38.9)
[WARN] Layout overflow: 'recent_path' extends outside parent 'recent_repo_fhclone' bounds (child_rel=[0.0,28.0], child_size=[470.0,24.0], child_end=[470.0,52.0], parent_size=[470.0,38.9], gap=0.0, start_offset=0.0)
[WARN] Layout wrap: 'recent_path' in parent 'recent_repo_.' - NoWrap set but would overflow (child_size=24.0, offset=28.0, container=38.9)
[WARN] Layout overflow: 'recent_path' extends outside parent 'recent_repo_.' bounds (child_rel=[0.0,28.0], child_size=[470.0,24.0], child_end=[470.0,52.0], parent_size=[470.0,38.9], gap=0.0, start_offset=0.0)
[WARN] Layout wrap: 'recent_path' in parent 'recent_repo_.' - NoWrap set but would overflow (child_size=24.0, offset=28.0, container=38.9)
[WARN] Layout overflow: 'recent_path' extends outside parent 'recent_repo_.' bounds (child_rel=[0.0,28.0], child_size=[470.0,24.0], child_end=[470.0,52.0], parent_size=[470.0,38.9], gap=0.0, start_offset=0.0)
[WARN] Layout wrap: 'recent_path' in parent 'recent_repo_afterhours' - NoWrap set but would overflow (child_size=24.0, offset=28.0, container=38.9)
[WARN] Layout overflow: 'recent_path' extends outside parent 'recent_repo_afterhours' bounds (child_rel=[0.0,28.0], child_size=[470.0,24.0], child_end=[470.0,52.0], parent_size=[470.0,38.9], gap=0.0, start_offset=0.0)
[WARN] Layout wrap: 'recent_path' in parent 'recent_repo_floatinghotel_test_repo' - NoWrap set but would overflow (child_size=24.0, offset=28.0, container=38.9)
[WARN] Layout overflow: 'recent_path' extends outside parent 'recent_repo_floatinghotel_test_repo' bounds (child_rel=[0.0,28.0], child_size=[470.0,24.0], child_end=[470.0,52.0], parent_size=[470.0,38.9], gap=0.0, start_offset=0.0)
[WARN] Layout wrap: 'recent_path' in parent 'recent_repo_fixture_repo' - NoWrap set but would overflow (child_size=24.0, offset=28.0, container=38.9)
[WARN] Layout overflow: 'recent_path' extends outside parent 'recent_repo_fixture_repo' bounds (child_rel=[0.0,28.0], child_size=[470.0,24.0], child_end=[470.0,52.0], parent_size=[470.0,38.9], gap=0.0, start_offset=0.0)
[WARN] Layout wrap: 'recent_path' in parent 'recent_repo_.' - NoWrap set but would overflow (child_size=24.0, offset=28.0, container=38.9)
[WARN] Layout overflow: 'recent_path' extends outside parent 'recent_repo_.' bounds (child_rel=[0.0,28.0], child_size=[470.0,24.0], child_end=[470.0,52.0], parent_size=[470.0,38.9], gap=0.0, start_offset=0.0)
[WARN] Layout wrap: 'recent_path' in parent 'recent_repo_floatinghotel' - NoWrap set but would overflow (child_size=24.0, offset=28.0, container=38.9)
[WARN] Layout overflow: 'recent_path' extends outside parent 'recent_repo_floatinghotel' bounds (child_rel=[0.0,28.0], child_size=[470.0,24.0], child_end=[470.0,52.0], parent_size=[470.0,38.9], gap=0.0, start_offset=0.0)
[WARN] Layout wrap: 'recent_path' in parent 'recent_repo_.' - NoWrap set but would overflow (child_size=24.0, offset=28.0, container=38.9)
[WARN] Layout overflow: 'recent_path' extends outside parent 'recent_repo_.' bounds (child_rel=[0.0,28.0], child_size=[470.0,24.0], child_end=[470.0,52.0], parent_size=[470.0,38.9], gap=0.0, start_offset=0.0)
[WARN] Layout wrap: 'recent_path' in parent 'recent_repo_fhclone' - NoWrap set but would overflow (child_size=24.0, offset=28.0, container=38.9)
[WARN] Layout overflow: 'recent_path' extends outside parent 'recent_repo_fhclone' bounds (child_rel=[0.0,28.0], child_size=[470.0,24.0], child_end=[470.0,52.0], parent_size=[470.0,38.9], gap=0.0, start_offset=0.0)
[WARN] Layout wrap: 'recent_path' in parent 'recent_repo_.' - NoWrap set but would overflow (child_size=24.0, offset=28.0, container=38.9)
[WARN] Layout overflow: 'recent_path' extends outside parent 'recent_repo_.' bounds (child_rel=[0.0,28.0], child_size=[470.0,24.0], child_end=[470.0,52.0], parent_size=[470.0,38.9], gap=0.0, start_offset=0.0)
[WARN] Layout wrap: 'recent_path' in parent 'recent_repo_.' - NoWrap set but would overflow (child_size=24.0, offset=28.0, container=38.9)
[WARN] Layout overflow: 'recent_path' extends outside parent 'recent_repo_.' bounds (child_rel=[0.0,28.0], child_size=[470.0,24.0], child_end=[470.0,52.0], parent_size=[470.0,38.9], gap=0.0, start_offset=0.0)
[WARN] Layout wrap: 'recent_path' in parent 'recent_repo_afterhours' - NoWrap set but would overflow (child_size=24.0, offset=28.0, container=38.9)
[WARN] Layout overflow: 'recent_path' extends outside parent 'recent_repo_afterhours' bounds (child_rel=[0.0,28.0], child_size=[470.0,24.0], child_end=[470.0,52.0], parent_size=[470.0,38.9], gap=0.0, start_offset=0.0)
[WARN] Layout wrap: 'recent_path' in parent 'recent_repo_floatinghotel_test_repo' - NoWrap set but would overflow (child_size=24.0, offset=28.0, container=38.9)
[WARN] Layout overflow: 'recent_path' extends outside parent 'recent_repo_floatinghotel_test_repo' bounds (child_rel=[0.0,28.0], child_size=[470.0,24.0], child_end=[470.0,52.0], parent_size=[470.0,38.9], gap=0.0, start_offset=0.0)
[WARN] Layout wrap: 'recent_path' in parent 'recent_repo_fixture_repo' - NoWrap set but would overflow (child_size=24.0, offset=28.0, container=38.9)
[WARN] Layout overflow: 'recent_path' extends outside parent 'recent_repo_fixture_repo' bounds (child_rel=[0.0,28.0], child_size=[470.0,24.0], child_end=[470.0,52.0], parent_size=[470.0,38.9], gap=0.0, start_offset=0.0)
[WARN] Layout wrap: 'recent_path' in parent 'recent_repo_.' - NoWrap set but would overflow (child_size=24.0, offset=28.0, container=38.9)
[WARN] Layout overflow: 'recent_path' extends outside parent 'recent_repo_.' bounds (child_rel=[0.0,28.0], child_size=[470.0,24.0], child_end=[470.0,52.0], parent_size=[470.0,38.9], gap=0.0, start_offset=0.0)
[WARN] Layout wrap: 'recent_path' in parent 'recent_repo_floatinghotel' - NoWrap set but would overflow (child_size=24.0, offset=28.0, container=38.9)
[WARN] Layout overflow: 'recent_path' extends outside parent 'recent_repo_floatinghotel' bounds (child_rel=[0.0,28.0], child_size=[470.0,24.0], child_end=[470.0,52.0], parent_size=[470.0,38.9], gap=0.0, start_offset=0.0)
[WARN] Layout wrap: 'recent_path' in parent 'recent_repo_.' - NoWrap set but would overflow (child_size=24.0, offset=28.0, container=38.9)
[WARN] Layout overflow: 'recent_path' extends outside parent 'recent_repo_.' bounds (child_rel=[0.0,28.0], child_size=[470.0,24.0], child_end=[470.0,52.0], parent_size=[470.0,38.9], gap=0.0, start_offset=0.0)
[WARN] Layout wrap: 'recent_path' in parent 'recent_repo_fhclone' - NoWrap set but would overflow (child_size=24.0, offset=28.0, container=38.9)
[WARN] Layout overflow: 'recent_path' extends outside parent 'recent_repo_fhclone' bounds (child_rel=[0.0,28.0], child_size=[470.0,24.0], child_end=[470.0,52.0], parent_size=[470.0,38.9], gap=0.0, start_offset=0.0)
[WARN] Layout wrap: 'recent_path' in parent 'recent_repo_.' - NoWrap set but would overflow (child_size=24.0, offset=28.0, container=38.9)
[WARN] Layout overflow: 'recent_path' extends outside parent 'recent_repo_.' bounds (child_rel=[0.0,28.0], child_size=[470.0,24.0], child_end=[470.0,52.0], parent_size=[470.0,38.9], gap=0.0, start_offset=0.0)
[WARN] Layout wrap: 'recent_path' in parent 'recent_repo_.' - NoWrap set but would overflow (child_size=24.0, offset=28.0, container=38.9)
[WARN] Layout overflow: 'recent_path' extends outside parent 'recent_repo_.' bounds (child_rel=[0.0,28.0], child_size=[470.0,24.0], child_end=[470.0,52.0], parent_size=[470.0,38.9], gap=0.0, start_offset=0.0)
[WARN] Layout wrap: 'recent_path' in parent 'recent_repo_afterhours' - NoWrap set but would overflow (child_size=24.0, offset=28.0, container=38.9)
[WARN] Layout overflow: 'recent_path' extends outside parent 'recent_repo_afterhours' bounds (child_rel=[0.0,28.0], child_size=[470.0,24.0], child_end=[470.0,52.0], parent_size=[470.0,38.9], gap=0.0, start_offset=0.0)
[WARN] Layout wrap: 'recent_path' in parent 'recent_repo_floatinghotel_test_repo' - NoWrap set but would overflow (child_size=24.0, offset=28.0, container=38.9)
[WARN] Layout overflow: 'recent_path' extends outside parent 'recent_repo_floatinghotel_test_repo' bounds (child_rel=[0.0,28.0], child_size=[470.0,24.0], child_end=[470.0,52.0], parent_size=[470.0,38.9], gap=0.0, start_offset=0.0)
[WARN] Layout wrap: 'recent_path' in parent 'recent_repo_fixture_repo' - NoWrap set but would overflow (child_size=24.0, offset=28.0, container=38.9)
[WARN] Layout overflow: 'recent_path' extends outside parent 'recent_repo_fixture_repo' bounds (child_rel=[0.0,28.0], child_size=[470.0,24.0], child_end=[470.0,52.0], parent_size=[470.0,38.9], gap=0.0, start_offset=0.0)
[WARN] Layout wrap: 'recent_path' in parent 'recent_repo_.' - NoWrap set but would overflow (child_size=24.0, offset=28.0, container=38.9)
[WARN] Layout overflow: 'recent_path' extends outside parent 'recent_repo_.' bounds (child_rel=[0.0,28.0], child_size=[470.0,24.0], child_end=[470.0,52.0], parent_size=[470.0,38.9], gap=0.0, start_offset=0.0)
[WARN] Layout wrap: 'recent_path' in parent 'recent_repo_floatinghotel' - NoWrap set but would overflow (child_size=24.0, offset=28.0, container=38.9)
[WARN] Layout overflow: 'recent_path' extends outside parent 'recent_repo_floatinghotel' bounds (child_rel=[0.0,28.0], child_size=[470.0,24.0], child_end=[470.0,52.0], parent_size=[470.0,38.9], gap=0.0, start_offset=0.0)
[WARN] Layout wrap: 'recent_path' in parent 'recent_repo_.' - NoWrap set but would overflow (child_size=24.0, offset=28.0, container=38.9)
[WARN] Layout overflow: 'recent_path' extends outside parent 'recent_repo_.' bounds (child_rel=[0.0,28.0], child_size=[470.0,24.0], child_end=[470.0,52.0], parent_size=[470.0,38.9], gap=0.0, start_offset=0.0)
[WARN] Layout wrap: 'recent_path' in parent 'recent_repo_fhclone' - NoWrap set but would overflow (child_size=24.0, offset=28.0, container=38.9)
[WARN] Layout overflow: 'recent_path' extends outside parent 'recent_repo_fhclone' bounds (child_rel=[0.0,28.0], child_size=[470.0,24.0], child_end=[470.0,52.0], parent_size=[470.0,38.9], gap=0.0, start_offset=0.0)
[WARN] Layout wrap: 'recent_path' in parent 'recent_repo_.' - NoWrap set but would overflow (child_size=24.0, offset=28.0, container=38.9)
[WARN] Layout overflow: 'recent_path' extends outside parent 'recent_repo_.' bounds (child_rel=[0.0,28.0], child_size=[470.0,24.0], child_end=[470.0,52.0], parent_size=[470.0,38.9], gap=0.0, start_offset=0.0)
[WARN] Layout wrap: 'recent_path' in parent 'recent_repo_.' - NoWrap set but would overflow (child_size=24.0, offset=28.0, container=38.9)
[WARN] Layout overflow: 'recent_path' extends outside parent 'recent_repo_.' bounds (child_rel=[0.0,28.0], child_size=[470.0,24.0], child_end=[470.0,52.0], parent_size=[470.0,38.9], gap=0.0, start_offset=0.0)
[WARN] Layout wrap: 'recent_path' in parent 'recent_repo_afterhours' - NoWrap set but would overflow (child_size=24.0, offset=28.0, container=38.9)
[WARN] Layout overflow: 'recent_path' extends outside parent 'recent_repo_afterhours' bounds (child_rel=[0.0,28.0], child_size=[470.0,24.0], child_end=[470.0,52.0], parent_size=[470.0,38.9], gap=0.0, start_offset=0.0)
[WARN] Layout wrap: 'recent_path' in parent 'recent_repo_floatinghotel_test_repo' - NoWrap set but would overflow (child_size=24.0, offset=28.0, container=38.9)
[WARN] Layout overflow: 'recent_path' extends outside parent 'recent_repo_floatinghotel_test_repo' bounds (child_rel=[0.0,28.0], child_size=[470.0,24.0], child_end=[470.0,52.0], parent_size=[470.0,38.9], gap=0.0, start_offset=0.0)
[WARN] Layout wrap: 'recent_path' in parent 'recent_repo_fixture_repo' - NoWrap set but would overflow (child_size=24.0, offset=28.0, container=38.9)
[WARN] Layout overflow: 'recent_path' extends outside parent 'recent_repo_fixture_repo' bounds (child_rel=[0.0,28.0], child_size=[470.0,24.0], child_end=[470.0,52.0], parent_size=[470.0,38.9], gap=0.0, start_offset=0.0)
[WARN] Layout wrap: 'recent_path' in parent 'recent_repo_.' - NoWrap set but would overflow (child_size=24.0, offset=28.0, container=38.9)
[WARN] Layout overflow: 'recent_path' extends outside parent 'recent_repo_.' bounds (child_rel=[0.0,28.0], child_size=[470.0,24.0], child_end=[470.0,52.0], parent_size=[470.0,38.9], gap=0.0, start_offset=0.0)
[WARN] Layout wrap: 'recent_path' in parent 'recent_repo_floatinghotel' - NoWrap set but would overflow (child_size=24.0, offset=28.0, container=38.9)
[WARN] Layout overflow: 'recent_path' extends outside parent 'recent_repo_floatinghotel' bounds (child_rel=[0.0,28.0], child_size=[470.0,24.0], child_end=[470.0,52.0], parent_size=[470.0,38.9], gap=0.0, start_offset=0.0)
[WARN] Layout wrap: 'recent_path' in parent 'recent_repo_.' - NoWrap set but would overflow (child_size=24.0, offset=28.0, container=38.9)
[WARN] Layout overflow: 'recent_path' extends outside parent 'recent_repo_.' bounds (child_rel=[0.0,28.0], child_size=[470.0,24.0], child_end=[470.0,52.0], parent_size=[470.0,38.9], gap=0.0, start_offset=0.0)
[WARN] Layout wrap: 'recent_path' in parent 'recent_repo_fhclone' - NoWrap set but would overflow (child_size=24.0, offset=28.0, container=38.9)
[WARN] Layout overflow: 'recent_path' extends outside parent 'recent_repo_fhclone' bounds (child_rel=[0.0,28.0], child_size=[470.0,24.0], child_end=[470.0,52.0], parent_size=[470.0,38.9], gap=0.0, start_offset=0.0)
[WARN] Layout wrap: 'recent_path' in parent 'recent_repo_.' - NoWrap set but would overflow (child_size=24.0, offset=28.0, container=38.9)
[WARN] Layout overflow: 'recent_path' extends outside parent 'recent_repo_.' bounds (child_rel=[0.0,28.0], child_size=[470.0,24.0], child_end=[470.0,52.0], parent_size=[470.0,38.9], gap=0.0, start_offset=0.0)
[WARN] Layout wrap: 'recent_path' in parent 'recent_repo_.' - NoWrap set but would overflow (child_size=24.0, offset=28.0, container=38.9)
[WARN] Layout overflow: 'recent_path' extends outside parent 'recent_repo_.' bounds (child_rel=[0.0,28.0], child_size=[470.0,24.0], child_end=[470.0,52.0], parent_size=[470.0,38.9], gap=0.0, start_offset=0.0)
[WARN] Layout wrap: 'recent_path' in parent 'recent_repo_afterhours' - NoWrap set but would overflow (child_size=24.0, offset=28.0, container=38.9)
[WARN] Layout overflow: 'recent_path' extends outside parent 'recent_repo_afterhours' bounds (child_rel=[0.0,28.0], child_size=[470.0,24.0], child_end=[470.0,52.0], parent_size=[470.0,38.9], gap=0.0, start_offset=0.0)
[WARN] Layout wrap: 'recent_path' in parent 'recent_repo_floatinghotel_test_repo' - NoWrap set but would overflow (child_size=24.0, offset=28.0, container=38.9)
[WARN] Layout overflow: 'recent_path' extends outside parent 'recent_repo_floatinghotel_test_repo' bounds (child_rel=[0.0,28.0], child_size=[470.0,24.0], child_end=[470.0,52.0], parent_size=[470.0,38.9], gap=0.0, start_offset=0.0)
[WARN] Layout wrap: 'recent_path' in parent 'recent_repo_fixture_repo' - NoWrap set but would overflow (child_size=24.0, offset=28.0, container=38.9)
[WARN] Layout overflow: 'recent_path' extends outside parent 'recent_repo_fixture_repo' bounds (child_rel=[0.0,28.0], child_size=[470.0,24.0], child_end=[470.0,52.0], parent_size=[470.0,38.9], gap=0.0, start_offset=0.0)
[WARN] Layout wrap: 'recent_path' in parent 'recent_repo_.' - NoWrap set but would overflow (child_size=24.0, offset=28.0, container=38.9)
[WARN] Layout overflow: 'recent_path' extends outside parent 'recent_repo_.' bounds (child_rel=[0.0,28.0], child_size=[470.0,24.0], child_end=[470.0,52.0], parent_size=[470.0,38.9], gap=0.0, start_offset=0.0)
[WARN] Layout wrap: 'recent_path' in parent 'recent_repo_floatinghotel' - NoWrap set but would overflow (child_size=24.0, offset=28.0, container=38.9)
[WARN] Layout overflow: 'recent_path' extends outside parent 'recent_repo_floatinghotel' bounds (child_rel=[0.0,28.0], child_size=[470.0,24.0], child_end=[470.0,52.0], parent_size=[470.0,38.9], gap=0.0, start_offset=0.0)
[WARN] Layout wrap: 'recent_path' in parent 'recent_repo_.' - NoWrap set but would overflow (child_size=24.0, offset=28.0, container=38.9)
[WARN] Layout overflow: 'recent_path' extends outside parent 'recent_repo_.' bounds (child_rel=[0.0,28.0], child_size=[470.0,24.0], child_end=[470.0,52.0], parent_size=[470.0,38.9], gap=0.0, start_offset=0.0)
[WARN] Layout wrap: 'recent_path' in parent 'recent_repo_fhclone' - NoWrap set but would overflow (child_size=24.0, offset=28.0, container=38.9)
[WARN] Layout overflow: 'recent_path' extends outside parent 'recent_repo_fhclone' bounds (child_rel=[0.0,28.0], child_size=[470.0,24.0], child_end=[470.0,52.0], parent_size=[470.0,38.9], gap=0.0, start_offset=0.0)
[WARN] Layout wrap: 'recent_path' in parent 'recent_repo_.' - NoWrap set but would overflow (child_size=24.0, offset=28.0, container=38.9)
[WARN] Layout overflow: 'recent_path' extends outside parent 'recent_repo_.' bounds (child_rel=[0.0,28.0], child_size=[470.0,24.0], child_end=[470.0,52.0], parent_size=[470.0,38.9], gap=0.0, start_offset=0.0)
[WARN] Layout wrap: 'recent_path' in parent 'recent_repo_.' - NoWrap set but would overflow (child_size=24.0, offset=28.0, container=38.9)
[WARN] Layout overflow: 'recent_path' extends outside parent 'recent_repo_.' bounds (child_rel=[0.0,28.0], child_size=[470.0,24.0], child_end=[470.0,52.0], parent_size=[470.0,38.9], gap=0.0, start_offset=0.0)
[WARN] Layout wrap: 'recent_path' in parent 'recent_repo_afterhours' - NoWrap set but would overflow (child_size=24.0, offset=28.0, container=38.9)
[WARN] Layout overflow: 'recent_path' extends outside parent 'recent_repo_afterhours' bounds (child_rel=[0.0,28.0], child_size=[470.0,24.0], child_end=[470.0,52.0], parent_size=[470.0,38.9], gap=0.0, start_offset=0.0)
[WARN] Layout wrap: 'recent_path' in parent 'recent_repo_floatinghotel_test_repo' - NoWrap set but would overflow (child_size=24.0, offset=28.0, container=38.9)
[WARN] Layout overflow: 'recent_path' extends outside parent 'recent_repo_floatinghotel_test_repo' bounds (child_rel=[0.0,28.0], child_size=[470.0,24.0], child_end=[470.0,52.0], parent_size=[470.0,38.9], gap=0.0, start_offset=0.0)
[WARN] Layout wrap: 'recent_path' in parent 'recent_repo_fixture_repo' - NoWrap set but would overflow (child_size=24.0, offset=28.0, container=38.9)
[WARN] Layout overflow: 'recent_path' extends outside parent 'recent_repo_fixture_repo' bounds (child_rel=[0.0,28.0], child_size=[470.0,24.0], child_end=[470.0,52.0], parent_size=[470.0,38.9], gap=0.0, start_offset=0.0)
[WARN] Layout wrap: 'recent_path' in parent 'recent_repo_.' - NoWrap set but would overflow (child_size=24.0, offset=28.0, container=38.9)
[WARN] Layout overflow: 'recent_path' extends outside parent 'recent_repo_.' bounds (child_rel=[0.0,28.0], child_size=[470.0,24.0], child_end=[470.0,52.0], parent_size=[470.0,38.9], gap=0.0, start_offset=0.0)
[WARN] Layout wrap: 'recent_path' in parent 'recent_repo_floatinghotel' - NoWrap set but would overflow (child_size=24.0, offset=28.0, container=38.9)
[WARN] Layout overflow: 'recent_path' extends outside parent 'recent_repo_floatinghotel' bounds (child_rel=[0.0,28.0], child_size=[470.0,24.0], child_end=[470.0,52.0], parent_size=[470.0,38.9], gap=0.0, start_offset=0.0)
[WARN] Layout wrap: 'recent_path' in parent 'recent_repo_.' - NoWrap set but would overflow (child_size=24.0, offset=28.0, container=38.9)
[WARN] Layout overflow: 'recent_path' extends outside parent 'recent_repo_.' bounds (child_rel=[0.0,28.0], child_size=[470.0,24.0], child_end=[470.0,52.0], parent_size=[470.0,38.9], gap=0.0, start_offset=0.0)
[WARN] Layout wrap: 'recent_path' in parent 'recent_repo_fhclone' - NoWrap set but would overflow (child_size=24.0, offset=28.0, container=38.9)
[WARN] Layout overflow: 'recent_path' extends outside parent 'recent_repo_fhclone' bounds (child_rel=[0.0,28.0], child_size=[470.0,24.0], child_end=[470.0,52.0], parent_size=[470.0,38.9], gap=0.0, start_offset=0.0)
[WARN] Layout wrap: 'recent_path' in parent 'recent_repo_.' - NoWrap set but would overflow (child_size=24.0, offset=28.0, container=38.9)
[WARN] Layout overflow: 'recent_path' extends outside parent 'recent_repo_.' bounds (child_rel=[0.0,28.0], child_size=[470.0,24.0], child_end=[470.0,52.0], parent_size=[470.0,38.9], gap=0.0, start_offset=0.0)
[WARN] Layout wrap: 'recent_path' in parent 'recent_repo_.' - NoWrap set but would overflow (child_size=24.0, offset=28.0, container=38.9)
[WARN] Layout overflow: 'recent_path' extends outside parent 'recent_repo_.' bounds (child_rel=[0.0,28.0], child_size=[470.0,24.0], child_end=[470.0,52.0], parent_size=[470.0,38.9], gap=0.0, start_offset=0.0)
[WARN] Layout wrap: 'recent_path' in parent 'recent_repo_afterhours' - NoWrap set but would overflow (child_size=24.0, offset=28.0, container=38.9)
[WARN] Layout overflow: 'recent_path' extends outside parent 'recent_repo_afterhours' bounds (child_rel=[0.0,28.0], child_size=[470.0,24.0], child_end=[470.0,52.0], parent_size=[470.0,38.9], gap=0.0, start_offset=0.0)
[WARN] Layout wrap: 'recent_path' in parent 'recent_repo_floatinghotel_test_repo' - NoWrap set but would overflow (child_size=24.0, offset=28.0, container=38.9)
[WARN] Layout overflow: 'recent_path' extends outside parent 'recent_repo_floatinghotel_test_repo' bounds (child_rel=[0.0,28.0], child_size=[470.0,24.0], child_end=[470.0,52.0], parent_size=[470.0,38.9], gap=0.0, start_offset=0.0)
[WARN] Layout wrap: 'recent_path' in parent 'recent_repo_fixture_repo' - NoWrap set but would overflow (child_size=24.0, offset=28.0, container=38.9)
[WARN] Layout overflow: 'recent_path' extends outside parent 'recent_repo_fixture_repo' bounds (child_rel=[0.0,28.0], child_size=[470.0,24.0], child_end=[470.0,52.0], parent_size=[470.0,38.9], gap=0.0, start_offset=0.0)
[WARN] Layout wrap: 'recent_path' in parent 'recent_repo_.' - NoWrap set but would overflow (child_size=24.0, offset=28.0, container=38.9)
[WARN] Layout overflow: 'recent_path' extends outside parent 'recent_repo_.' bounds (child_rel=[0.0,28.0], child_size=[470.0,24.0], child_end=[470.0,52.0], parent_size=[470.0,38.9], gap=0.0, start_offset=0.0)
[WARN] Layout wrap: 'recent_path' in parent 'recent_repo_floatinghotel' - NoWrap set but would overflow (child_size=24.0, offset=28.0, container=38.9)
[WARN] Layout overflow: 'recent_path' extends outside parent 'recent_repo_floatinghotel' bounds (child_rel=[0.0,28.0], child_size=[470.0,24.0], child_end=[470.0,52.0], parent_size=[470.0,38.9], gap=0.0, start_offset=0.0)
[WARN] Layout wrap: 'recent_path' in parent 'recent_repo_.' - NoWrap set but would overflow (child_size=24.0, offset=28.0, container=38.9)
[WARN] Layout overflow: 'recent_path' extends outside parent 'recent_repo_.' bounds (child_rel=[0.0,28.0], child_size=[470.0,24.0], child_end=[470.0,52.0], parent_size=[470.0,38.9], gap=0.0, start_offset=0.0)
[WARN] Layout wrap: 'recent_path' in parent 'recent_repo_fhclone' - NoWrap set but would overflow (child_size=24.0, offset=28.0, container=38.9)
[WARN] Layout overflow: 'recent_path' extends outside parent 'recent_repo_fhclone' bounds (child_rel=[0.0,28.0], child_size=[470.0,24.0], child_end=[470.0,52.0], parent_size=[470.0,38.9], gap=0.0, start_offset=0.0)
[WARN] Layout wrap: 'recent_path' in parent 'recent_repo_.' - NoWrap set but would overflow (child_size=24.0, offset=28.0, container=38.9)
[WARN] Layout overflow: 'recent_path' extends outside parent 'recent_repo_.' bounds (child_rel=[0.0,28.0], child_size=[470.0,24.0], child_end=[470.0,52.0], parent_size=[470.0,38.9], gap=0.0, start_offset=0.0)
[WARN] Layout wrap: 'recent_path' in parent 'recent_repo_.' - NoWrap set but would overflow (child_size=24.0, offset=28.0, container=38.9)
[WARN] Layout overflow: 'recent_path' extends outside parent 'recent_repo_.' bounds (child_rel=[0.0,28.0], child_size=[470.0,24.0], child_end=[470.0,52.0], parent_size=[470.0,38.9], gap=0.0, start_offset=0.0)
[WARN] Layout wrap: 'recent_path' in parent 'recent_repo_afterhours' - NoWrap set but would overflow (child_size=24.0, offset=28.0, container=38.9)
[WARN] Layout overflow: 'recent_path' extends outside parent 'recent_repo_afterhours' bounds (child_rel=[0.0,28.0], child_size=[470.0,24.0], child_end=[470.0,52.0], parent_size=[470.0,38.9], gap=0.0, start_offset=0.0)
[WARN] Layout wrap: 'recent_path' in parent 'recent_repo_floatinghotel_test_repo' - NoWrap set but would overflow (child_size=24.0, offset=28.0, container=38.9)
[WARN] Layout overflow: 'recent_path' extends outside parent 'recent_repo_floatinghotel_test_repo' bounds (child_rel=[0.0,28.0], child_size=[470.0,24.0], child_end=[470.0,52.0], parent_size=[470.0,38.9], gap=0.0, start_offset=0.0)
[WARN] Layout wrap: 'recent_path' in parent 'recent_repo_fixture_repo' - NoWrap set but would overflow (child_size=24.0, offset=28.0, container=38.9)
[WARN] Layout overflow: 'recent_path' extends outside parent 'recent_repo_fixture_repo' bounds (child_rel=[0.0,28.0], child_size=[470.0,24.0], child_end=[470.0,52.0], parent_size=[470.0,38.9], gap=0.0, start_offset=0.0)
[WARN] Layout wrap: 'recent_path' in parent 'recent_repo_.' - NoWrap set but would overflow (child_size=24.0, offset=28.0, container=38.9)
[WARN] Layout overflow: 'recent_path' extends outside parent 'recent_repo_.' bounds (child_rel=[0.0,28.0], child_size=[470.0,24.0], child_end=[470.0,52.0], parent_size=[470.0,38.9], gap=0.0, start_offset=0.0)
[WARN] Layout wrap: 'recent_path' in parent 'recent_repo_floatinghotel' - NoWrap set but would overflow (child_size=24.0, offset=28.0, container=38.9)
[WARN] Layout overflow: 'recent_path' extends outside parent 'recent_repo_floatinghotel' bounds (child_rel=[0.0,28.0], child_size=[470.0,24.0], child_end=[470.0,52.0], parent_size=[470.0,38.9], gap=0.0, start_offset=0.0)
[WARN] Layout wrap: 'recent_path' in parent 'recent_repo_.' - NoWrap set but would overflow (child_size=24.0, offset=28.0, container=38.9)
[WARN] Layout overflow: 'recent_path' extends outside parent 'recent_repo_.' bounds (child_rel=[0.0,28.0], child_size=[470.0,24.0], child_end=[470.0,52.0], parent_size=[470.0,38.9], gap=0.0, start_offset=0.0)
[WARN] Layout wrap: 'recent_path' in parent 'recent_repo_fhclone' - NoWrap set but would overflow (child_size=24.0, offset=28.0, container=38.9)
[WARN] Layout overflow: 'recent_path' extends outside parent 'recent_repo_fhclone' bounds (child_rel=[0.0,28.0], child_size=[470.0,24.0], child_end=[470.0,52.0], parent_size=[470.0,38.9], gap=0.0, start_offset=0.0)
[WARN] Layout wrap: 'recent_path' in parent 'recent_repo_.' - NoWrap set but would overflow (child_size=24.0, offset=28.0, container=38.9)
[WARN] Layout overflow: 'recent_path' extends outside parent 'recent_repo_.' bounds (child_rel=[0.0,28.0], child_size=[470.0,24.0], child_end=[470.0,52.0], parent_size=[470.0,38.9], gap=0.0, start_offset=0.0)
[WARN] Layout wrap: 'recent_path' in parent 'recent_repo_.' - NoWrap set but would overflow (child_size=24.0, offset=28.0, container=38.9)
[WARN] Layout overflow: 'recent_path' extends outside parent 'recent_repo_.' bounds (child_rel=[0.0,28.0], child_size=[470.0,24.0], child_end=[470.0,52.0], parent_size=[470.0,38.9], gap=0.0, start_offset=0.0)
[WARN] Layout wrap: 'recent_path' in parent 'recent_repo_afterhours' - NoWrap set but would overflow (child_size=24.0, offset=28.0, container=38.9)
[WARN] Layout overflow: 'recent_path' extends outside parent 'recent_repo_afterhours' bounds (child_rel=[0.0,28.0], child_size=[470.0,24.0], child_end=[470.0,52.0], parent_size=[470.0,38.9], gap=0.0, start_offset=0.0)
[WARN] Layout wrap: 'recent_path' in parent 'recent_repo_floatinghotel_test_repo' - NoWrap set but would overflow (child_size=24.0, offset=28.0, container=38.9)
[WARN] Layout overflow: 'recent_path' extends outside parent 'recent_repo_floatinghotel_test_repo' bounds (child_rel=[0.0,28.0], child_size=[470.0,24.0], child_end=[470.0,52.0], parent_size=[470.0,38.9], gap=0.0, start_offset=0.0)
[WARN] Layout wrap: 'recent_path' in parent 'recent_repo_fixture_repo' - NoWrap set but would overflow (child_size=24.0, offset=28.0, container=38.9)
[WARN] Layout overflow: 'recent_path' extends outside parent 'recent_repo_fixture_repo' bounds (child_rel=[0.0,28.0], child_size=[470.0,24.0], child_end=[470.0,52.0], parent_size=[470.0,38.9], gap=0.0, start_offset=0.0)
[WARN] Layout wrap: 'recent_path' in parent 'recent_repo_.' - NoWrap set but would overflow (child_size=24.0, offset=28.0, container=38.9)
[WARN] Layout overflow: 'recent_path' extends outside parent 'recent_repo_.' bounds (child_rel=[0.0,28.0], child_size=[470.0,24.0], child_end=[470.0,52.0], parent_size=[470.0,38.9], gap=0.0, start_offset=0.0)
[WARN] Layout wrap: 'recent_path' in parent 'recent_repo_floatinghotel' - NoWrap set but would overflow (child_size=24.0, offset=28.0, container=38.9)
[WARN] Layout overflow: 'recent_path' extends outside parent 'recent_repo_floatinghotel' bounds (child_rel=[0.0,28.0], child_size=[470.0,24.0], child_end=[470.0,52.0], parent_size=[470.0,38.9], gap=0.0, start_offset=0.0)
[WARN] Layout wrap: 'recent_path' in parent 'recent_repo_.' - NoWrap set but would overflow (child_size=24.0, offset=28.0, container=38.9)
[WARN] Layout overflow: 'recent_path' extends outside parent 'recent_repo_.' bounds (child_rel=[0.0,28.0], child_size=[470.0,24.0], child_end=[470.0,52.0], parent_size=[470.0,38.9], gap=0.0, start_offset=0.0)
[WARN] Layout wrap: 'recent_path' in parent 'recent_repo_fhclone' - NoWrap set but would overflow (child_size=24.0, offset=28.0, container=38.9)
[WARN] Layout overflow: 'recent_path' extends outside parent 'recent_repo_fhclone' bounds (child_rel=[0.0,28.0], child_size=[470.0,24.0], child_end=[470.0,52.0], parent_size=[470.0,38.9], gap=0.0, start_offset=0.0)
[WARN] Layout wrap: 'recent_path' in parent 'recent_repo_.' - NoWrap set but would overflow (child_size=24.0, offset=28.0, container=38.9)
[WARN] Layout overflow: 'recent_path' extends outside parent 'recent_repo_.' bounds (child_rel=[0.0,28.0], child_size=[470.0,24.0], child_end=[470.0,52.0], parent_size=[470.0,38.9], gap=0.0, start_offset=0.0)
[WARN] Layout wrap: 'recent_path' in parent 'recent_repo_.' - NoWrap set but would overflow (child_size=24.0, offset=28.0, container=38.9)
[WARN] Layout overflow: 'recent_path' extends outside parent 'recent_repo_.' bounds (child_rel=[0.0,28.0], child_size=[470.0,24.0], child_end=[470.0,52.0], parent_size=[470.0,38.9], gap=0.0, start_offset=0.0)
[WARN] Layout wrap: 'recent_path' in parent 'recent_repo_afterhours' - NoWrap set but would overflow (child_size=24.0, offset=28.0, container=38.9)
[WARN] Layout overflow: 'recent_path' extends outside parent 'recent_repo_afterhours' bounds (child_rel=[0.0,28.0], child_size=[470.0,24.0], child_end=[470.0,52.0], parent_size=[470.0,38.9], gap=0.0, start_offset=0.0)
[WARN] Layout wrap: 'recent_path' in parent 'recent_repo_floatinghotel_test_repo' - NoWrap set but would overflow (child_size=24.0, offset=28.0, container=38.9)
[WARN] Layout overflow: 'recent_path' extends outside parent 'recent_repo_floatinghotel_test_repo' bounds (child_rel=[0.0,28.0], child_size=[470.0,24.0], child_end=[470.0,52.0], parent_size=[470.0,38.9], gap=0.0, start_offset=0.0)
[WARN] Layout wrap: 'recent_path' in parent 'recent_repo_fixture_repo' - NoWrap set but would overflow (child_size=24.0, offset=28.0, container=38.9)
[WARN] Layout overflow: 'recent_path' extends outside parent 'recent_repo_fixture_repo' bounds (child_rel=[0.0,28.0], child_size=[470.0,24.0], child_end=[470.0,52.0], parent_size=[470.0,38.9], gap=0.0, start_offset=0.0)
[WARN] Layout wrap: 'recent_path' in parent 'recent_repo_.' - NoWrap set but would overflow (child_size=24.0, offset=28.0, container=38.9)
[WARN] Layout overflow: 'recent_path' extends outside parent 'recent_repo_.' bounds (child_rel=[0.0,28.0], child_size=[470.0,24.0], child_end=[470.0,52.0], parent_size=[470.0,38.9], gap=0.0, start_offset=0.0)
[WARN] Layout wrap: 'recent_path' in parent 'recent_repo_floatinghotel' - NoWrap set but would overflow (child_size=24.0, offset=28.0, container=38.9)
[WARN] Layout overflow: 'recent_path' extends outside parent 'recent_repo_floatinghotel' bounds (child_rel=[0.0,28.0], child_size=[470.0,24.0], child_end=[470.0,52.0], parent_size=[470.0,38.9], gap=0.0, start_offset=0.0)
[WARN] Layout wrap: 'recent_path' in parent 'recent_repo_.' - NoWrap set but would overflow (child_size=24.0, offset=28.0, container=38.9)
[WARN] Layout overflow: 'recent_path' extends outside parent 'recent_repo_.' bounds (child_rel=[0.0,28.0], child_size=[470.0,24.0], child_end=[470.0,52.0], parent_size=[470.0,38.9], gap=0.0, start_offset=0.0)
[WARN] Layout wrap: 'recent_path' in parent 'recent_repo_fhclone' - NoWrap set but would overflow (child_size=24.0, offset=28.0, container=38.9)
[WARN] Layout overflow: 'recent_path' extends outside parent 'recent_repo_fhclone' bounds (child_rel=[0.0,28.0], child_size=[470.0,24.0], child_end=[470.0,52.0], parent_size=[470.0,38.9], gap=0.0, start_offset=0.0)
[WARN] Layout wrap: 'recent_path' in parent 'recent_repo_.' - NoWrap set but would overflow (child_size=24.0, offset=28.0, container=38.9)
[WARN] Layout overflow: 'recent_path' extends outside parent 'recent_repo_.' bounds (child_rel=[0.0,28.0], child_size=[470.0,24.0], child_end=[470.0,52.0], parent_size=[470.0,38.9], gap=0.0, start_offset=0.0)
[WARN] Layout wrap: 'recent_path' in parent 'recent_repo_.' - NoWrap set but would overflow (child_size=24.0, offset=28.0, container=38.9)
[WARN] Layout overflow: 'recent_path' extends outside parent 'recent_repo_.' bounds (child_rel=[0.0,28.0], child_size=[470.0,24.0], child_end=[470.0,52.0], parent_size=[470.0,38.9], gap=0.0, start_offset=0.0)
[WARN] Layout wrap: 'recent_path' in parent 'recent_repo_afterhours' - NoWrap set but would overflow (child_size=24.0, offset=28.0, container=38.9)
[WARN] Layout overflow: 'recent_path' extends outside parent 'recent_repo_afterhours' bounds (child_rel=[0.0,28.0], child_size=[470.0,24.0], child_end=[470.0,52.0], parent_size=[470.0,38.9], gap=0.0, start_offset=0.0)
[WARN] Layout wrap: 'recent_path' in parent 'recent_repo_floatinghotel_test_repo' - NoWrap set but would overflow (child_size=24.0, offset=28.0, container=38.9)
[WARN] Layout overflow: 'recent_path' extends outside parent 'recent_repo_floatinghotel_test_repo' bounds (child_rel=[0.0,28.0], child_size=[470.0,24.0], child_end=[470.0,52.0], parent_size=[470.0,38.9], gap=0.0, start_offset=0.0)
[WARN] Layout wrap: 'recent_path' in parent 'recent_repo_fixture_repo' - NoWrap set but would overflow (child_size=24.0, offset=28.0, container=38.9)
[WARN] Layout overflow: 'recent_path' extends outside parent 'recent_repo_fixture_repo' bounds (child_rel=[0.0,28.0], child_size=[470.0,24.0], child_end=[470.0,52.0], parent_size=[470.0,38.9], gap=0.0, start_offset=0.0)
[WARN] Layout wrap: 'recent_path' in parent 'recent_repo_.' - NoWrap set but would overflow (child_size=24.0, offset=28.0, container=38.9)
[WARN] Layout overflow: 'recent_path' extends outside parent 'recent_repo_.' bounds (child_rel=[0.0,28.0], child_size=[470.0,24.0], child_end=[470.0,52.0], parent_size=[470.0,38.9], gap=0.0, start_offset=0.0)
[WARN] Layout wrap: 'recent_path' in parent 'recent_repo_floatinghotel' - NoWrap set but would overflow (child_size=24.0, offset=28.0, container=38.9)
[WARN] Layout overflow: 'recent_path' extends outside parent 'recent_repo_floatinghotel' bounds (child_rel=[0.0,28.0], child_size=[470.0,24.0], child_end=[470.0,52.0], parent_size=[470.0,38.9], gap=0.0, start_offset=0.0)
[WARN] Layout wrap: 'recent_path' in parent 'recent_repo_.' - NoWrap set but would overflow (child_size=24.0, offset=28.0, container=38.9)
[WARN] Layout overflow: 'recent_path' extends outside parent 'recent_repo_.' bounds (child_rel=[0.0,28.0], child_size=[470.0,24.0], child_end=[470.0,52.0], parent_size=[470.0,38.9], gap=0.0, start_offset=0.0)
[WARN] Layout wrap: 'recent_path' in parent 'recent_repo_fhclone' - NoWrap set but would overflow (child_size=24.0, offset=28.0, container=38.9)
[WARN] Layout overflow: 'recent_path' extends outside parent 'recent_repo_fhclone' bounds (child_rel=[0.0,28.0], child_size=[470.0,24.0], child_end=[470.0,52.0], parent_size=[470.0,38.9], gap=0.0, start_offset=0.0)
[WARN] Layout wrap: 'recent_path' in parent 'recent_repo_.' - NoWrap set but would overflow (child_size=24.0, offset=28.0, container=38.9)
[WARN] Layout overflow: 'recent_path' extends outside parent 'recent_repo_.' bounds (child_rel=[0.0,28.0], child_size=[470.0,24.0], child_end=[470.0,52.0], parent_size=[470.0,38.9], gap=0.0, start_offset=0.0)
[WARN] Layout wrap: 'recent_path' in parent 'recent_repo_.' - NoWrap set but would overflow (child_size=24.0, offset=28.0, container=38.9)
[WARN] Layout overflow: 'recent_path' extends outside parent 'recent_repo_.' bounds (child_rel=[0.0,28.0], child_size=[470.0,24.0], child_end=[470.0,52.0], parent_size=[470.0,38.9], gap=0.0, start_offset=0.0)
[WARN] Layout wrap: 'recent_path' in parent 'recent_repo_afterhours' - NoWrap set but would overflow (child_size=24.0, offset=28.0, container=38.9)
[WARN] Layout overflow: 'recent_path' extends outside parent 'recent_repo_afterhours' bounds (child_rel=[0.0,28.0], child_size=[470.0,24.0], child_end=[470.0,52.0], parent_size=[470.0,38.9], gap=0.0, start_offset=0.0)
[WARN] Layout wrap: 'recent_path' in parent 'recent_repo_floatinghotel_test_repo' - NoWrap set but would overflow (child_size=24.0, offset=28.0, container=38.9)
[WARN] Layout overflow: 'recent_path' extends outside parent 'recent_repo_floatinghotel_test_repo' bounds (child_rel=[0.0,28.0], child_size=[470.0,24.0], child_end=[470.0,52.0], parent_size=[470.0,38.9], gap=0.0, start_offset=0.0)
[WARN] Layout wrap: 'recent_path' in parent 'recent_repo_fixture_repo' - NoWrap set but would overflow (child_size=24.0, offset=28.0, container=38.9)
[WARN] Layout overflow: 'recent_path' extends outside parent 'recent_repo_fixture_repo' bounds (child_rel=[0.0,28.0], child_size=[470.0,24.0], child_end=[470.0,52.0], parent_size=[470.0,38.9], gap=0.0, start_offset=0.0)
[WARN] Layout wrap: 'recent_path' in parent 'recent_repo_.' - NoWrap set but would overflow (child_size=24.0, offset=28.0, container=38.9)
[WARN] Layout overflow: 'recent_path' extends outside parent 'recent_repo_.' bounds (child_rel=[0.0,28.0], child_size=[470.0,24.0], child_end=[470.0,52.0], parent_size=[470.0,38.9], gap=0.0, start_offset=0.0)
[WARN] Layout wrap: 'recent_path' in parent 'recent_repo_floatinghotel' - NoWrap set but would overflow (child_size=24.0, offset=28.0, container=38.9)
[WARN] Layout overflow: 'recent_path' extends outside parent 'recent_repo_floatinghotel' bounds (child_rel=[0.0,28.0], child_size=[470.0,24.0], child_end=[470.0,52.0], parent_size=[470.0,38.9], gap=0.0, start_offset=0.0)
[WARN] Layout wrap: 'recent_path' in parent 'recent_repo_.' - NoWrap set but would overflow (child_size=24.0, offset=28.0, container=38.9)
[WARN] Layout overflow: 'recent_path' extends outside parent 'recent_repo_.' bounds (child_rel=[0.0,28.0], child_size=[470.0,24.0], child_end=[470.0,52.0], parent_size=[470.0,38.9], gap=0.0, start_offset=0.0)
[WARN] Layout wrap: 'recent_path' in parent 'recent_repo_fhclone' - NoWrap set but would overflow (child_size=24.0, offset=28.0, container=38.9)
[WARN] Layout overflow: 'recent_path' extends outside parent 'recent_repo_fhclone' bounds (child_rel=[0.0,28.0], child_size=[470.0,24.0], child_end=[470.0,52.0], parent_size=[470.0,38.9], gap=0.0, start_offset=0.0)
[WARN] Layout wrap: 'recent_path' in parent 'recent_repo_.' - NoWrap set but would overflow (child_size=24.0, offset=28.0, container=38.9)
[WARN] Layout overflow: 'recent_path' extends outside parent 'recent_repo_.' bounds (child_rel=[0.0,28.0], child_size=[470.0,24.0], child_end=[470.0,52.0], parent_size=[470.0,38.9], gap=0.0, start_offset=0.0)
[WARN] Layout wrap: 'recent_path' in parent 'recent_repo_.' - NoWrap set but would overflow (child_size=24.0, offset=28.0, container=38.9)
[WARN] Layout overflow: 'recent_path' extends outside parent 'recent_repo_.' bounds (child_rel=[0.0,28.0], child_size=[470.0,24.0], child_end=[470.0,52.0], parent_size=[470.0,38.9], gap=0.0, start_offset=0.0)
[WARN] Layout wrap: 'recent_path' in parent 'recent_repo_afterhours' - NoWrap set but would overflow (child_size=24.0, offset=28.0, container=38.9)
[WARN] Layout overflow: 'recent_path' extends outside parent 'recent_repo_afterhours' bounds (child_rel=[0.0,28.0], child_size=[470.0,24.0], child_end=[470.0,52.0], parent_size=[470.0,38.9], gap=0.0, start_offset=0.0)
[WARN] Layout wrap: 'recent_path' in parent 'recent_repo_floatinghotel_test_repo' - NoWrap set but would overflow (child_size=24.0, offset=28.0, container=38.9)
[WARN] Layout overflow: 'recent_path' extends outside parent 'recent_repo_floatinghotel_test_repo' bounds (child_rel=[0.0,28.0], child_size=[470.0,24.0], child_end=[470.0,52.0], parent_size=[470.0,38.9], gap=0.0, start_offset=0.0)
[WARN] Layout wrap: 'recent_path' in parent 'recent_repo_fixture_repo' - NoWrap set but would overflow (child_size=24.0, offset=28.0, container=38.9)
[WARN] Layout overflow: 'recent_path' extends outside parent 'recent_repo_fixture_repo' bounds (child_rel=[0.0,28.0], child_size=[470.0,24.0], child_end=[470.0,52.0], parent_size=[470.0,38.9], gap=0.0, start_offset=0.0)
[WARN] Layout wrap: 'recent_path' in parent 'recent_repo_.' - NoWrap set but would overflow (child_size=24.0, offset=28.0, container=38.9)
[WARN] Layout overflow: 'recent_path' extends outside parent 'recent_repo_.' bounds (child_rel=[0.0,28.0], child_size=[470.0,24.0], child_end=[470.0,52.0], parent_size=[470.0,38.9], gap=0.0, start_offset=0.0)
[WARN] Layout wrap: 'recent_path' in parent 'recent_repo_floatinghotel' - NoWrap set but would overflow (child_size=24.0, offset=28.0, container=38.9)
[WARN] Layout overflow: 'recent_path' extends outside parent 'recent_repo_floatinghotel' bounds (child_rel=[0.0,28.0], child_size=[470.0,24.0], child_end=[470.0,52.0], parent_size=[470.0,38.9], gap=0.0, start_offset=0.0)
[WARN] Layout wrap: 'recent_path' in parent 'recent_repo_.' - NoWrap set but would overflow (child_size=24.0, offset=28.0, container=38.9)
[WARN] Layout overflow: 'recent_path' extends outside parent 'recent_repo_.' bounds (child_rel=[0.0,28.0], child_size=[470.0,24.0], child_end=[470.0,52.0], parent_size=[470.0,38.9], gap=0.0, start_offset=0.0)
[WARN] Layout wrap: 'recent_path' in parent 'recent_repo_fhclone' - NoWrap set but would overflow (child_size=24.0, offset=28.0, container=38.9)
[WARN] Layout overflow: 'recent_path' extends outside parent 'recent_repo_fhclone' bounds (child_rel=[0.0,28.0], child_size=[470.0,24.0], child_end=[470.0,52.0], parent_size=[470.0,38.9], gap=0.0, start_offset=0.0)
[WARN] Layout wrap: 'recent_path' in parent 'recent_repo_.' - NoWrap set but would overflow (child_size=24.0, offset=28.0, container=38.9)
[WARN] Layout overflow: 'recent_path' extends outside parent 'recent_repo_.' bounds (child_rel=[0.0,28.0], child_size=[470.0,24.0], child_end=[470.0,52.0], parent_size=[470.0,38.9], gap=0.0, start_offset=0.0)
[WARN] Layout wrap: 'recent_path' in parent 'recent_repo_.' - NoWrap set but would overflow (child_size=24.0, offset=28.0, container=38.9)
[WARN] Layout overflow: 'recent_path' extends outside parent 'recent_repo_.' bounds (child_rel=[0.0,28.0], child_size=[470.0,24.0], child_end=[470.0,52.0], parent_size=[470.0,38.9], gap=0.0, start_offset=0.0)
[WARN] Layout wrap: 'recent_path' in parent 'recent_repo_afterhours' - NoWrap set but would overflow (child_size=24.0, offset=28.0, container=38.9)
[WARN] Layout overflow: 'recent_path' extends outside parent 'recent_repo_afterhours' bounds (child_rel=[0.0,28.0], child_size=[470.0,24.0], child_end=[470.0,52.0], parent_size=[470.0,38.9], gap=0.0, start_offset=0.0)
[WARN] Layout wrap: 'recent_path' in parent 'recent_repo_floatinghotel_test_repo' - NoWrap set but would overflow (child_size=24.0, offset=28.0, container=38.9)
[WARN] Layout overflow: 'recent_path' extends outside parent 'recent_repo_floatinghotel_test_repo' bounds (child_rel=[0.0,28.0], child_size=[470.0,24.0], child_end=[470.0,52.0], parent_size=[470.0,38.9], gap=0.0, start_offset=0.0)
[WARN] Layout wrap: 'recent_path' in parent 'recent_repo_fixture_repo' - NoWrap set but would overflow (child_size=24.0, offset=28.0, container=38.9)
[WARN] Layout overflow: 'recent_path' extends outside parent 'recent_repo_fixture_repo' bounds (child_rel=[0.0,28.0], child_size=[470.0,24.0], child_end=[470.0,52.0], parent_size=[470.0,38.9], gap=0.0, start_offset=0.0)
[WARN] Layout wrap: 'recent_path' in parent 'recent_repo_.' - NoWrap set but would overflow (child_size=24.0, offset=28.0, container=38.9)
[WARN] Layout overflow: 'recent_path' extends outside parent 'recent_repo_.' bounds (child_rel=[0.0,28.0], child_size=[470.0,24.0], child_end=[470.0,52.0], parent_size=[470.0,38.9], gap=0.0, start_offset=0.0)
[WARN] Layout wrap: 'recent_path' in parent 'recent_repo_floatinghotel' - NoWrap set but would overflow (child_size=24.0, offset=28.0, container=38.9)
[WARN] Layout overflow: 'recent_path' extends outside parent 'recent_repo_floatinghotel' bounds (child_rel=[0.0,28.0], child_size=[470.0,24.0], child_end=[470.0,52.0], parent_size=[470.0,38.9], gap=0.0, start_offset=0.0)
[WARN] Layout wrap: 'recent_path' in parent 'recent_repo_.' - NoWrap set but would overflow (child_size=24.0, offset=28.0, container=38.9)
[WARN] Layout overflow: 'recent_path' extends outside parent 'recent_repo_.' bounds (child_rel=[0.0,28.0], child_size=[470.0,24.0], child_end=[470.0,52.0], parent_size=[470.0,38.9], gap=0.0, start_offset=0.0)
[WARN] Layout wrap: 'recent_path' in parent 'recent_repo_fhclone' - NoWrap set but would overflow (child_size=24.0, offset=28.0, container=38.9)
[WARN] Layout overflow: 'recent_path' extends outside parent 'recent_repo_fhclone' bounds (child_rel=[0.0,28.0], child_size=[470.0,24.0], child_end=[470.0,52.0], parent_size=[470.0,38.9], gap=0.0, start_offset=0.0)
[WARN] Layout wrap: 'recent_path' in parent 'recent_repo_.' - NoWrap set but would overflow (child_size=24.0, offset=28.0, container=38.9)
[WARN] Layout overflow: 'recent_path' extends outside parent 'recent_repo_.' bounds (child_rel=[0.0,28.0], child_size=[470.0,24.0], child_end=[470.0,52.0], parent_size=[470.0,38.9], gap=0.0, start_offset=0.0)
[WARN] Layout wrap: 'recent_path' in parent 'recent_repo_.' - NoWrap set but would overflow (child_size=24.0, offset=28.0, container=38.9)
[WARN] Layout overflow: 'recent_path' extends outside parent 'recent_repo_.' bounds (child_rel=[0.0,28.0], child_size=[470.0,24.0], child_end=[470.0,52.0], parent_size=[470.0,38.9], gap=0.0, start_offset=0.0)
[WARN] Layout wrap: 'recent_path' in parent 'recent_repo_afterhours' - NoWrap set but would overflow (child_size=24.0, offset=28.0, container=38.9)
[WARN] Layout overflow: 'recent_path' extends outside parent 'recent_repo_afterhours' bounds (child_rel=[0.0,28.0], child_size=[470.0,24.0], child_end=[470.0,52.0], parent_size=[470.0,38.9], gap=0.0, start_offset=0.0)
[WARN] Layout wrap: 'recent_path' in parent 'recent_repo_floatinghotel_test_repo' - NoWrap set but would overflow (child_size=24.0, offset=28.0, container=38.9)
[WARN] Layout overflow: 'recent_path' extends outside parent 'recent_repo_floatinghotel_test_repo' bounds (child_rel=[0.0,28.0], child_size=[470.0,24.0], child_end=[470.0,52.0], parent_size=[470.0,38.9], gap=0.0, start_offset=0.0)
[WARN] Layout wrap: 'recent_path' in parent 'recent_repo_fixture_repo' - NoWrap set but would overflow (child_size=24.0, offset=28.0, container=38.9)
[WARN] Layout overflow: 'recent_path' extends outside parent 'recent_repo_fixture_repo' bounds (child_rel=[0.0,28.0], child_size=[470.0,24.0], child_end=[470.0,52.0], parent_size=[470.0,38.9], gap=0.0, start_offset=0.0)
[WARN] Layout wrap: 'recent_path' in parent 'recent_repo_.' - NoWrap set but would overflow (child_size=24.0, offset=28.0, container=38.9)
[WARN] Layout overflow: 'recent_path' extends outside parent 'recent_repo_.' bounds (child_rel=[0.0,28.0], child_size=[470.0,24.0], child_end=[470.0,52.0], parent_size=[470.0,38.9], gap=0.0, start_offset=0.0)
[WARN] Layout wrap: 'recent_path' in parent 'recent_repo_floatinghotel' - NoWrap set but would overflow (child_size=24.0, offset=28.0, container=38.9)
[WARN] Layout overflow: 'recent_path' extends outside parent 'recent_repo_floatinghotel' bounds (child_rel=[0.0,28.0], child_size=[470.0,24.0], child_end=[470.0,52.0], parent_size=[470.0,38.9], gap=0.0, start_offset=0.0)
[WARN] Layout wrap: 'recent_path' in parent 'recent_repo_.' - NoWrap set but would overflow (child_size=24.0, offset=28.0, container=38.9)
[WARN] Layout overflow: 'recent_path' extends outside parent 'recent_repo_.' bounds (child_rel=[0.0,28.0], child_size=[470.0,24.0], child_end=[470.0,52.0], parent_size=[470.0,38.9], gap=0.0, start_offset=0.0)
[WARN] Layout wrap: 'recent_path' in parent 'recent_repo_fhclone' - NoWrap set but would overflow (child_size=24.0, offset=28.0, container=38.9)
[WARN] Layout overflow: 'recent_path' extends outside parent 'recent_repo_fhclone' bounds (child_rel=[0.0,28.0], child_size=[470.0,24.0], child_end=[470.0,52.0], parent_size=[470.0,38.9], gap=0.0, start_offset=0.0)
[WARN] Layout wrap: 'recent_path' in parent 'recent_repo_.' - NoWrap set but would overflow (child_size=24.0, offset=28.0, container=38.9)
[WARN] Layout overflow: 'recent_path' extends outside parent 'recent_repo_.' bounds (child_rel=[0.0,28.0], child_size=[470.0,24.0], child_end=[470.0,52.0], parent_size=[470.0,38.9], gap=0.0, start_offset=0.0)
[WARN] Layout wrap: 'recent_path' in parent 'recent_repo_.' - NoWrap set but would overflow (child_size=24.0, offset=28.0, container=38.9)
[WARN] Layout overflow: 'recent_path' extends outside parent 'recent_repo_.' bounds (child_rel=[0.0,28.0], child_size=[470.0,24.0], child_end=[470.0,52.0], parent_size=[470.0,38.9], gap=0.0, start_offset=0.0)
[WARN] Layout wrap: 'Review' in parent 'sidebar_review' - NoWrap set but would overflow (child_size=77.0, offset=44.0, container=73.0)
[WARN] Layout overflow: 'Review' extends outside parent 'sidebar_review' bounds (child_rel=[44.0,0.0], child_size=[77.0,52.0], child_end=[121.0,52.0], parent_size=[73.0,52.0], gap=12.0, start_offset=0.0)
[WARN] Layout wrap: 'Files' in parent 'sidebar_working_files' - NoWrap set but would overflow (child_size=50.0, offset=44.0, container=73.0)
[WARN] Layout overflow: 'Files' extends outside parent 'sidebar_working_files' bounds (child_rel=[44.0,0.0], child_size=[50.0,52.0], child_end=[94.0,52.0], parent_size=[73.0,52.0], gap=12.0, start_offset=0.0)
[WARN] Layout wrap: '' in parent '' - NoWrap set but would overflow (child_size=192.0, offset=16.0, container=146.0)
[WARN] Layout overflow: '' extends outside parent '' bounds (child_rel=[16.0,4.0], child_size=[192.0,40.0], child_end=[208.0,44.0], parent_size=[146.0,48.0], gap=16.0, start_offset=0.0)
[WARN] Layout wrap: 'Review' in parent 'sidebar_review' - NoWrap set but would overflow (child_size=77.0, offset=44.0, container=73.0)
[WARN] Layout overflow: 'Review' extends outside parent 'sidebar_review' bounds (child_rel=[44.0,0.0], child_size=[77.0,52.0], child_end=[121.0,52.0], parent_size=[73.0,52.0], gap=12.0, start_offset=0.0)
[WARN] Layout wrap: 'Files' in parent 'sidebar_working_files' - NoWrap set but would overflow (child_size=50.0, offset=44.0, container=73.0)
[WARN] Layout overflow: 'Files' extends outside parent 'sidebar_working_files' bounds (child_rel=[44.0,0.0], child_size=[50.0,52.0], child_end=[94.0,52.0], parent_size=[73.0,52.0], gap=12.0, start_offset=0.0)
[WARN] Layout wrap: '' in parent '' - NoWrap set but would overflow (child_size=192.0, offset=16.0, container=146.0)
[WARN] Layout overflow: '' extends outside parent '' bounds (child_rel=[16.0,4.0], child_size=[192.0,40.0], child_end=[208.0,44.0], parent_size=[146.0,48.0], gap=16.0, start_offset=0.0)
[WARN] Layout wrap: 'Review' in parent 'sidebar_review' - NoWrap set but would overflow (child_size=77.0, offset=44.0, container=73.0)
[WARN] Layout overflow: 'Review' extends outside parent 'sidebar_review' bounds (child_rel=[44.0,0.0], child_size=[77.0,52.0], child_end=[121.0,52.0], parent_size=[73.0,52.0], gap=12.0, start_offset=0.0)
[WARN] Layout wrap: 'Files' in parent 'sidebar_working_files' - NoWrap set but would overflow (child_size=50.0, offset=44.0, container=73.0)
[WARN] Layout overflow: 'Files' extends outside parent 'sidebar_working_files' bounds (child_rel=[44.0,0.0], child_size=[50.0,52.0], child_end=[94.0,52.0], parent_size=[73.0,52.0], gap=12.0, start_offset=0.0)
[WARN] Layout wrap: '' in parent '' - NoWrap set but would overflow (child_size=192.0, offset=16.0, container=146.0)
[WARN] Layout overflow: '' extends outside parent '' bounds (child_rel=[16.0,4.0], child_size=[192.0,40.0], child_end=[208.0,44.0], parent_size=[146.0,48.0], gap=16.0, start_offset=0.0)
[WARN] Layout wrap: 'Review' in parent 'sidebar_review' - NoWrap set but would overflow (child_size=77.0, offset=44.0, container=73.0)
[WARN] Layout overflow: 'Review' extends outside parent 'sidebar_review' bounds (child_rel=[44.0,0.0], child_size=[77.0,52.0], child_end=[121.0,52.0], parent_size=[73.0,52.0], gap=12.0, start_offset=0.0)
[WARN] Layout wrap: 'Files' in parent 'sidebar_working_files' - NoWrap set but would overflow (child_size=50.0, offset=44.0, container=73.0)
[WARN] Layout overflow: 'Files' extends outside parent 'sidebar_working_files' bounds (child_rel=[44.0,0.0], child_size=[50.0,52.0], child_end=[94.0,52.0], parent_size=[73.0,52.0], gap=12.0, start_offset=0.0)
[WARN] Layout wrap: '' in parent '' - NoWrap set but would overflow (child_size=192.0, offset=16.0, container=146.0)
[WARN] Layout overflow: '' extends outside parent '' bounds (child_rel=[16.0,4.0], child_size=[192.0,40.0], child_end=[208.0,44.0], parent_size=[146.0,48.0], gap=16.0, start_offset=0.0)
[WARN] Layout wrap: 'Review' in parent 'sidebar_review' - NoWrap set but would overflow (child_size=77.0, offset=44.0, container=73.0)
[WARN] Layout overflow: 'Review' extends outside parent 'sidebar_review' bounds (child_rel=[44.0,0.0], child_size=[77.0,52.0], child_end=[121.0,52.0], parent_size=[73.0,52.0], gap=12.0, start_offset=0.0)
[WARN] Layout wrap: 'Files' in parent 'sidebar_working_files' - NoWrap set but would overflow (child_size=50.0, offset=44.0, container=73.0)
[WARN] Layout overflow: 'Files' extends outside parent 'sidebar_working_files' bounds (child_rel=[44.0,0.0], child_size=[50.0,52.0], child_end=[94.0,52.0], parent_size=[73.0,52.0], gap=12.0, start_offset=0.0)
[WARN] Layout wrap: '' in parent '' - NoWrap set but would overflow (child_size=192.0, offset=16.0, container=146.0)
[WARN] Layout overflow: '' extends outside parent '' bounds (child_rel=[16.0,4.0], child_size=[192.0,40.0], child_end=[208.0,44.0], parent_size=[146.0,48.0], gap=16.0, start_offset=0.0)
[WARN] Layout wrap: 'Review' in parent 'sidebar_review' - NoWrap set but would overflow (child_size=77.0, offset=44.0, container=73.0)
[WARN] Layout overflow: 'Review' extends outside parent 'sidebar_review' bounds (child_rel=[44.0,0.0], child_size=[77.0,52.0], child_end=[121.0,52.0], parent_size=[73.0,52.0], gap=12.0, start_offset=0.0)
[WARN] Layout wrap: 'Files' in parent 'sidebar_working_files' - NoWrap set but would overflow (child_size=50.0, offset=44.0, container=73.0)
[WARN] Layout overflow: 'Files' extends outside parent 'sidebar_working_files' bounds (child_rel=[44.0,0.0], child_size=[50.0,52.0], child_end=[94.0,52.0], parent_size=[73.0,52.0], gap=12.0, start_offset=0.0)
[WARN] Layout wrap: '' in parent '' - NoWrap set but would overflow (child_size=192.0, offset=16.0, container=146.0)
[WARN] Layout overflow: '' extends outside parent '' bounds (child_rel=[16.0,4.0], child_size=[192.0,40.0], child_end=[208.0,44.0], parent_size=[146.0,48.0], gap=16.0, start_offset=0.0)
[WARN] Layout wrap: 'Review' in parent 'sidebar_review' - NoWrap set but would overflow (child_size=77.0, offset=44.0, container=73.0)
[WARN] Layout overflow: 'Review' extends outside parent 'sidebar_review' bounds (child_rel=[44.0,0.0], child_size=[77.0,52.0], child_end=[121.0,52.0], parent_size=[73.0,52.0], gap=12.0, start_offset=0.0)
[WARN] Layout wrap: 'Files' in parent 'sidebar_working_files' - NoWrap set but would overflow (child_size=50.0, offset=44.0, container=73.0)
[WARN] Layout overflow: 'Files' extends outside parent 'sidebar_working_files' bounds (child_rel=[44.0,0.0], child_size=[50.0,52.0], child_end=[94.0,52.0], parent_size=[73.0,52.0], gap=12.0, start_offset=0.0)
[WARN] Layout wrap: '' in parent '' - NoWrap set but would overflow (child_size=192.0, offset=16.0, container=146.0)
[WARN] Layout overflow: '' extends outside parent '' bounds (child_rel=[16.0,4.0], child_size=[192.0,40.0], child_end=[208.0,44.0], parent_size=[146.0,48.0], gap=16.0, start_offset=0.0)
[WARN] Layout wrap: 'Review' in parent 'sidebar_review' - NoWrap set but would overflow (child_size=77.0, offset=44.0, container=73.0)
[WARN] Layout overflow: 'Review' extends outside parent 'sidebar_review' bounds (child_rel=[44.0,0.0], child_size=[77.0,52.0], child_end=[121.0,52.0], parent_size=[73.0,52.0], gap=12.0, start_offset=0.0)
[WARN] Layout wrap: 'Files' in parent 'sidebar_working_files' - NoWrap set but would overflow (child_size=50.0, offset=44.0, container=73.0)
[WARN] Layout overflow: 'Files' extends outside parent 'sidebar_working_files' bounds (child_rel=[44.0,0.0], child_size=[50.0,52.0], child_end=[94.0,52.0], parent_size=[73.0,52.0], gap=12.0, start_offset=0.0)
[WARN] Layout wrap: '' in parent '' - NoWrap set but would overflow (child_size=192.0, offset=16.0, container=146.0)
[WARN] Layout overflow: '' extends outside parent '' bounds (child_rel=[16.0,4.0], child_size=[192.0,40.0], child_end=[208.0,44.0], parent_size=[146.0,48.0], gap=16.0, start_offset=0.0)
[WARN] Layout wrap: 'Review' in parent 'sidebar_review' - NoWrap set but would overflow (child_size=77.0, offset=44.0, container=73.0)
[WARN] Layout overflow: 'Review' extends outside parent 'sidebar_review' bounds (child_rel=[44.0,0.0], child_size=[77.0,52.0], child_end=[121.0,52.0], parent_size=[73.0,52.0], gap=12.0, start_offset=0.0)
[WARN] Layout wrap: 'Files' in parent 'sidebar_working_files' - NoWrap set but would overflow (child_size=50.0, offset=44.0, container=73.0)
[WARN] Layout overflow: 'Files' extends outside parent 'sidebar_working_files' bounds (child_rel=[44.0,0.0], child_size=[50.0,52.0], child_end=[94.0,52.0], parent_size=[73.0,52.0], gap=12.0, start_offset=0.0)
[WARN] Layout wrap: '' in parent '' - NoWrap set but would overflow (child_size=192.0, offset=16.0, container=146.0)
[WARN] Layout overflow: '' extends outside parent '' bounds (child_rel=[16.0,4.0], child_size=[192.0,40.0], child_end=[208.0,44.0], parent_size=[146.0,48.0], gap=16.0, start_offset=0.0)
[WARN] Layout wrap: 'Review' in parent 'sidebar_review' - NoWrap set but would overflow (child_size=77.0, offset=44.0, container=73.0)
[WARN] Layout overflow: 'Review' extends outside parent 'sidebar_review' bounds (child_rel=[44.0,0.0], child_size=[77.0,52.0], child_end=[121.0,52.0], parent_size=[73.0,52.0], gap=12.0, start_offset=0.0)
[WARN] Layout wrap: 'Files' in parent 'sidebar_working_files' - NoWrap set but would overflow (child_size=50.0, offset=44.0, container=73.0)
[WARN] Layout overflow: 'Files' extends outside parent 'sidebar_working_files' bounds (child_rel=[44.0,0.0], child_size=[50.0,52.0], child_end=[94.0,52.0], parent_size=[73.0,52.0], gap=12.0, start_offset=0.0)
[WARN] Layout wrap: '' in parent '' - NoWrap set but would overflow (child_size=192.0, offset=16.0, container=146.0)
[WARN] Layout overflow: '' extends outside parent '' bounds (child_rel=[16.0,4.0], child_size=[192.0,40.0], child_end=[208.0,44.0], parent_size=[146.0,48.0], gap=16.0, start_offset=0.0)
[WARN] Layout wrap: 'Review' in parent 'sidebar_review' - NoWrap set but would overflow (child_size=77.0, offset=44.0, container=73.0)
[WARN] Layout overflow: 'Review' extends outside parent 'sidebar_review' bounds (child_rel=[44.0,0.0], child_size=[77.0,52.0], child_end=[121.0,52.0], parent_size=[73.0,52.0], gap=12.0, start_offset=0.0)
[WARN] Layout wrap: 'Files' in parent 'sidebar_working_files' - NoWrap set but would overflow (child_size=50.0, offset=44.0, container=73.0)
[WARN] Layout overflow: 'Files' extends outside parent 'sidebar_working_files' bounds (child_rel=[44.0,0.0], child_size=[50.0,52.0], child_end=[94.0,52.0], parent_size=[73.0,52.0], gap=12.0, start_offset=0.0)
[WARN] Layout wrap: '' in parent '' - NoWrap set but would overflow (child_size=192.0, offset=16.0, container=146.0)
[WARN] Layout overflow: '' extends outside parent '' bounds (child_rel=[16.0,4.0], child_size=[192.0,40.0], child_end=[208.0,44.0], parent_size=[146.0,48.0], gap=16.0, start_offset=0.0)
[WARN] Layout wrap: 'Review' in parent 'sidebar_review' - NoWrap set but would overflow (child_size=77.0, offset=44.0, container=73.0)
[WARN] Layout overflow: 'Review' extends outside parent 'sidebar_review' bounds (child_rel=[44.0,0.0], child_size=[77.0,52.0], child_end=[121.0,52.0], parent_size=[73.0,52.0], gap=12.0, start_offset=0.0)
[WARN] Layout wrap: 'Files' in parent 'sidebar_working_files' - NoWrap set but would overflow (child_size=50.0, offset=44.0, container=73.0)
[WARN] Layout overflow: 'Files' extends outside parent 'sidebar_working_files' bounds (child_rel=[44.0,0.0], child_size=[50.0,52.0], child_end=[94.0,52.0], parent_size=[73.0,52.0], gap=12.0, start_offset=0.0)
[WARN] Layout wrap: '' in parent '' - NoWrap set but would overflow (child_size=192.0, offset=16.0, container=146.0)
[WARN] Layout overflow: '' extends outside parent '' bounds (child_rel=[16.0,4.0], child_size=[192.0,40.0], child_end=[208.0,44.0], parent_size=[146.0,48.0], gap=16.0, start_offset=0.0)
[WARN] Layout wrap: 'Review' in parent 'sidebar_review' - NoWrap set but would overflow (child_size=77.0, offset=44.0, container=73.0)
[WARN] Layout overflow: 'Review' extends outside parent 'sidebar_review' bounds (child_rel=[44.0,0.0], child_size=[77.0,52.0], child_end=[121.0,52.0], parent_size=[73.0,52.0], gap=12.0, start_offset=0.0)
[WARN] Layout wrap: 'Files' in parent 'sidebar_working_files' - NoWrap set but would overflow (child_size=50.0, offset=44.0, container=73.0)
[WARN] Layout overflow: 'Files' extends outside parent 'sidebar_working_files' bounds (child_rel=[44.0,0.0], child_size=[50.0,52.0], child_end=[94.0,52.0], parent_size=[73.0,52.0], gap=12.0, start_offset=0.0)
[WARN] Layout wrap: '' in parent '' - NoWrap set but would overflow (child_size=192.0, offset=16.0, container=146.0)
[WARN] Layout overflow: '' extends outside parent '' bounds (child_rel=[16.0,4.0], child_size=[192.0,40.0], child_end=[208.0,44.0], parent_size=[146.0,48.0], gap=16.0, start_offset=0.0)
[WARN] Layout wrap: 'Review' in parent 'sidebar_review' - NoWrap set but would overflow (child_size=77.0, offset=44.0, container=73.0)
[WARN] Layout overflow: 'Review' extends outside parent 'sidebar_review' bounds (child_rel=[44.0,0.0], child_size=[77.0,52.0], child_end=[121.0,52.0], parent_size=[73.0,52.0], gap=12.0, start_offset=0.0)
[WARN] Layout wrap: 'Files' in parent 'sidebar_working_files' - NoWrap set but would overflow (child_size=50.0, offset=44.0, container=73.0)
[WARN] Layout overflow: 'Files' extends outside parent 'sidebar_working_files' bounds (child_rel=[44.0,0.0], child_size=[50.0,52.0], child_end=[94.0,52.0], parent_size=[73.0,52.0], gap=12.0, start_offset=0.0)
[WARN] Layout wrap: '' in parent '' - NoWrap set but would overflow (child_size=192.0, offset=16.0, container=146.0)
[WARN] Layout overflow: '' extends outside parent '' bounds (child_rel=[16.0,4.0], child_size=[192.0,40.0], child_end=[208.0,44.0], parent_size=[146.0,48.0], gap=16.0, start_offset=0.0)
[WARN] Layout wrap: 'Review' in parent 'sidebar_review' - NoWrap set but would overflow (child_size=77.0, offset=44.0, container=73.0)
[WARN] Layout overflow: 'Review' extends outside parent 'sidebar_review' bounds (child_rel=[44.0,0.0], child_size=[77.0,52.0], child_end=[121.0,52.0], parent_size=[73.0,52.0], gap=12.0, start_offset=0.0)
[WARN] Layout wrap: 'Files' in parent 'sidebar_working_files' - NoWrap set but would overflow (child_size=50.0, offset=44.0, container=73.0)
[WARN] Layout overflow: 'Files' extends outside parent 'sidebar_working_files' bounds (child_rel=[44.0,0.0], child_size=[50.0,52.0], child_end=[94.0,52.0], parent_size=[73.0,52.0], gap=12.0, start_offset=0.0)
[WARN] Layout wrap: '' in parent '' - NoWrap set but would overflow (child_size=192.0, offset=16.0, container=146.0)
[WARN] Layout overflow: '' extends outside parent '' bounds (child_rel=[16.0,4.0], child_size=[192.0,40.0], child_end=[208.0,44.0], parent_size=[146.0,48.0], gap=16.0, start_offset=0.0)
[WARN] Layout wrap: 'Review' in parent 'sidebar_review' - NoWrap set but would overflow (child_size=77.0, offset=44.0, container=73.0)
[WARN] Layout overflow: 'Review' extends outside parent 'sidebar_review' bounds (child_rel=[44.0,0.0], child_size=[77.0,52.0], child_end=[121.0,52.0], parent_size=[73.0,52.0], gap=12.0, start_offset=0.0)
[WARN] Layout wrap: 'Files' in parent 'sidebar_working_files' - NoWrap set but would overflow (child_size=50.0, offset=44.0, container=73.0)
[WARN] Layout overflow: 'Files' extends outside parent 'sidebar_working_files' bounds (child_rel=[44.0,0.0], child_size=[50.0,52.0], child_end=[94.0,52.0], parent_size=[73.0,52.0], gap=12.0, start_offset=0.0)
[WARN] Layout wrap: '' in parent '' - NoWrap set but would overflow (child_size=192.0, offset=16.0, container=146.0)
[WARN] Layout overflow: '' extends outside parent '' bounds (child_rel=[16.0,4.0], child_size=[192.0,40.0], child_end=[208.0,44.0], parent_size=[146.0,48.0], gap=16.0, start_offset=0.0)
[WARN] Layout wrap: 'Review' in parent 'sidebar_review' - NoWrap set but would overflow (child_size=77.0, offset=44.0, container=73.0)
[WARN] Layout overflow: 'Review' extends outside parent 'sidebar_review' bounds (child_rel=[44.0,0.0], child_size=[77.0,52.0], child_end=[121.0,52.0], parent_size=[73.0,52.0], gap=12.0, start_offset=0.0)
[WARN] Layout wrap: 'Files' in parent 'sidebar_working_files' - NoWrap set but would overflow (child_size=50.0, offset=44.0, container=73.0)
[WARN] Layout overflow: 'Files' extends outside parent 'sidebar_working_files' bounds (child_rel=[44.0,0.0], child_size=[50.0,52.0], child_end=[94.0,52.0], parent_size=[73.0,52.0], gap=12.0, start_offset=0.0)
[WARN] Layout wrap: '' in parent '' - NoWrap set but would overflow (child_size=192.0, offset=16.0, container=146.0)
[WARN] Layout overflow: '' extends outside parent '' bounds (child_rel=[16.0,4.0], child_size=[192.0,40.0], child_end=[208.0,44.0], parent_size=[146.0,48.0], gap=16.0, start_offset=0.0)
[WARN] Layout wrap: 'Review' in parent 'sidebar_review' - NoWrap set but would overflow (child_size=77.0, offset=44.0, container=73.0)
[WARN] Layout overflow: 'Review' extends outside parent 'sidebar_review' bounds (child_rel=[44.0,0.0], child_size=[77.0,52.0], child_end=[121.0,52.0], parent_size=[73.0,52.0], gap=12.0, start_offset=0.0)
[WARN] Layout wrap: 'Files' in parent 'sidebar_working_files' - NoWrap set but would overflow (child_size=50.0, offset=44.0, container=73.0)
[WARN] Layout overflow: 'Files' extends outside parent 'sidebar_working_files' bounds (child_rel=[44.0,0.0], child_size=[50.0,52.0], child_end=[94.0,52.0], parent_size=[73.0,52.0], gap=12.0, start_offset=0.0)
[WARN] Layout wrap: '' in parent '' - NoWrap set but would overflow (child_size=192.0, offset=16.0, container=146.0)
[WARN] Layout overflow: '' extends outside parent '' bounds (child_rel=[16.0,4.0], child_size=[192.0,40.0], child_end=[208.0,44.0], parent_size=[146.0,48.0], gap=16.0, start_offset=0.0)
[WARN] Layout wrap: 'Review' in parent 'sidebar_review' - NoWrap set but would overflow (child_size=77.0, offset=44.0, container=73.0)
[WARN] Layout overflow: 'Review' extends outside parent 'sidebar_review' bounds (child_rel=[44.0,0.0], child_size=[77.0,52.0], child_end=[121.0,52.0], parent_size=[73.0,52.0], gap=12.0, start_offset=0.0)
[WARN] Layout wrap: 'Files' in parent 'sidebar_working_files' - NoWrap set but would overflow (child_size=50.0, offset=44.0, container=73.0)
[WARN] Layout overflow: 'Files' extends outside parent 'sidebar_working_files' bounds (child_rel=[44.0,0.0], child_size=[50.0,52.0], child_end=[94.0,52.0], parent_size=[73.0,52.0], gap=12.0, start_offset=0.0)
[WARN] Layout wrap: '' in parent '' - NoWrap set but would overflow (child_size=192.0, offset=16.0, container=146.0)
[WARN] Layout overflow: '' extends outside parent '' bounds (child_rel=[16.0,4.0], child_size=[192.0,40.0], child_end=[208.0,44.0], parent_size=[146.0,48.0], gap=16.0, start_offset=0.0)
[WARN] Layout wrap: 'Review' in parent 'sidebar_review' - NoWrap set but would overflow (child_size=77.0, offset=44.0, container=73.0)
[WARN] Layout overflow: 'Review' extends outside parent 'sidebar_review' bounds (child_rel=[44.0,0.0], child_size=[77.0,52.0], child_end=[121.0,52.0], parent_size=[73.0,52.0], gap=12.0, start_offset=0.0)
[WARN] Layout wrap: 'Files' in parent 'sidebar_working_files' - NoWrap set but would overflow (child_size=50.0, offset=44.0, container=73.0)
[WARN] Layout overflow: 'Files' extends outside parent 'sidebar_working_files' bounds (child_rel=[44.0,0.0], child_size=[50.0,52.0], child_end=[94.0,52.0], parent_size=[73.0,52.0], gap=12.0, start_offset=0.0)
[WARN] Layout wrap: '' in parent '' - NoWrap set but would overflow (child_size=192.0, offset=16.0, container=146.0)
[WARN] Layout overflow: '' extends outside parent '' bounds (child_rel=[16.0,4.0], child_size=[192.0,40.0], child_end=[208.0,44.0], parent_size=[146.0,48.0], gap=16.0, start_offset=0.0)
[WARN] Layout wrap: 'Review' in parent 'sidebar_review' - NoWrap set but would overflow (child_size=77.0, offset=44.0, container=73.0)
[WARN] Layout overflow: 'Review' extends outside parent 'sidebar_review' bounds (child_rel=[44.0,0.0], child_size=[77.0,52.0], child_end=[121.0,52.0], parent_size=[73.0,52.0], gap=12.0, start_offset=0.0)
[WARN] Layout wrap: 'Files' in parent 'sidebar_working_files' - NoWrap set but would overflow (child_size=50.0, offset=44.0, container=73.0)
[WARN] Layout overflow: 'Files' extends outside parent 'sidebar_working_files' bounds (child_rel=[44.0,0.0], child_size=[50.0,52.0], child_end=[94.0,52.0], parent_size=[73.0,52.0], gap=12.0, start_offset=0.0)
[WARN] Layout wrap: '' in parent '' - NoWrap set but would overflow (child_size=192.0, offset=16.0, container=146.0)
[WARN] Layout overflow: '' extends outside parent '' bounds (child_rel=[16.0,4.0], child_size=[192.0,40.0], child_end=[208.0,44.0], parent_size=[146.0,48.0], gap=16.0, start_offset=0.0)
[WARN] Layout wrap: 'Review' in parent 'sidebar_review' - NoWrap set but would overflow (child_size=77.0, offset=44.0, container=73.0)
[WARN] Layout overflow: 'Review' extends outside parent 'sidebar_review' bounds (child_rel=[44.0,0.0], child_size=[77.0,52.0], child_end=[121.0,52.0], parent_size=[73.0,52.0], gap=12.0, start_offset=0.0)
[WARN] Layout wrap: 'Files' in parent 'sidebar_working_files' - NoWrap set but would overflow (child_size=50.0, offset=44.0, container=73.0)
[WARN] Layout overflow: 'Files' extends outside parent 'sidebar_working_files' bounds (child_rel=[44.0,0.0], child_size=[50.0,52.0], child_end=[94.0,52.0], parent_size=[73.0,52.0], gap=12.0, start_offset=0.0)
[WARN] Layout wrap: '' in parent '' - NoWrap set but would overflow (child_size=192.0, offset=16.0, container=146.0)
[WARN] Layout overflow: '' extends outside parent '' bounds (child_rel=[16.0,4.0], child_size=[192.0,40.0], child_end=[208.0,44.0], parent_size=[146.0,48.0], gap=16.0, start_offset=0.0)
[WARN] Layout wrap: 'Review' in parent 'sidebar_review' - NoWrap set but would overflow (child_size=77.0, offset=44.0, container=73.0)
[WARN] Layout overflow: 'Review' extends outside parent 'sidebar_review' bounds (child_rel=[44.0,0.0], child_size=[77.0,52.0], child_end=[121.0,52.0], parent_size=[73.0,52.0], gap=12.0, start_offset=0.0)
[WARN] Layout wrap: 'Files' in parent 'sidebar_working_files' - NoWrap set but would overflow (child_size=50.0, offset=44.0, container=73.0)
[WARN] Layout overflow: 'Files' extends outside parent 'sidebar_working_files' bounds (child_rel=[44.0,0.0], child_size=[50.0,52.0], child_end=[94.0,52.0], parent_size=[73.0,52.0], gap=12.0, start_offset=0.0)
[WARN] Layout wrap: '' in parent '' - NoWrap set but would overflow (child_size=192.0, offset=16.0, container=146.0)
[WARN] Layout overflow: '' extends outside parent '' bounds (child_rel=[16.0,4.0], child_size=[192.0,40.0], child_end=[208.0,44.0], parent_size=[146.0,48.0], gap=16.0, start_offset=0.0)
[WARN] Layout wrap: 'Review' in parent 'sidebar_review' - NoWrap set but would overflow (child_size=77.0, offset=44.0, container=73.0)
[WARN] Layout overflow: 'Review' extends outside parent 'sidebar_review' bounds (child_rel=[44.0,0.0], child_size=[77.0,52.0], child_end=[121.0,52.0], parent_size=[73.0,52.0], gap=12.0, start_offset=0.0)
[WARN] Layout wrap: 'Files' in parent 'sidebar_working_files' - NoWrap set but would overflow (child_size=50.0, offset=44.0, container=73.0)
[WARN] Layout overflow: 'Files' extends outside parent 'sidebar_working_files' bounds (child_rel=[44.0,0.0], child_size=[50.0,52.0], child_end=[94.0,52.0], parent_size=[73.0,52.0], gap=12.0, start_offset=0.0)
[WARN] Layout wrap: '' in parent '' - NoWrap set but would overflow (child_size=192.0, offset=16.0, container=146.0)
[WARN] Layout overflow: '' extends outside parent '' bounds (child_rel=[16.0,4.0], child_size=[192.0,40.0], child_end=[208.0,44.0], parent_size=[146.0,48.0], gap=16.0, start_offset=0.0)
[WARN] Layout wrap: 'Review' in parent 'sidebar_review' - NoWrap set but would overflow (child_size=77.0, offset=44.0, container=73.0)
[WARN] Layout overflow: 'Review' extends outside parent 'sidebar_review' bounds (child_rel=[44.0,0.0], child_size=[77.0,52.0], child_end=[121.0,52.0], parent_size=[73.0,52.0], gap=12.0, start_offset=0.0)
[WARN] Layout wrap: 'Files' in parent 'sidebar_working_files' - NoWrap set but would overflow (child_size=50.0, offset=44.0, container=73.0)
[WARN] Layout overflow: 'Files' extends outside parent 'sidebar_working_files' bounds (child_rel=[44.0,0.0], child_size=[50.0,52.0], child_end=[94.0,52.0], parent_size=[73.0,52.0], gap=12.0, start_offset=0.0)
[WARN] Layout wrap: '' in parent '' - NoWrap set but would overflow (child_size=192.0, offset=16.0, container=146.0)
[WARN] Layout overflow: '' extends outside parent '' bounds (child_rel=[16.0,4.0], child_size=[192.0,40.0], child_end=[208.0,44.0], parent_size=[146.0,48.0], gap=16.0, start_offset=0.0)
[WARN] Layout wrap: 'Review' in parent 'sidebar_review' - NoWrap set but would overflow (child_size=77.0, offset=44.0, container=73.0)
[WARN] Layout overflow: 'Review' extends outside parent 'sidebar_review' bounds (child_rel=[44.0,0.0], child_size=[77.0,52.0], child_end=[121.0,52.0], parent_size=[73.0,52.0], gap=12.0, start_offset=0.0)
[WARN] Layout wrap: 'Files' in parent 'sidebar_working_files' - NoWrap set but would overflow (child_size=50.0, offset=44.0, container=73.0)
[WARN] Layout overflow: 'Files' extends outside parent 'sidebar_working_files' bounds (child_rel=[44.0,0.0], child_size=[50.0,52.0], child_end=[94.0,52.0], parent_size=[73.0,52.0], gap=12.0, start_offset=0.0)
[WARN] Layout wrap: '' in parent '' - NoWrap set but would overflow (child_size=192.0, offset=16.0, container=146.0)
[WARN] Layout overflow: '' extends outside parent '' bounds (child_rel=[16.0,4.0], child_size=[192.0,40.0], child_end=[208.0,44.0], parent_size=[146.0,48.0], gap=16.0, start_offset=0.0)
[WARN] Layout wrap: 'Review' in parent 'sidebar_review' - NoWrap set but would overflow (child_size=77.0, offset=44.0, container=73.0)
[WARN] Layout overflow: 'Review' extends outside parent 'sidebar_review' bounds (child_rel=[44.0,0.0], child_size=[77.0,52.0], child_end=[121.0,52.0], parent_size=[73.0,52.0], gap=12.0, start_offset=0.0)
[WARN] Layout wrap: 'Files' in parent 'sidebar_working_files' - NoWrap set but would overflow (child_size=50.0, offset=44.0, container=73.0)
[WARN] Layout overflow: 'Files' extends outside parent 'sidebar_working_files' bounds (child_rel=[44.0,0.0], child_size=[50.0,52.0], child_end=[94.0,52.0], parent_size=[73.0,52.0], gap=12.0, start_offset=0.0)
[WARN] Layout wrap: '' in parent '' - NoWrap set but would overflow (child_size=192.0, offset=16.0, container=146.0)
[WARN] Layout overflow: '' extends outside parent '' bounds (child_rel=[16.0,4.0], child_size=[192.0,40.0], child_end=[208.0,44.0], parent_size=[146.0,48.0], gap=16.0, start_offset=0.0)
[WARN] Layout wrap: 'Review' in parent 'sidebar_review' - NoWrap set but would overflow (child_size=77.0, offset=44.0, container=73.0)
[WARN] Layout overflow: 'Review' extends outside parent 'sidebar_review' bounds (child_rel=[44.0,0.0], child_size=[77.0,52.0], child_end=[121.0,52.0], parent_size=[73.0,52.0], gap=12.0, start_offset=0.0)
[WARN] Layout wrap: 'Files' in parent 'sidebar_working_files' - NoWrap set but would overflow (child_size=50.0, offset=44.0, container=73.0)
[WARN] Layout overflow: 'Files' extends outside parent 'sidebar_working_files' bounds (child_rel=[44.0,0.0], child_size=[50.0,52.0], child_end=[94.0,52.0], parent_size=[73.0,52.0], gap=12.0, start_offset=0.0)
[WARN] Layout wrap: '' in parent '' - NoWrap set but would overflow (child_size=192.0, offset=16.0, container=146.0)
[WARN] Layout overflow: '' extends outside parent '' bounds (child_rel=[16.0,4.0], child_size=[192.0,40.0], child_end=[208.0,44.0], parent_size=[146.0,48.0], gap=16.0, start_offset=0.0)
[WARN] Layout wrap: 'Review' in parent 'sidebar_review' - NoWrap set but would overflow (child_size=77.0, offset=44.0, container=73.0)
[WARN] Layout overflow: 'Review' extends outside parent 'sidebar_review' bounds (child_rel=[44.0,0.0], child_size=[77.0,52.0], child_end=[121.0,52.0], parent_size=[73.0,52.0], gap=12.0, start_offset=0.0)
[WARN] Layout wrap: 'Files' in parent 'sidebar_working_files' - NoWrap set but would overflow (child_size=50.0, offset=44.0, container=73.0)
[WARN] Layout overflow: 'Files' extends outside parent 'sidebar_working_files' bounds (child_rel=[44.0,0.0], child_size=[50.0,52.0], child_end=[94.0,52.0], parent_size=[73.0,52.0], gap=12.0, start_offset=0.0)
[WARN] Layout wrap: '' in parent '' - NoWrap set but would overflow (child_size=192.0, offset=16.0, container=146.0)
[WARN] Layout overflow: '' extends outside parent '' bounds (child_rel=[16.0,4.0], child_size=[192.0,40.0], child_end=[208.0,44.0], parent_size=[146.0,48.0], gap=16.0, start_offset=0.0)
[WARN] Layout wrap: 'Review' in parent 'sidebar_review' - NoWrap set but would overflow (child_size=77.0, offset=44.0, container=73.0)
[WARN] Layout overflow: 'Review' extends outside parent 'sidebar_review' bounds (child_rel=[44.0,0.0], child_size=[77.0,52.0], child_end=[121.0,52.0], parent_size=[73.0,52.0], gap=12.0, start_offset=0.0)
[WARN] Layout wrap: 'Files' in parent 'sidebar_working_files' - NoWrap set but would overflow (child_size=50.0, offset=44.0, container=73.0)
[WARN] Layout overflow: 'Files' extends outside parent 'sidebar_working_files' bounds (child_rel=[44.0,0.0], child_size=[50.0,52.0], child_end=[94.0,52.0], parent_size=[73.0,52.0], gap=12.0, start_offset=0.0)
[WARN] Layout wrap: '' in parent '' - NoWrap set but would overflow (child_size=192.0, offset=16.0, container=146.0)
[WARN] Layout overflow: '' extends outside parent '' bounds (child_rel=[16.0,4.0], child_size=[192.0,40.0], child_end=[208.0,44.0], parent_size=[146.0,48.0], gap=16.0, start_offset=0.0)
[WARN] Layout wrap: 'Review' in parent 'sidebar_review' - NoWrap set but would overflow (child_size=77.0, offset=44.0, container=73.0)
[WARN] Layout overflow: 'Review' extends outside parent 'sidebar_review' bounds (child_rel=[44.0,0.0], child_size=[77.0,52.0], child_end=[121.0,52.0], parent_size=[73.0,52.0], gap=12.0, start_offset=0.0)
[WARN] Layout wrap: 'Files' in parent 'sidebar_working_files' - NoWrap set but would overflow (child_size=50.0, offset=44.0, container=73.0)
[WARN] Layout overflow: 'Files' extends outside parent 'sidebar_working_files' bounds (child_rel=[44.0,0.0], child_size=[50.0,52.0], child_end=[94.0,52.0], parent_size=[73.0,52.0], gap=12.0, start_offset=0.0)
[WARN] Layout wrap: '' in parent '' - NoWrap set but would overflow (child_size=192.0, offset=16.0, container=146.0)
[WARN] Layout overflow: '' extends outside parent '' bounds (child_rel=[16.0,4.0], child_size=[192.0,40.0], child_end=[208.0,44.0], parent_size=[146.0,48.0], gap=16.0, start_offset=0.0)
[WARN] Layout wrap: 'Review' in parent 'sidebar_review' - NoWrap set but would overflow (child_size=77.0, offset=44.0, container=73.0)
[WARN] Layout overflow: 'Review' extends outside parent 'sidebar_review' bounds (child_rel=[44.0,0.0], child_size=[77.0,52.0], child_end=[121.0,52.0], parent_size=[73.0,52.0], gap=12.0, start_offset=0.0)
[WARN] Layout wrap: 'Files' in parent 'sidebar_working_files' - NoWrap set but would overflow (child_size=50.0, offset=44.0, container=73.0)
[WARN] Layout overflow: 'Files' extends outside parent 'sidebar_working_files' bounds (child_rel=[44.0,0.0], child_size=[50.0,52.0], child_end=[94.0,52.0], parent_size=[73.0,52.0], gap=12.0, start_offset=0.0)
[WARN] Layout wrap: '' in parent '' - NoWrap set but would overflow (child_size=192.0, offset=16.0, container=146.0)
[WARN] Layout overflow: '' extends outside parent '' bounds (child_rel=[16.0,4.0], child_size=[192.0,40.0], child_end=[208.0,44.0], parent_size=[146.0,48.0], gap=16.0, start_offset=0.0)
[WARN] Layout wrap: 'Review' in parent 'sidebar_review' - NoWrap set but would overflow (child_size=77.0, offset=44.0, container=73.0)
[WARN] Layout overflow: 'Review' extends outside parent 'sidebar_review' bounds (child_rel=[44.0,0.0], child_size=[77.0,52.0], child_end=[121.0,52.0], parent_size=[73.0,52.0], gap=12.0, start_offset=0.0)
[WARN] Layout wrap: 'Files' in parent 'sidebar_working_files' - NoWrap set but would overflow (child_size=50.0, offset=44.0, container=73.0)
[WARN] Layout overflow: 'Files' extends outside parent 'sidebar_working_files' bounds (child_rel=[44.0,0.0], child_size=[50.0,52.0], child_end=[94.0,52.0], parent_size=[73.0,52.0], gap=12.0, start_offset=0.0)
[WARN] Layout wrap: '' in parent '' - NoWrap set but would overflow (child_size=192.0, offset=16.0, container=146.0)
[WARN] Layout overflow: '' extends outside parent '' bounds (child_rel=[16.0,4.0], child_size=[192.0,40.0], child_end=[208.0,44.0], parent_size=[146.0,48.0], gap=16.0, start_offset=0.0)
[WARN] Layout wrap: 'Review' in parent 'sidebar_review' - NoWrap set but would overflow (child_size=77.0, offset=44.0, container=73.0)
[WARN] Layout overflow: 'Review' extends outside parent 'sidebar_review' bounds (child_rel=[44.0,0.0], child_size=[77.0,52.0], child_end=[121.0,52.0], parent_size=[73.0,52.0], gap=12.0, start_offset=0.0)
[WARN] Layout wrap: 'Files' in parent 'sidebar_working_files' - NoWrap set but would overflow (child_size=50.0, offset=44.0, container=73.0)
[WARN] Layout overflow: 'Files' extends outside parent 'sidebar_working_files' bounds (child_rel=[44.0,0.0], child_size=[50.0,52.0], child_end=[94.0,52.0], parent_size=[73.0,52.0], gap=12.0, start_offset=0.0)
[WARN] Layout wrap: '' in parent '' - NoWrap set but would overflow (child_size=192.0, offset=16.0, container=146.0)
[WARN] Layout overflow: '' extends outside parent '' bounds (child_rel=[16.0,4.0], child_size=[192.0,40.0], child_end=[208.0,44.0], parent_size=[146.0,48.0], gap=16.0, start_offset=0.0)
[WARN] Layout wrap: 'Review' in parent 'sidebar_review' - NoWrap set but would overflow (child_size=77.0, offset=44.0, container=73.0)
[WARN] Layout overflow: 'Review' extends outside parent 'sidebar_review' bounds (child_rel=[44.0,0.0], child_size=[77.0,52.0], child_end=[121.0,52.0], parent_size=[73.0,52.0], gap=12.0, start_offset=0.0)
[WARN] Layout wrap: 'Files' in parent 'sidebar_working_files' - NoWrap set but would overflow (child_size=50.0, offset=44.0, container=73.0)
[WARN] Layout overflow: 'Files' extends outside parent 'sidebar_working_files' bounds (child_rel=[44.0,0.0], child_size=[50.0,52.0], child_end=[94.0,52.0], parent_size=[73.0,52.0], gap=12.0, start_offset=0.0)
[WARN] Layout wrap: '' in parent '' - NoWrap set but would overflow (child_size=192.0, offset=16.0, container=146.0)
[WARN] Layout overflow: '' extends outside parent '' bounds (child_rel=[16.0,4.0], child_size=[192.0,40.0], child_end=[208.0,44.0], parent_size=[146.0,48.0], gap=16.0, start_offset=0.0)
[WARN] Layout wrap: 'Review' in parent 'sidebar_review' - NoWrap set but would overflow (child_size=77.0, offset=44.0, container=73.0)
[WARN] Layout overflow: 'Review' extends outside parent 'sidebar_review' bounds (child_rel=[44.0,0.0], child_size=[77.0,52.0], child_end=[121.0,52.0], parent_size=[73.0,52.0], gap=12.0, start_offset=0.0)
[WARN] Layout wrap: 'Files' in parent 'sidebar_working_files' - NoWrap set but would overflow (child_size=50.0, offset=44.0, container=73.0)
[WARN] Layout overflow: 'Files' extends outside parent 'sidebar_working_files' bounds (child_rel=[44.0,0.0], child_size=[50.0,52.0], child_end=[94.0,52.0], parent_size=[73.0,52.0], gap=12.0, start_offset=0.0)
[WARN] Layout wrap: '' in parent '' - NoWrap set but would overflow (child_size=192.0, offset=16.0, container=146.0)
[WARN] Layout overflow: '' extends outside parent '' bounds (child_rel=[16.0,4.0], child_size=[192.0,40.0], child_end=[208.0,44.0], parent_size=[146.0,48.0], gap=16.0, start_offset=0.0)
[WARN] Layout wrap: 'Review' in parent 'sidebar_review' - NoWrap set but would overflow (child_size=77.0, offset=44.0, container=73.0)
[WARN] Layout overflow: 'Review' extends outside parent 'sidebar_review' bounds (child_rel=[44.0,0.0], child_size=[77.0,52.0], child_end=[121.0,52.0], parent_size=[73.0,52.0], gap=12.0, start_offset=0.0)
[WARN] Layout wrap: 'Files' in parent 'sidebar_working_files' - NoWrap set but would overflow (child_size=50.0, offset=44.0, container=73.0)
[WARN] Layout overflow: 'Files' extends outside parent 'sidebar_working_files' bounds (child_rel=[44.0,0.0], child_size=[50.0,52.0], child_end=[94.0,52.0], parent_size=[73.0,52.0], gap=12.0, start_offset=0.0)
[WARN] Layout wrap: '' in parent '' - NoWrap set but would overflow (child_size=192.0, offset=16.0, container=146.0)
[WARN] Layout overflow: '' extends outside parent '' bounds (child_rel=[16.0,4.0], child_size=[192.0,40.0], child_end=[208.0,44.0], parent_size=[146.0,48.0], gap=16.0, start_offset=0.0)
[WARN] Layout wrap: 'Review' in parent 'sidebar_review' - NoWrap set but would overflow (child_size=77.0, offset=44.0, container=73.0)
[WARN] Layout overflow: 'Review' extends outside parent 'sidebar_review' bounds (child_rel=[44.0,0.0], child_size=[77.0,52.0], child_end=[121.0,52.0], parent_size=[73.0,52.0], gap=12.0, start_offset=0.0)
[WARN] Layout wrap: 'Files' in parent 'sidebar_working_files' - NoWrap set but would overflow (child_size=50.0, offset=44.0, container=73.0)
[WARN] Layout overflow: 'Files' extends outside parent 'sidebar_working_files' bounds (child_rel=[44.0,0.0], child_size=[50.0,52.0], child_end=[94.0,52.0], parent_size=[73.0,52.0], gap=12.0, start_offset=0.0)
[WARN] Layout wrap: '' in parent '' - NoWrap set but would overflow (child_size=192.0, offset=16.0, container=146.0)
[WARN] Layout overflow: '' extends outside parent '' bounds (child_rel=[16.0,4.0], child_size=[192.0,40.0], child_end=[208.0,44.0], parent_size=[146.0,48.0], gap=16.0, start_offset=0.0)
[WARN] Layout wrap: 'Review' in parent 'sidebar_review' - NoWrap set but would overflow (child_size=77.0, offset=44.0, container=73.0)
[WARN] Layout overflow: 'Review' extends outside parent 'sidebar_review' bounds (child_rel=[44.0,0.0], child_size=[77.0,52.0], child_end=[121.0,52.0], parent_size=[73.0,52.0], gap=12.0, start_offset=0.0)
[WARN] Layout wrap: 'Files' in parent 'sidebar_working_files' - NoWrap set but would overflow (child_size=50.0, offset=44.0, container=73.0)
[WARN] Layout overflow: 'Files' extends outside parent 'sidebar_working_files' bounds (child_rel=[44.0,0.0], child_size=[50.0,52.0], child_end=[94.0,52.0], parent_size=[73.0,52.0], gap=12.0, start_offset=0.0)
[WARN] Layout wrap: '' in parent '' - NoWrap set but would overflow (child_size=192.0, offset=16.0, container=146.0)
[WARN] Layout overflow: '' extends outside parent '' bounds (child_rel=[16.0,4.0], child_size=[192.0,40.0], child_end=[208.0,44.0], parent_size=[146.0,48.0], gap=16.0, start_offset=0.0)
[WARN] Layout wrap: 'Review' in parent 'sidebar_review' - NoWrap set but would overflow (child_size=77.0, offset=44.0, container=73.0)
[WARN] Layout overflow: 'Review' extends outside parent 'sidebar_review' bounds (child_rel=[44.0,0.0], child_size=[77.0,52.0], child_end=[121.0,52.0], parent_size=[73.0,52.0], gap=12.0, start_offset=0.0)
[WARN] Layout wrap: 'Files' in parent 'sidebar_working_files' - NoWrap set but would overflow (child_size=50.0, offset=44.0, container=73.0)
[WARN] Layout overflow: 'Files' extends outside parent 'sidebar_working_files' bounds (child_rel=[44.0,0.0], child_size=[50.0,52.0], child_end=[94.0,52.0], parent_size=[73.0,52.0], gap=12.0, start_offset=0.0)
[WARN] Layout wrap: '' in parent '' - NoWrap set but would overflow (child_size=192.0, offset=16.0, container=146.0)
[WARN] Layout overflow: '' extends outside parent '' bounds (child_rel=[16.0,4.0], child_size=[192.0,40.0], child_end=[208.0,44.0], parent_size=[146.0,48.0], gap=16.0, start_offset=0.0)
[WARN] Layout wrap: 'Review' in parent 'sidebar_review' - NoWrap set but would overflow (child_size=77.0, offset=44.0, container=73.0)
[WARN] Layout overflow: 'Review' extends outside parent 'sidebar_review' bounds (child_rel=[44.0,0.0], child_size=[77.0,52.0], child_end=[121.0,52.0], parent_size=[73.0,52.0], gap=12.0, start_offset=0.0)
[WARN] Layout wrap: 'Files' in parent 'sidebar_working_files' - NoWrap set but would overflow (child_size=50.0, offset=44.0, container=73.0)
[WARN] Layout overflow: 'Files' extends outside parent 'sidebar_working_files' bounds (child_rel=[44.0,0.0], child_size=[50.0,52.0], child_end=[94.0,52.0], parent_size=[73.0,52.0], gap=12.0, start_offset=0.0)
[WARN] Layout wrap: '' in parent '' - NoWrap set but would overflow (child_size=192.0, offset=16.0, container=146.0)
[WARN] Layout overflow: '' extends outside parent '' bounds (child_rel=[16.0,4.0], child_size=[192.0,40.0], child_end=[208.0,44.0], parent_size=[146.0,48.0], gap=16.0, start_offset=0.0)
[WARN] Layout wrap: 'Review' in parent 'sidebar_review' - NoWrap set but would overflow (child_size=77.0, offset=44.0, container=73.0)
[WARN] Layout overflow: 'Review' extends outside parent 'sidebar_review' bounds (child_rel=[44.0,0.0], child_size=[77.0,52.0], child_end=[121.0,52.0], parent_size=[73.0,52.0], gap=12.0, start_offset=0.0)
[WARN] Layout wrap: 'Files' in parent 'sidebar_working_files' - NoWrap set but would overflow (child_size=50.0, offset=44.0, container=73.0)
[WARN] Layout overflow: 'Files' extends outside parent 'sidebar_working_files' bounds (child_rel=[44.0,0.0], child_size=[50.0,52.0], child_end=[94.0,52.0], parent_size=[73.0,52.0], gap=12.0, start_offset=0.0)
[WARN] Layout wrap: '' in parent '' - NoWrap set but would overflow (child_size=192.0, offset=16.0, container=146.0)
[WARN] Layout overflow: '' extends outside parent '' bounds (child_rel=[16.0,4.0], child_size=[192.0,40.0], child_end=[208.0,44.0], parent_size=[146.0,48.0], gap=16.0, start_offset=0.0)
[WARN] Layout wrap: 'Review' in parent 'sidebar_review' - NoWrap set but would overflow (child_size=77.0, offset=44.0, container=73.0)
[WARN] Layout overflow: 'Review' extends outside parent 'sidebar_review' bounds (child_rel=[44.0,0.0], child_size=[77.0,52.0], child_end=[121.0,52.0], parent_size=[73.0,52.0], gap=12.0, start_offset=0.0)
[WARN] Layout wrap: 'Files' in parent 'sidebar_working_files' - NoWrap set but would overflow (child_size=50.0, offset=44.0, container=73.0)
[WARN] Layout overflow: 'Files' extends outside parent 'sidebar_working_files' bounds (child_rel=[44.0,0.0], child_size=[50.0,52.0], child_end=[94.0,52.0], parent_size=[73.0,52.0], gap=12.0, start_offset=0.0)
[WARN] Layout wrap: '' in parent '' - NoWrap set but would overflow (child_size=192.0, offset=16.0, container=146.0)
[WARN] Layout overflow: '' extends outside parent '' bounds (child_rel=[16.0,4.0], child_size=[192.0,40.0], child_end=[208.0,44.0], parent_size=[146.0,48.0], gap=16.0, start_offset=0.0)
[WARN] Layout wrap: 'Review' in parent 'sidebar_review' - NoWrap set but would overflow (child_size=77.0, offset=44.0, container=73.0)
[WARN] Layout overflow: 'Review' extends outside parent 'sidebar_review' bounds (child_rel=[44.0,0.0], child_size=[77.0,52.0], child_end=[121.0,52.0], parent_size=[73.0,52.0], gap=12.0, start_offset=0.0)
[WARN] Layout wrap: 'Files' in parent 'sidebar_working_files' - NoWrap set but would overflow (child_size=50.0, offset=44.0, container=73.0)
[WARN] Layout overflow: 'Files' extends outside parent 'sidebar_working_files' bounds (child_rel=[44.0,0.0], child_size=[50.0,52.0], child_end=[94.0,52.0], parent_size=[73.0,52.0], gap=12.0, start_offset=0.0)
[WARN] Layout wrap: '' in parent '' - NoWrap set but would overflow (child_size=192.0, offset=16.0, container=146.0)
[WARN] Layout overflow: '' extends outside parent '' bounds (child_rel=[16.0,4.0], child_size=[192.0,40.0], child_end=[208.0,44.0], parent_size=[146.0,48.0], gap=16.0, start_offset=0.0)
[WARN] Layout wrap: 'Review' in parent 'sidebar_review' - NoWrap set but would overflow (child_size=77.0, offset=44.0, container=73.0)
[WARN] Layout overflow: 'Review' extends outside parent 'sidebar_review' bounds (child_rel=[44.0,0.0], child_size=[77.0,52.0], child_end=[121.0,52.0], parent_size=[73.0,52.0], gap=12.0, start_offset=0.0)
[WARN] Layout wrap: 'Files' in parent 'sidebar_working_files' - NoWrap set but would overflow (child_size=50.0, offset=44.0, container=73.0)
[WARN] Layout overflow: 'Files' extends outside parent 'sidebar_working_files' bounds (child_rel=[44.0,0.0], child_size=[50.0,52.0], child_end=[94.0,52.0], parent_size=[73.0,52.0], gap=12.0, start_offset=0.0)
[WARN] Layout wrap: '' in parent '' - NoWrap set but would overflow (child_size=192.0, offset=16.0, container=146.0)
[WARN] Layout overflow: '' extends outside parent '' bounds (child_rel=[16.0,4.0], child_size=[192.0,40.0], child_end=[208.0,44.0], parent_size=[146.0,48.0], gap=16.0, start_offset=0.0)
[WARN] Layout wrap: 'Review' in parent 'sidebar_review' - NoWrap set but would overflow (child_size=77.0, offset=44.0, container=73.0)
[WARN] Layout overflow: 'Review' extends outside parent 'sidebar_review' bounds (child_rel=[44.0,0.0], child_size=[77.0,52.0], child_end=[121.0,52.0], parent_size=[73.0,52.0], gap=12.0, start_offset=0.0)
[WARN] Layout wrap: 'Files' in parent 'sidebar_working_files' - NoWrap set but would overflow (child_size=50.0, offset=44.0, container=73.0)
[WARN] Layout overflow: 'Files' extends outside parent 'sidebar_working_files' bounds (child_rel=[44.0,0.0], child_size=[50.0,52.0], child_end=[94.0,52.0], parent_size=[73.0,52.0], gap=12.0, start_offset=0.0)
[WARN] Layout wrap: '' in parent '' - NoWrap set but would overflow (child_size=192.0, offset=16.0, container=146.0)
[WARN] Layout overflow: '' extends outside parent '' bounds (child_rel=[16.0,4.0], child_size=[192.0,40.0], child_end=[208.0,44.0], parent_size=[146.0,48.0], gap=16.0, start_offset=0.0)
[WARN] Layout wrap: 'Review' in parent 'sidebar_review' - NoWrap set but would overflow (child_size=77.0, offset=44.0, container=73.0)
[WARN] Layout overflow: 'Review' extends outside parent 'sidebar_review' bounds (child_rel=[44.0,0.0], child_size=[77.0,52.0], child_end=[121.0,52.0], parent_size=[73.0,52.0], gap=12.0, start_offset=0.0)
[WARN] Layout wrap: 'Files' in parent 'sidebar_working_files' - NoWrap set but would overflow (child_size=50.0, offset=44.0, container=73.0)
[WARN] Layout overflow: 'Files' extends outside parent 'sidebar_working_files' bounds (child_rel=[44.0,0.0], child_size=[50.0,52.0], child_end=[94.0,52.0], parent_size=[73.0,52.0], gap=12.0, start_offset=0.0)
[WARN] Layout wrap: '' in parent '' - NoWrap set but would overflow (child_size=192.0, offset=16.0, container=146.0)
[WARN] Layout overflow: '' extends outside parent '' bounds (child_rel=[16.0,4.0], child_size=[192.0,40.0], child_end=[208.0,44.0], parent_size=[146.0,48.0], gap=16.0, start_offset=0.0)
[WARN] Layout wrap: 'Review' in parent 'sidebar_review' - NoWrap set but would overflow (child_size=77.0, offset=44.0, container=73.0)
[WARN] Layout overflow: 'Review' extends outside parent 'sidebar_review' bounds (child_rel=[44.0,0.0], child_size=[77.0,52.0], child_end=[121.0,52.0], parent_size=[73.0,52.0], gap=12.0, start_offset=0.0)
[WARN] Layout wrap: 'Files' in parent 'sidebar_working_files' - NoWrap set but would overflow (child_size=50.0, offset=44.0, container=73.0)
[WARN] Layout overflow: 'Files' extends outside parent 'sidebar_working_files' bounds (child_rel=[44.0,0.0], child_size=[50.0,52.0], child_end=[94.0,52.0], parent_size=[73.0,52.0], gap=12.0, start_offset=0.0)
[WARN] Layout wrap: '' in parent '' - NoWrap set but would overflow (child_size=192.0, offset=16.0, container=146.0)
[WARN] Layout overflow: '' extends outside parent '' bounds (child_rel=[16.0,4.0], child_size=[192.0,40.0], child_end=[208.0,44.0], parent_size=[146.0,48.0], gap=16.0, start_offset=0.0)
[WARN] Layout wrap: 'Review' in parent 'sidebar_review' - NoWrap set but would overflow (child_size=77.0, offset=44.0, container=73.0)
[WARN] Layout overflow: 'Review' extends outside parent 'sidebar_review' bounds (child_rel=[44.0,0.0], child_size=[77.0,52.0], child_end=[121.0,52.0], parent_size=[73.0,52.0], gap=12.0, start_offset=0.0)
[WARN] Layout wrap: 'Files' in parent 'sidebar_working_files' - NoWrap set but would overflow (child_size=50.0, offset=44.0, container=73.0)
[WARN] Layout overflow: 'Files' extends outside parent 'sidebar_working_files' bounds (child_rel=[44.0,0.0], child_size=[50.0,52.0], child_end=[94.0,52.0], parent_size=[73.0,52.0], gap=12.0, start_offset=0.0)
[WARN] Layout wrap: '' in parent '' - NoWrap set but would overflow (child_size=192.0, offset=16.0, container=146.0)
[WARN] Layout overflow: '' extends outside parent '' bounds (child_rel=[16.0,4.0], child_size=[192.0,40.0], child_end=[208.0,44.0], parent_size=[146.0,48.0], gap=16.0, start_offset=0.0)
[WARN] Layout wrap: 'Review' in parent 'sidebar_review' - NoWrap set but would overflow (child_size=77.0, offset=44.0, container=73.0)
[WARN] Layout overflow: 'Review' extends outside parent 'sidebar_review' bounds (child_rel=[44.0,0.0], child_size=[77.0,52.0], child_end=[121.0,52.0], parent_size=[73.0,52.0], gap=12.0, start_offset=0.0)
[WARN] Layout wrap: 'Files' in parent 'sidebar_working_files' - NoWrap set but would overflow (child_size=50.0, offset=44.0, container=73.0)
[WARN] Layout overflow: 'Files' extends outside parent 'sidebar_working_files' bounds (child_rel=[44.0,0.0], child_size=[50.0,52.0], child_end=[94.0,52.0], parent_size=[73.0,52.0], gap=12.0, start_offset=0.0)
[WARN] Layout wrap: '' in parent '' - NoWrap set but would overflow (child_size=192.0, offset=16.0, container=146.0)
[WARN] Layout overflow: '' extends outside parent '' bounds (child_rel=[16.0,4.0], child_size=[192.0,40.0], child_end=[208.0,44.0], parent_size=[146.0,48.0], gap=16.0, start_offset=0.0)
[WARN] Layout wrap: 'Review' in parent 'sidebar_review' - NoWrap set but would overflow (child_size=77.0, offset=44.0, container=73.0)
[WARN] Layout overflow: 'Review' extends outside parent 'sidebar_review' bounds (child_rel=[44.0,0.0], child_size=[77.0,52.0], child_end=[121.0,52.0], parent_size=[73.0,52.0], gap=12.0, start_offset=0.0)
[WARN] Layout wrap: 'Files' in parent 'sidebar_working_files' - NoWrap set but would overflow (child_size=50.0, offset=44.0, container=73.0)
[WARN] Layout overflow: 'Files' extends outside parent 'sidebar_working_files' bounds (child_rel=[44.0,0.0], child_size=[50.0,52.0], child_end=[94.0,52.0], parent_size=[73.0,52.0], gap=12.0, start_offset=0.0)
[WARN] Layout wrap: '' in parent '' - NoWrap set but would overflow (child_size=192.0, offset=16.0, container=146.0)
[WARN] Layout overflow: '' extends outside parent '' bounds (child_rel=[16.0,4.0], child_size=[192.0,40.0], child_end=[208.0,44.0], parent_size=[146.0,48.0], gap=16.0, start_offset=0.0)
[WARN] Layout wrap: 'Review' in parent 'sidebar_review' - NoWrap set but would overflow (child_size=77.0, offset=44.0, container=73.0)
[WARN] Layout overflow: 'Review' extends outside parent 'sidebar_review' bounds (child_rel=[44.0,0.0], child_size=[77.0,52.0], child_end=[121.0,52.0], parent_size=[73.0,52.0], gap=12.0, start_offset=0.0)
[WARN] Layout wrap: 'Files' in parent 'sidebar_working_files' - NoWrap set but would overflow (child_size=50.0, offset=44.0, container=73.0)
[WARN] Layout overflow: 'Files' extends outside parent 'sidebar_working_files' bounds (child_rel=[44.0,0.0], child_size=[50.0,52.0], child_end=[94.0,52.0], parent_size=[73.0,52.0], gap=12.0, start_offset=0.0)
[WARN] Layout wrap: '' in parent '' - NoWrap set but would overflow (child_size=192.0, offset=16.0, container=146.0)
[WARN] Layout overflow: '' extends outside parent '' bounds (child_rel=[16.0,4.0], child_size=[192.0,40.0], child_end=[208.0,44.0], parent_size=[146.0,48.0], gap=16.0, start_offset=0.0)
[WARN] Layout wrap: 'Review' in parent 'sidebar_review' - NoWrap set but would overflow (child_size=77.0, offset=44.0, container=73.0)
[WARN] Layout overflow: 'Review' extends outside parent 'sidebar_review' bounds (child_rel=[44.0,0.0], child_size=[77.0,52.0], child_end=[121.0,52.0], parent_size=[73.0,52.0], gap=12.0, start_offset=0.0)
[WARN] Layout wrap: 'Files' in parent 'sidebar_working_files' - NoWrap set but would overflow (child_size=50.0, offset=44.0, container=73.0)
[WARN] Layout overflow: 'Files' extends outside parent 'sidebar_working_files' bounds (child_rel=[44.0,0.0], child_size=[50.0,52.0], child_end=[94.0,52.0], parent_size=[73.0,52.0], gap=12.0, start_offset=0.0)
[WARN] Layout wrap: '' in parent '' - NoWrap set but would overflow (child_size=192.0, offset=16.0, container=146.0)
[WARN] Layout overflow: '' extends outside parent '' bounds (child_rel=[16.0,4.0], child_size=[192.0,40.0], child_end=[208.0,44.0], parent_size=[146.0,48.0], gap=16.0, start_offset=0.0)
[WARN] Layout wrap: 'Review' in parent 'sidebar_review' - NoWrap set but would overflow (child_size=77.0, offset=44.0, container=73.0)
[WARN] Layout overflow: 'Review' extends outside parent 'sidebar_review' bounds (child_rel=[44.0,0.0], child_size=[77.0,52.0], child_end=[121.0,52.0], parent_size=[73.0,52.0], gap=12.0, start_offset=0.0)
[WARN] Layout wrap: 'Files' in parent 'sidebar_working_files' - NoWrap set but would overflow (child_size=50.0, offset=44.0, container=73.0)
[WARN] Layout overflow: 'Files' extends outside parent 'sidebar_working_files' bounds (child_rel=[44.0,0.0], child_size=[50.0,52.0], child_end=[94.0,52.0], parent_size=[73.0,52.0], gap=12.0, start_offset=0.0)
[WARN] Layout wrap: '' in parent '' - NoWrap set but would overflow (child_size=192.0, offset=16.0, container=146.0)
[WARN] Layout overflow: '' extends outside parent '' bounds (child_rel=[16.0,4.0], child_size=[192.0,40.0], child_end=[208.0,44.0], parent_size=[146.0,48.0], gap=16.0, start_offset=0.0)
[WARN] Layout wrap: 'Review' in parent 'sidebar_review' - NoWrap set but would overflow (child_size=77.0, offset=44.0, container=73.0)
[WARN] Layout overflow: 'Review' extends outside parent 'sidebar_review' bounds (child_rel=[44.0,0.0], child_size=[77.0,52.0], child_end=[121.0,52.0], parent_size=[73.0,52.0], gap=12.0, start_offset=0.0)
[WARN] Layout wrap: 'Files' in parent 'sidebar_working_files' - NoWrap set but would overflow (child_size=50.0, offset=44.0, container=73.0)
[WARN] Layout overflow: 'Files' extends outside parent 'sidebar_working_files' bounds (child_rel=[44.0,0.0], child_size=[50.0,52.0], child_end=[94.0,52.0], parent_size=[73.0,52.0], gap=12.0, start_offset=0.0)
[WARN] Layout wrap: '' in parent '' - NoWrap set but would overflow (child_size=192.0, offset=16.0, container=146.0)
[WARN] Layout overflow: '' extends outside parent '' bounds (child_rel=[16.0,4.0], child_size=[192.0,40.0], child_end=[208.0,44.0], parent_size=[146.0,48.0], gap=16.0, start_offset=0.0)
[WARN] Layout wrap: 'Review' in parent 'sidebar_review' - NoWrap set but would overflow (child_size=77.0, offset=44.0, container=73.0)
[WARN] Layout overflow: 'Review' extends outside parent 'sidebar_review' bounds (child_rel=[44.0,0.0], child_size=[77.0,52.0], child_end=[121.0,52.0], parent_size=[73.0,52.0], gap=12.0, start_offset=0.0)
[WARN] Layout wrap: 'Files' in parent 'sidebar_working_files' - NoWrap set but would overflow (child_size=50.0, offset=44.0, container=73.0)
[WARN] Layout overflow: 'Files' extends outside parent 'sidebar_working_files' bounds (child_rel=[44.0,0.0], child_size=[50.0,52.0], child_end=[94.0,52.0], parent_size=[73.0,52.0], gap=12.0, start_offset=0.0)
[WARN] Layout wrap: '' in parent '' - NoWrap set but would overflow (child_size=192.0, offset=16.0, container=146.0)
[WARN] Layout overflow: '' extends outside parent '' bounds (child_rel=[16.0,4.0], child_size=[192.0,40.0], child_end=[208.0,44.0], parent_size=[146.0,48.0], gap=16.0, start_offset=0.0)
[WARN] Layout wrap: 'Review' in parent 'sidebar_review' - NoWrap set but would overflow (child_size=77.0, offset=44.0, container=73.0)
[WARN] Layout overflow: 'Review' extends outside parent 'sidebar_review' bounds (child_rel=[44.0,0.0], child_size=[77.0,52.0], child_end=[121.0,52.0], parent_size=[73.0,52.0], gap=12.0, start_offset=0.0)
[WARN] Layout wrap: 'Files' in parent 'sidebar_working_files' - NoWrap set but would overflow (child_size=50.0, offset=44.0, container=73.0)
[WARN] Layout overflow: 'Files' extends outside parent 'sidebar_working_files' bounds (child_rel=[44.0,0.0], child_size=[50.0,52.0], child_end=[94.0,52.0], parent_size=[73.0,52.0], gap=12.0, start_offset=0.0)
[WARN] Layout wrap: '' in parent '' - NoWrap set but would overflow (child_size=192.0, offset=16.0, container=146.0)
[WARN] Layout overflow: '' extends outside parent '' bounds (child_rel=[16.0,4.0], child_size=[192.0,40.0], child_end=[208.0,44.0], parent_size=[146.0,48.0], gap=16.0, start_offset=0.0)
[WARN] Layout wrap: 'Review' in parent 'sidebar_review' - NoWrap set but would overflow (child_size=77.0, offset=44.0, container=73.0)
[WARN] Layout overflow: 'Review' extends outside parent 'sidebar_review' bounds (child_rel=[44.0,0.0], child_size=[77.0,52.0], child_end=[121.0,52.0], parent_size=[73.0,52.0], gap=12.0, start_offset=0.0)
[WARN] Layout wrap: 'Files' in parent 'sidebar_working_files' - NoWrap set but would overflow (child_size=50.0, offset=44.0, container=73.0)
[WARN] Layout overflow: 'Files' extends outside parent 'sidebar_working_files' bounds (child_rel=[44.0,0.0], child_size=[50.0,52.0], child_end=[94.0,52.0], parent_size=[73.0,52.0], gap=12.0, start_offset=0.0)
[WARN] Layout wrap: '' in parent '' - NoWrap set but would overflow (child_size=192.0, offset=16.0, container=146.0)
[WARN] Layout overflow: '' extends outside parent '' bounds (child_rel=[16.0,4.0], child_size=[192.0,40.0], child_end=[208.0,44.0], parent_size=[146.0,48.0], gap=16.0, start_offset=0.0)
[WARN] Layout wrap: 'Review' in parent 'sidebar_review' - NoWrap set but would overflow (child_size=77.0, offset=44.0, container=73.0)
[WARN] Layout overflow: 'Review' extends outside parent 'sidebar_review' bounds (child_rel=[44.0,0.0], child_size=[77.0,52.0], child_end=[121.0,52.0], parent_size=[73.0,52.0], gap=12.0, start_offset=0.0)
[WARN] Layout wrap: 'Files' in parent 'sidebar_working_files' - NoWrap set but would overflow (child_size=50.0, offset=44.0, container=73.0)
[WARN] Layout overflow: 'Files' extends outside parent 'sidebar_working_files' bounds (child_rel=[44.0,0.0], child_size=[50.0,52.0], child_end=[94.0,52.0], parent_size=[73.0,52.0], gap=12.0, start_offset=0.0)
[WARN] Layout wrap: '' in parent '' - NoWrap set but would overflow (child_size=192.0, offset=16.0, container=146.0)
[WARN] Layout overflow: '' extends outside parent '' bounds (child_rel=[16.0,4.0], child_size=[192.0,40.0], child_end=[208.0,44.0], parent_size=[146.0,48.0], gap=16.0, start_offset=0.0)
[WARN] Layout wrap: 'Review' in parent 'sidebar_review' - NoWrap set but would overflow (child_size=77.0, offset=44.0, container=73.0)
[WARN] Layout overflow: 'Review' extends outside parent 'sidebar_review' bounds (child_rel=[44.0,0.0], child_size=[77.0,52.0], child_end=[121.0,52.0], parent_size=[73.0,52.0], gap=12.0, start_offset=0.0)
[WARN] Layout wrap: 'Files' in parent 'sidebar_working_files' - NoWrap set but would overflow (child_size=50.0, offset=44.0, container=73.0)
[WARN] Layout overflow: 'Files' extends outside parent 'sidebar_working_files' bounds (child_rel=[44.0,0.0], child_size=[50.0,52.0], child_end=[94.0,52.0], parent_size=[73.0,52.0], gap=12.0, start_offset=0.0)
[WARN] Layout wrap: '' in parent '' - NoWrap set but would overflow (child_size=192.0, offset=16.0, container=146.0)
[WARN] Layout overflow: '' extends outside parent '' bounds (child_rel=[16.0,4.0], child_size=[192.0,40.0], child_end=[208.0,44.0], parent_size=[146.0,48.0], gap=16.0, start_offset=0.0)
[WARN] Layout wrap: 'Review' in parent 'sidebar_review' - NoWrap set but would overflow (child_size=77.0, offset=44.0, container=73.0)
[WARN] Layout overflow: 'Review' extends outside parent 'sidebar_review' bounds (child_rel=[44.0,0.0], child_size=[77.0,52.0], child_end=[121.0,52.0], parent_size=[73.0,52.0], gap=12.0, start_offset=0.0)
[WARN] Layout wrap: 'Files' in parent 'sidebar_working_files' - NoWrap set but would overflow (child_size=50.0, offset=44.0, container=73.0)
[WARN] Layout overflow: 'Files' extends outside parent 'sidebar_working_files' bounds (child_rel=[44.0,0.0], child_size=[50.0,52.0], child_end=[94.0,52.0], parent_size=[73.0,52.0], gap=12.0, start_offset=0.0)
[WARN] Layout wrap: '' in parent '' - NoWrap set but would overflow (child_size=192.0, offset=16.0, container=146.0)
[WARN] Layout overflow: '' extends outside parent '' bounds (child_rel=[16.0,4.0], child_size=[192.0,40.0], child_end=[208.0,44.0], parent_size=[146.0,48.0], gap=16.0, start_offset=0.0)
[WARN] Layout wrap: 'Review' in parent 'sidebar_review' - NoWrap set but would overflow (child_size=77.0, offset=44.0, container=73.0)
[WARN] Layout overflow: 'Review' extends outside parent 'sidebar_review' bounds (child_rel=[44.0,0.0], child_size=[77.0,52.0], child_end=[121.0,52.0], parent_size=[73.0,52.0], gap=12.0, start_offset=0.0)
[WARN] Layout wrap: 'Files' in parent 'sidebar_working_files' - NoWrap set but would overflow (child_size=50.0, offset=44.0, container=73.0)
[WARN] Layout overflow: 'Files' extends outside parent 'sidebar_working_files' bounds (child_rel=[44.0,0.0], child_size=[50.0,52.0], child_end=[94.0,52.0], parent_size=[73.0,52.0], gap=12.0, start_offset=0.0)
[WARN] Layout wrap: '' in parent '' - NoWrap set but would overflow (child_size=192.0, offset=16.0, container=146.0)
[WARN] Layout overflow: '' extends outside parent '' bounds (child_rel=[16.0,4.0], child_size=[192.0,40.0], child_end=[208.0,44.0], parent_size=[146.0,48.0], gap=16.0, start_offset=0.0)
[WARN] Layout wrap: 'Review' in parent 'sidebar_review' - NoWrap set but would overflow (child_size=77.0, offset=44.0, container=73.0)
[WARN] Layout overflow: 'Review' extends outside parent 'sidebar_review' bounds (child_rel=[44.0,0.0], child_size=[77.0,52.0], child_end=[121.0,52.0], parent_size=[73.0,52.0], gap=12.0, start_offset=0.0)
[WARN] Layout wrap: 'Files' in parent 'sidebar_working_files' - NoWrap set but would overflow (child_size=50.0, offset=44.0, container=73.0)
[WARN] Layout overflow: 'Files' extends outside parent 'sidebar_working_files' bounds (child_rel=[44.0,0.0], child_size=[50.0,52.0], child_end=[94.0,52.0], parent_size=[73.0,52.0], gap=12.0, start_offset=0.0)
[WARN] Layout wrap: '' in parent '' - NoWrap set but would overflow (child_size=192.0, offset=16.0, container=146.0)
[WARN] Layout overflow: '' extends outside parent '' bounds (child_rel=[16.0,4.0], child_size=[192.0,40.0], child_end=[208.0,44.0], parent_size=[146.0,48.0], gap=16.0, start_offset=0.0)
[WARN] Layout wrap: 'Review' in parent 'sidebar_review' - NoWrap set but would overflow (child_size=77.0, offset=44.0, container=73.0)
[WARN] Layout overflow: 'Review' extends outside parent 'sidebar_review' bounds (child_rel=[44.0,0.0], child_size=[77.0,52.0], child_end=[121.0,52.0], parent_size=[73.0,52.0], gap=12.0, start_offset=0.0)
[WARN] Layout wrap: 'Files' in parent 'sidebar_working_files' - NoWrap set but would overflow (child_size=50.0, offset=44.0, container=73.0)
[WARN] Layout overflow: 'Files' extends outside parent 'sidebar_working_files' bounds (child_rel=[44.0,0.0], child_size=[50.0,52.0], child_end=[94.0,52.0], parent_size=[73.0,52.0], gap=12.0, start_offset=0.0)
[WARN] Layout wrap: '' in parent '' - NoWrap set but would overflow (child_size=192.0, offset=16.0, container=146.0)
[WARN] Layout overflow: '' extends outside parent '' bounds (child_rel=[16.0,4.0], child_size=[192.0,40.0], child_end=[208.0,44.0], parent_size=[146.0,48.0], gap=16.0, start_offset=0.0)
[WARN] Layout wrap: 'Review' in parent 'sidebar_review' - NoWrap set but would overflow (child_size=77.0, offset=44.0, container=73.0)
[WARN] Layout overflow: 'Review' extends outside parent 'sidebar_review' bounds (child_rel=[44.0,0.0], child_size=[77.0,52.0], child_end=[121.0,52.0], parent_size=[73.0,52.0], gap=12.0, start_offset=0.0)
[WARN] Layout wrap: 'Files' in parent 'sidebar_working_files' - NoWrap set but would overflow (child_size=50.0, offset=44.0, container=73.0)
[WARN] Layout overflow: 'Files' extends outside parent 'sidebar_working_files' bounds (child_rel=[44.0,0.0], child_size=[50.0,52.0], child_end=[94.0,52.0], parent_size=[73.0,52.0], gap=12.0, start_offset=0.0)
[WARN] Layout wrap: '' in parent '' - NoWrap set but would overflow (child_size=192.0, offset=16.0, container=146.0)
[WARN] Layout overflow: '' extends outside parent '' bounds (child_rel=[16.0,4.0], child_size=[192.0,40.0], child_end=[208.0,44.0], parent_size=[146.0,48.0], gap=16.0, start_offset=0.0)
[WARN] Layout wrap: 'Review' in parent 'sidebar_review' - NoWrap set but would overflow (child_size=77.0, offset=44.0, container=73.0)
[WARN] Layout overflow: 'Review' extends outside parent 'sidebar_review' bounds (child_rel=[44.0,0.0], child_size=[77.0,52.0], child_end=[121.0,52.0], parent_size=[73.0,52.0], gap=12.0, start_offset=0.0)
[WARN] Layout wrap: 'Files' in parent 'sidebar_working_files' - NoWrap set but would overflow (child_size=50.0, offset=44.0, container=73.0)
[WARN] Layout overflow: 'Files' extends outside parent 'sidebar_working_files' bounds (child_rel=[44.0,0.0], child_size=[50.0,52.0], child_end=[94.0,52.0], parent_size=[73.0,52.0], gap=12.0, start_offset=0.0)
[WARN] Layout wrap: '' in parent '' - NoWrap set but would overflow (child_size=192.0, offset=16.0, container=146.0)
[WARN] Layout overflow: '' extends outside parent '' bounds (child_rel=[16.0,4.0], child_size=[192.0,40.0], child_end=[208.0,44.0], parent_size=[146.0,48.0], gap=16.0, start_offset=0.0)
[WARN] Layout wrap: 'Review' in parent 'sidebar_review' - NoWrap set but would overflow (child_size=77.0, offset=44.0, container=73.0)
[WARN] Layout overflow: 'Review' extends outside parent 'sidebar_review' bounds (child_rel=[44.0,0.0], child_size=[77.0,52.0], child_end=[121.0,52.0], parent_size=[73.0,52.0], gap=12.0, start_offset=0.0)
[WARN] Layout wrap: 'Files' in parent 'sidebar_working_files' - NoWrap set but would overflow (child_size=50.0, offset=44.0, container=73.0)
[WARN] Layout overflow: 'Files' extends outside parent 'sidebar_working_files' bounds (child_rel=[44.0,0.0], child_size=[50.0,52.0], child_end=[94.0,52.0], parent_size=[73.0,52.0], gap=12.0, start_offset=0.0)
[WARN] Layout wrap: '' in parent '' - NoWrap set but would overflow (child_size=192.0, offset=16.0, container=146.0)
[WARN] Layout overflow: '' extends outside parent '' bounds (child_rel=[16.0,4.0], child_size=[192.0,40.0], child_end=[208.0,44.0], parent_size=[146.0,48.0], gap=16.0, start_offset=0.0)
[WARN] Layout wrap: 'Review' in parent 'sidebar_review' - NoWrap set but would overflow (child_size=77.0, offset=44.0, container=73.0)
[WARN] Layout overflow: 'Review' extends outside parent 'sidebar_review' bounds (child_rel=[44.0,0.0], child_size=[77.0,52.0], child_end=[121.0,52.0], parent_size=[73.0,52.0], gap=12.0, start_offset=0.0)
[WARN] Layout wrap: 'Files' in parent 'sidebar_working_files' - NoWrap set but would overflow (child_size=50.0, offset=44.0, container=73.0)
[WARN] Layout overflow: 'Files' extends outside parent 'sidebar_working_files' bounds (child_rel=[44.0,0.0], child_size=[50.0,52.0], child_end=[94.0,52.0], parent_size=[73.0,52.0], gap=12.0, start_offset=0.0)
[WARN] Layout wrap: '' in parent '' - NoWrap set but would overflow (child_size=192.0, offset=16.0, container=146.0)
[WARN] Layout overflow: '' extends outside parent '' bounds (child_rel=[16.0,4.0], child_size=[192.0,40.0], child_end=[208.0,44.0], parent_size=[146.0,48.0], gap=16.0, start_offset=0.0)
[WARN] Layout wrap: 'Review' in parent 'sidebar_review' - NoWrap set but would overflow (child_size=77.0, offset=44.0, container=73.0)
[WARN] Layout overflow: 'Review' extends outside parent 'sidebar_review' bounds (child_rel=[44.0,0.0], child_size=[77.0,52.0], child_end=[121.0,52.0], parent_size=[73.0,52.0], gap=12.0, start_offset=0.0)
[WARN] Layout wrap: 'Files' in parent 'sidebar_working_files' - NoWrap set but would overflow (child_size=50.0, offset=44.0, container=73.0)
[WARN] Layout overflow: 'Files' extends outside parent 'sidebar_working_files' bounds (child_rel=[44.0,0.0], child_size=[50.0,52.0], child_end=[94.0,52.0], parent_size=[73.0,52.0], gap=12.0, start_offset=0.0)
[WARN] Layout wrap: '' in parent '' - NoWrap set but would overflow (child_size=192.0, offset=16.0, container=146.0)
[WARN] Layout overflow: '' extends outside parent '' bounds (child_rel=[16.0,4.0], child_size=[192.0,40.0], child_end=[208.0,44.0], parent_size=[146.0,48.0], gap=16.0, start_offset=0.0)
[WARN] Layout wrap: 'Review' in parent 'sidebar_review' - NoWrap set but would overflow (child_size=77.0, offset=44.0, container=73.0)
[WARN] Layout overflow: 'Review' extends outside parent 'sidebar_review' bounds (child_rel=[44.0,0.0], child_size=[77.0,52.0], child_end=[121.0,52.0], parent_size=[73.0,52.0], gap=12.0, start_offset=0.0)
[WARN] Layout wrap: 'Files' in parent 'sidebar_working_files' - NoWrap set but would overflow (child_size=50.0, offset=44.0, container=73.0)
[WARN] Layout overflow: 'Files' extends outside parent 'sidebar_working_files' bounds (child_rel=[44.0,0.0], child_size=[50.0,52.0], child_end=[94.0,52.0], parent_size=[73.0,52.0], gap=12.0, start_offset=0.0)
[WARN] Layout wrap: '' in parent '' - NoWrap set but would overflow (child_size=192.0, offset=16.0, container=146.0)
[WARN] Layout overflow: '' extends outside parent '' bounds (child_rel=[16.0,4.0], child_size=[192.0,40.0], child_end=[208.0,44.0], parent_size=[146.0,48.0], gap=16.0, start_offset=0.0)
[WARN] Layout wrap: 'Review' in parent 'sidebar_review' - NoWrap set but would overflow (child_size=77.0, offset=44.0, container=73.0)
[WARN] Layout overflow: 'Review' extends outside parent 'sidebar_review' bounds (child_rel=[44.0,0.0], child_size=[77.0,52.0], child_end=[121.0,52.0], parent_size=[73.0,52.0], gap=12.0, start_offset=0.0)
[WARN] Layout wrap: 'Files' in parent 'sidebar_working_files' - NoWrap set but would overflow (child_size=50.0, offset=44.0, container=73.0)
[WARN] Layout overflow: 'Files' extends outside parent 'sidebar_working_files' bounds (child_rel=[44.0,0.0], child_size=[50.0,52.0], child_end=[94.0,52.0], parent_size=[73.0,52.0], gap=12.0, start_offset=0.0)
[WARN] Layout wrap: '' in parent '' - NoWrap set but would overflow (child_size=192.0, offset=16.0, container=146.0)
[WARN] Layout overflow: '' extends outside parent '' bounds (child_rel=[16.0,4.0], child_size=[192.0,40.0], child_end=[208.0,44.0], parent_size=[146.0,48.0], gap=16.0, start_offset=0.0)
[WARN] Layout wrap: 'Review' in parent 'sidebar_review' - NoWrap set but would overflow (child_size=77.0, offset=44.0, container=73.0)
[WARN] Layout overflow: 'Review' extends outside parent 'sidebar_review' bounds (child_rel=[44.0,0.0], child_size=[77.0,52.0], child_end=[121.0,52.0], parent_size=[73.0,52.0], gap=12.0, start_offset=0.0)
[WARN] Layout wrap: 'Files' in parent 'sidebar_working_files' - NoWrap set but would overflow (child_size=50.0, offset=44.0, container=73.0)
[WARN] Layout overflow: 'Files' extends outside parent 'sidebar_working_files' bounds (child_rel=[44.0,0.0], child_size=[50.0,52.0], child_end=[94.0,52.0], parent_size=[73.0,52.0], gap=12.0, start_offset=0.0)
[WARN] Layout wrap: '' in parent '' - NoWrap set but would overflow (child_size=192.0, offset=16.0, container=146.0)
[WARN] Layout overflow: '' extends outside parent '' bounds (child_rel=[16.0,4.0], child_size=[192.0,40.0], child_end=[208.0,44.0], parent_size=[146.0,48.0], gap=16.0, start_offset=0.0)
[WARN] Layout wrap: 'Review' in parent 'sidebar_review' - NoWrap set but would overflow (child_size=77.0, offset=44.0, container=73.0)
[WARN] Layout overflow: 'Review' extends outside parent 'sidebar_review' bounds (child_rel=[44.0,0.0], child_size=[77.0,52.0], child_end=[121.0,52.0], parent_size=[73.0,52.0], gap=12.0, start_offset=0.0)
[WARN] Layout wrap: 'Files' in parent 'sidebar_working_files' - NoWrap set but would overflow (child_size=50.0, offset=44.0, container=73.0)
[WARN] Layout overflow: 'Files' extends outside parent 'sidebar_working_files' bounds (child_rel=[44.0,0.0], child_size=[50.0,52.0], child_end=[94.0,52.0], parent_size=[73.0,52.0], gap=12.0, start_offset=0.0)
[WARN] Layout wrap: '' in parent '' - NoWrap set but would overflow (child_size=192.0, offset=16.0, container=146.0)
[WARN] Layout overflow: '' extends outside parent '' bounds (child_rel=[16.0,4.0], child_size=[192.0,40.0], child_end=[208.0,44.0], parent_size=[146.0,48.0], gap=16.0, start_offset=0.0)
[WARN] Layout wrap: 'Review' in parent 'sidebar_review' - NoWrap set but would overflow (child_size=77.0, offset=44.0, container=73.0)
[WARN] Layout overflow: 'Review' extends outside parent 'sidebar_review' bounds (child_rel=[44.0,0.0], child_size=[77.0,52.0], child_end=[121.0,52.0], parent_size=[73.0,52.0], gap=12.0, start_offset=0.0)
[WARN] Layout wrap: 'Files' in parent 'sidebar_working_files' - NoWrap set but would overflow (child_size=50.0, offset=44.0, container=73.0)
[WARN] Layout overflow: 'Files' extends outside parent 'sidebar_working_files' bounds (child_rel=[44.0,0.0], child_size=[50.0,52.0], child_end=[94.0,52.0], parent_size=[73.0,52.0], gap=12.0, start_offset=0.0)
[WARN] Layout wrap: '' in parent '' - NoWrap set but would overflow (child_size=192.0, offset=16.0, container=146.0)
[WARN] Layout overflow: '' extends outside parent '' bounds (child_rel=[16.0,4.0], child_size=[192.0,40.0], child_end=[208.0,44.0], parent_size=[146.0,48.0], gap=16.0, start_offset=0.0)
[WARN] Layout wrap: 'Review' in parent 'sidebar_review' - NoWrap set but would overflow (child_size=77.0, offset=44.0, container=73.0)
[WARN] Layout overflow: 'Review' extends outside parent 'sidebar_review' bounds (child_rel=[44.0,0.0], child_size=[77.0,52.0], child_end=[121.0,52.0], parent_size=[73.0,52.0], gap=12.0, start_offset=0.0)
[WARN] Layout wrap: 'Files' in parent 'sidebar_working_files' - NoWrap set but would overflow (child_size=50.0, offset=44.0, container=73.0)
[WARN] Layout overflow: 'Files' extends outside parent 'sidebar_working_files' bounds (child_rel=[44.0,0.0], child_size=[50.0,52.0], child_end=[94.0,52.0], parent_size=[73.0,52.0], gap=12.0, start_offset=0.0)
[WARN] Layout wrap: '' in parent '' - NoWrap set but would overflow (child_size=192.0, offset=16.0, container=146.0)
[WARN] Layout overflow: '' extends outside parent '' bounds (child_rel=[16.0,4.0], child_size=[192.0,40.0], child_end=[208.0,44.0], parent_size=[146.0,48.0], gap=16.0, start_offset=0.0)
[WARN] Layout wrap: 'Review' in parent 'sidebar_review' - NoWrap set but would overflow (child_size=77.0, offset=44.0, container=73.0)
[WARN] Layout overflow: 'Review' extends outside parent 'sidebar_review' bounds (child_rel=[44.0,0.0], child_size=[77.0,52.0], child_end=[121.0,52.0], parent_size=[73.0,52.0], gap=12.0, start_offset=0.0)
[WARN] Layout wrap: 'Files' in parent 'sidebar_working_files' - NoWrap set but would overflow (child_size=50.0, offset=44.0, container=73.0)
[WARN] Layout overflow: 'Files' extends outside parent 'sidebar_working_files' bounds (child_rel=[44.0,0.0], child_size=[50.0,52.0], child_end=[94.0,52.0], parent_size=[73.0,52.0], gap=12.0, start_offset=0.0)
[WARN] Layout wrap: '' in parent '' - NoWrap set but would overflow (child_size=192.0, offset=16.0, container=146.0)
[WARN] Layout overflow: '' extends outside parent '' bounds (child_rel=[16.0,4.0], child_size=[192.0,40.0], child_end=[208.0,44.0], parent_size=[146.0,48.0], gap=16.0, start_offset=0.0)
[WARN] Layout wrap: 'Review' in parent 'sidebar_review' - NoWrap set but would overflow (child_size=77.0, offset=44.0, container=73.0)
[WARN] Layout overflow: 'Review' extends outside parent 'sidebar_review' bounds (child_rel=[44.0,0.0], child_size=[77.0,52.0], child_end=[121.0,52.0], parent_size=[73.0,52.0], gap=12.0, start_offset=0.0)
[WARN] Layout wrap: 'Files' in parent 'sidebar_working_files' - NoWrap set but would overflow (child_size=50.0, offset=44.0, container=73.0)
[WARN] Layout overflow: 'Files' extends outside parent 'sidebar_working_files' bounds (child_rel=[44.0,0.0], child_size=[50.0,52.0], child_end=[94.0,52.0], parent_size=[73.0,52.0], gap=12.0, start_offset=0.0)
[WARN] Layout wrap: '' in parent '' - NoWrap set but would overflow (child_size=192.0, offset=16.0, container=146.0)
[WARN] Layout overflow: '' extends outside parent '' bounds (child_rel=[16.0,4.0], child_size=[192.0,40.0], child_end=[208.0,44.0], parent_size=[146.0,48.0], gap=16.0, start_offset=0.0)
[WARN] Layout wrap: 'Review' in parent 'sidebar_review' - NoWrap set but would overflow (child_size=77.0, offset=44.0, container=73.0)
[WARN] Layout overflow: 'Review' extends outside parent 'sidebar_review' bounds (child_rel=[44.0,0.0], child_size=[77.0,52.0], child_end=[121.0,52.0], parent_size=[73.0,52.0], gap=12.0, start_offset=0.0)
[WARN] Layout wrap: 'Files' in parent 'sidebar_working_files' - NoWrap set but would overflow (child_size=50.0, offset=44.0, container=73.0)
[WARN] Layout overflow: 'Files' extends outside parent 'sidebar_working_files' bounds (child_rel=[44.0,0.0], child_size=[50.0,52.0], child_end=[94.0,52.0], parent_size=[73.0,52.0], gap=12.0, start_offset=0.0)
[WARN] Layout wrap: '' in parent '' - NoWrap set but would overflow (child_size=192.0, offset=16.0, container=146.0)
[WARN] Layout overflow: '' extends outside parent '' bounds (child_rel=[16.0,4.0], child_size=[192.0,40.0], child_end=[208.0,44.0], parent_size=[146.0,48.0], gap=16.0, start_offset=0.0)
[WARN] Layout wrap: 'Review' in parent 'sidebar_review' - NoWrap set but would overflow (child_size=77.0, offset=44.0, container=73.0)
[WARN] Layout overflow: 'Review' extends outside parent 'sidebar_review' bounds (child_rel=[44.0,0.0], child_size=[77.0,52.0], child_end=[121.0,52.0], parent_size=[73.0,52.0], gap=12.0, start_offset=0.0)
[WARN] Layout wrap: 'Files' in parent 'sidebar_working_files' - NoWrap set but would overflow (child_size=50.0, offset=44.0, container=73.0)
[WARN] Layout overflow: 'Files' extends outside parent 'sidebar_working_files' bounds (child_rel=[44.0,0.0], child_size=[50.0,52.0], child_end=[94.0,52.0], parent_size=[73.0,52.0], gap=12.0, start_offset=0.0)
[WARN] Layout wrap: '' in parent '' - NoWrap set but would overflow (child_size=192.0, offset=16.0, container=146.0)
[WARN] Layout overflow: '' extends outside parent '' bounds (child_rel=[16.0,4.0], child_size=[192.0,40.0], child_end=[208.0,44.0], parent_size=[146.0,48.0], gap=16.0, start_offset=0.0)
[WARN] Layout wrap: 'Review' in parent 'sidebar_review' - NoWrap set but would overflow (child_size=77.0, offset=44.0, container=73.0)
[WARN] Layout overflow: 'Review' extends outside parent 'sidebar_review' bounds (child_rel=[44.0,0.0], child_size=[77.0,52.0], child_end=[121.0,52.0], parent_size=[73.0,52.0], gap=12.0, start_offset=0.0)
[WARN] Layout wrap: 'Files' in parent 'sidebar_working_files' - NoWrap set but would overflow (child_size=50.0, offset=44.0, container=73.0)
[WARN] Layout overflow: 'Files' extends outside parent 'sidebar_working_files' bounds (child_rel=[44.0,0.0], child_size=[50.0,52.0], child_end=[94.0,52.0], parent_size=[73.0,52.0], gap=12.0, start_offset=0.0)
[WARN] Layout wrap: '' in parent '' - NoWrap set but would overflow (child_size=192.0, offset=16.0, container=146.0)
[WARN] Layout overflow: '' extends outside parent '' bounds (child_rel=[16.0,4.0], child_size=[192.0,40.0], child_end=[208.0,44.0], parent_size=[146.0,48.0], gap=16.0, start_offset=0.0)
[WARN] Layout wrap: 'Review' in parent 'sidebar_review' - NoWrap set but would overflow (child_size=77.0, offset=44.0, container=73.0)
[WARN] Layout overflow: 'Review' extends outside parent 'sidebar_review' bounds (child_rel=[44.0,0.0], child_size=[77.0,52.0], child_end=[121.0,52.0], parent_size=[73.0,52.0], gap=12.0, start_offset=0.0)
[WARN] Layout wrap: 'Files' in parent 'sidebar_working_files' - NoWrap set but would overflow (child_size=50.0, offset=44.0, container=73.0)
[WARN] Layout overflow: 'Files' extends outside parent 'sidebar_working_files' bounds (child_rel=[44.0,0.0], child_size=[50.0,52.0], child_end=[94.0,52.0], parent_size=[73.0,52.0], gap=12.0, start_offset=0.0)
[WARN] Layout wrap: '' in parent '' - NoWrap set but would overflow (child_size=192.0, offset=16.0, container=146.0)
[WARN] Layout overflow: '' extends outside parent '' bounds (child_rel=[16.0,4.0], child_size=[192.0,40.0], child_end=[208.0,44.0], parent_size=[146.0,48.0], gap=16.0, start_offset=0.0)
[WARN] Layout wrap: 'Review' in parent 'sidebar_review' - NoWrap set but would overflow (child_size=77.0, offset=44.0, container=73.0)
[WARN] Layout overflow: 'Review' extends outside parent 'sidebar_review' bounds (child_rel=[44.0,0.0], child_size=[77.0,52.0], child_end=[121.0,52.0], parent_size=[73.0,52.0], gap=12.0, start_offset=0.0)
[WARN] Layout wrap: 'Files' in parent 'sidebar_working_files' - NoWrap set but would overflow (child_size=50.0, offset=44.0, container=73.0)
[WARN] Layout overflow: 'Files' extends outside parent 'sidebar_working_files' bounds (child_rel=[44.0,0.0], child_size=[50.0,52.0], child_end=[94.0,52.0], parent_size=[73.0,52.0], gap=12.0, start_offset=0.0)
[WARN] Layout wrap: '' in parent '' - NoWrap set but would overflow (child_size=192.0, offset=16.0, container=146.0)
[WARN] Layout overflow: '' extends outside parent '' bounds (child_rel=[16.0,4.0], child_size=[192.0,40.0], child_end=[208.0,44.0], parent_size=[146.0,48.0], gap=16.0, start_offset=0.0)
[WARN] Layout wrap: 'Review' in parent 'sidebar_review' - NoWrap set but would overflow (child_size=77.0, offset=44.0, container=73.0)
[WARN] Layout overflow: 'Review' extends outside parent 'sidebar_review' bounds (child_rel=[44.0,0.0], child_size=[77.0,52.0], child_end=[121.0,52.0], parent_size=[73.0,52.0], gap=12.0, start_offset=0.0)
[WARN] Layout wrap: 'Files' in parent 'sidebar_working_files' - NoWrap set but would overflow (child_size=50.0, offset=44.0, container=73.0)
[WARN] Layout overflow: 'Files' extends outside parent 'sidebar_working_files' bounds (child_rel=[44.0,0.0], child_size=[50.0,52.0], child_end=[94.0,52.0], parent_size=[73.0,52.0], gap=12.0, start_offset=0.0)
[WARN] Layout wrap: '' in parent '' - NoWrap set but would overflow (child_size=192.0, offset=16.0, container=146.0)
[WARN] Layout overflow: '' extends outside parent '' bounds (child_rel=[16.0,4.0], child_size=[192.0,40.0], child_end=[208.0,44.0], parent_size=[146.0,48.0], gap=16.0, start_offset=0.0)
[WARN] Layout wrap: 'Review' in parent 'sidebar_review' - NoWrap set but would overflow (child_size=77.0, offset=44.0, container=73.0)
[WARN] Layout overflow: 'Review' extends outside parent 'sidebar_review' bounds (child_rel=[44.0,0.0], child_size=[77.0,52.0], child_end=[121.0,52.0], parent_size=[73.0,52.0], gap=12.0, start_offset=0.0)
[WARN] Layout wrap: 'Files' in parent 'sidebar_working_files' - NoWrap set but would overflow (child_size=50.0, offset=44.0, container=73.0)
[WARN] Layout overflow: 'Files' extends outside parent 'sidebar_working_files' bounds (child_rel=[44.0,0.0], child_size=[50.0,52.0], child_end=[94.0,52.0], parent_size=[73.0,52.0], gap=12.0, start_offset=0.0)
[WARN] Layout wrap: '' in parent '' - NoWrap set but would overflow (child_size=192.0, offset=16.0, container=146.0)
[WARN] Layout overflow: '' extends outside parent '' bounds (child_rel=[16.0,4.0], child_size=[192.0,40.0], child_end=[208.0,44.0], parent_size=[146.0,48.0], gap=16.0, start_offset=0.0)
[WARN] Layout wrap: 'Review' in parent 'sidebar_review' - NoWrap set but would overflow (child_size=77.0, offset=44.0, container=73.0)
[WARN] Layout overflow: 'Review' extends outside parent 'sidebar_review' bounds (child_rel=[44.0,0.0], child_size=[77.0,52.0], child_end=[121.0,52.0], parent_size=[73.0,52.0], gap=12.0, start_offset=0.0)
[WARN] Layout wrap: 'Files' in parent 'sidebar_working_files' - NoWrap set but would overflow (child_size=50.0, offset=44.0, container=73.0)
[WARN] Layout overflow: 'Files' extends outside parent 'sidebar_working_files' bounds (child_rel=[44.0,0.0], child_size=[50.0,52.0], child_end=[94.0,52.0], parent_size=[73.0,52.0], gap=12.0, start_offset=0.0)
[WARN] Layout wrap: '' in parent '' - NoWrap set but would overflow (child_size=192.0, offset=16.0, container=146.0)
[WARN] Layout overflow: '' extends outside parent '' bounds (child_rel=[16.0,4.0], child_size=[192.0,40.0], child_end=[208.0,44.0], parent_size=[146.0,48.0], gap=16.0, start_offset=0.0)
[WARN] Layout wrap: 'Review' in parent 'sidebar_review' - NoWrap set but would overflow (child_size=77.0, offset=44.0, container=73.0)
[WARN] Layout overflow: 'Review' extends outside parent 'sidebar_review' bounds (child_rel=[44.0,0.0], child_size=[77.0,52.0], child_end=[121.0,52.0], parent_size=[73.0,52.0], gap=12.0, start_offset=0.0)
[WARN] Layout wrap: 'Files' in parent 'sidebar_working_files' - NoWrap set but would overflow (child_size=50.0, offset=44.0, container=73.0)
[WARN] Layout overflow: 'Files' extends outside parent 'sidebar_working_files' bounds (child_rel=[44.0,0.0], child_size=[50.0,52.0], child_end=[94.0,52.0], parent_size=[73.0,52.0], gap=12.0, start_offset=0.0)
[WARN] Layout wrap: '' in parent '' - NoWrap set but would overflow (child_size=192.0, offset=16.0, container=146.0)
[WARN] Layout overflow: '' extends outside parent '' bounds (child_rel=[16.0,4.0], child_size=[192.0,40.0], child_end=[208.0,44.0], parent_size=[146.0,48.0], gap=16.0, start_offset=0.0)
[WARN] Layout wrap: 'Review' in parent 'sidebar_review' - NoWrap set but would overflow (child_size=77.0, offset=44.0, container=73.0)
[WARN] Layout overflow: 'Review' extends outside parent 'sidebar_review' bounds (child_rel=[44.0,0.0], child_size=[77.0,52.0], child_end=[121.0,52.0], parent_size=[73.0,52.0], gap=12.0, start_offset=0.0)
[WARN] Layout wrap: 'Files' in parent 'sidebar_working_files' - NoWrap set but would overflow (child_size=50.0, offset=44.0, container=73.0)
[WARN] Layout overflow: 'Files' extends outside parent 'sidebar_working_files' bounds (child_rel=[44.0,0.0], child_size=[50.0,52.0], child_end=[94.0,52.0], parent_size=[73.0,52.0], gap=12.0, start_offset=0.0)
[WARN] Layout wrap: '' in parent '' - NoWrap set but would overflow (child_size=192.0, offset=16.0, container=146.0)
[WARN] Layout overflow: '' extends outside parent '' bounds (child_rel=[16.0,4.0], child_size=[192.0,40.0], child_end=[208.0,44.0], parent_size=[146.0,48.0], gap=16.0, start_offset=0.0)
[WARN] Layout wrap: 'Review' in parent 'sidebar_review' - NoWrap set but would overflow (child_size=77.0, offset=44.0, container=73.0)
[WARN] Layout overflow: 'Review' extends outside parent 'sidebar_review' bounds (child_rel=[44.0,0.0], child_size=[77.0,52.0], child_end=[121.0,52.0], parent_size=[73.0,52.0], gap=12.0, start_offset=0.0)
[WARN] Layout wrap: 'Files' in parent 'sidebar_working_files' - NoWrap set but would overflow (child_size=50.0, offset=44.0, container=73.0)
[WARN] Layout overflow: 'Files' extends outside parent 'sidebar_working_files' bounds (child_rel=[44.0,0.0], child_size=[50.0,52.0], child_end=[94.0,52.0], parent_size=[73.0,52.0], gap=12.0, start_offset=0.0)
[WARN] Layout wrap: '' in parent '' - NoWrap set but would overflow (child_size=192.0, offset=16.0, container=146.0)
[WARN] Layout overflow: '' extends outside parent '' bounds (child_rel=[16.0,4.0], child_size=[192.0,40.0], child_end=[208.0,44.0], parent_size=[146.0,48.0], gap=16.0, start_offset=0.0)
[WARN] Layout wrap: 'Review' in parent 'sidebar_review' - NoWrap set but would overflow (child_size=77.0, offset=44.0, container=73.0)
[WARN] Layout overflow: 'Review' extends outside parent 'sidebar_review' bounds (child_rel=[44.0,0.0], child_size=[77.0,52.0], child_end=[121.0,52.0], parent_size=[73.0,52.0], gap=12.0, start_offset=0.0)
[WARN] Layout wrap: 'Files' in parent 'sidebar_working_files' - NoWrap set but would overflow (child_size=50.0, offset=44.0, container=73.0)
[WARN] Layout overflow: 'Files' extends outside parent 'sidebar_working_files' bounds (child_rel=[44.0,0.0], child_size=[50.0,52.0], child_end=[94.0,52.0], parent_size=[73.0,52.0], gap=12.0, start_offset=0.0)
[WARN] Layout wrap: '' in parent '' - NoWrap set but would overflow (child_size=192.0, offset=16.0, container=146.0)
[WARN] Layout overflow: '' extends outside parent '' bounds (child_rel=[16.0,4.0], child_size=[192.0,40.0], child_end=[208.0,44.0], parent_size=[146.0,48.0], gap=16.0, start_offset=0.0)
[WARN] Layout wrap: 'Review' in parent 'sidebar_review' - NoWrap set but would overflow (child_size=77.0, offset=44.0, container=73.0)
[WARN] Layout overflow: 'Review' extends outside parent 'sidebar_review' bounds (child_rel=[44.0,0.0], child_size=[77.0,52.0], child_end=[121.0,52.0], parent_size=[73.0,52.0], gap=12.0, start_offset=0.0)
[WARN] Layout wrap: 'Files' in parent 'sidebar_working_files' - NoWrap set but would overflow (child_size=50.0, offset=44.0, container=73.0)
[WARN] Layout overflow: 'Files' extends outside parent 'sidebar_working_files' bounds (child_rel=[44.0,0.0], child_size=[50.0,52.0], child_end=[94.0,52.0], parent_size=[73.0,52.0], gap=12.0, start_offset=0.0)
[WARN] Layout wrap: '' in parent '' - NoWrap set but would overflow (child_size=192.0, offset=16.0, container=146.0)
[WARN] Layout overflow: '' extends outside parent '' bounds (child_rel=[16.0,4.0], child_size=[192.0,40.0], child_end=[208.0,44.0], parent_size=[146.0,48.0], gap=16.0, start_offset=0.0)
[WARN] Layout wrap: 'Review' in parent 'sidebar_review' - NoWrap set but would overflow (child_size=77.0, offset=44.0, container=73.0)
[WARN] Layout overflow: 'Review' extends outside parent 'sidebar_review' bounds (child_rel=[44.0,0.0], child_size=[77.0,52.0], child_end=[121.0,52.0], parent_size=[73.0,52.0], gap=12.0, start_offset=0.0)
[WARN] Layout wrap: 'Files' in parent 'sidebar_working_files' - NoWrap set but would overflow (child_size=50.0, offset=44.0, container=73.0)
[WARN] Layout overflow: 'Files' extends outside parent 'sidebar_working_files' bounds (child_rel=[44.0,0.0], child_size=[50.0,52.0], child_end=[94.0,52.0], parent_size=[73.0,52.0], gap=12.0, start_offset=0.0)
[WARN] Layout wrap: '' in parent '' - NoWrap set but would overflow (child_size=192.0, offset=16.0, container=146.0)
[WARN] Layout overflow: '' extends outside parent '' bounds (child_rel=[16.0,4.0], child_size=[192.0,40.0], child_end=[208.0,44.0], parent_size=[146.0,48.0], gap=16.0, start_offset=0.0)
[WARN] Layout wrap: 'Review' in parent 'sidebar_review' - NoWrap set but would overflow (child_size=77.0, offset=44.0, container=73.0)
[WARN] Layout overflow: 'Review' extends outside parent 'sidebar_review' bounds (child_rel=[44.0,0.0], child_size=[77.0,52.0], child_end=[121.0,52.0], parent_size=[73.0,52.0], gap=12.0, start_offset=0.0)
[WARN] Layout wrap: 'Files' in parent 'sidebar_working_files' - NoWrap set but would overflow (child_size=50.0, offset=44.0, container=73.0)
[WARN] Layout overflow: 'Files' extends outside parent 'sidebar_working_files' bounds (child_rel=[44.0,0.0], child_size=[50.0,52.0], child_end=[94.0,52.0], parent_size=[73.0,52.0], gap=12.0, start_offset=0.0)
[WARN] Layout wrap: '' in parent '' - NoWrap set but would overflow (child_size=192.0, offset=16.0, container=146.0)
[WARN] Layout overflow: '' extends outside parent '' bounds (child_rel=[16.0,4.0], child_size=[192.0,40.0], child_end=[208.0,44.0], parent_size=[146.0,48.0], gap=16.0, start_offset=0.0)
[WARN] Layout wrap: 'Review' in parent 'sidebar_review' - NoWrap set but would overflow (child_size=77.0, offset=44.0, container=73.0)
[WARN] Layout overflow: 'Review' extends outside parent 'sidebar_review' bounds (child_rel=[44.0,0.0], child_size=[77.0,52.0], child_end=[121.0,52.0], parent_size=[73.0,52.0], gap=12.0, start_offset=0.0)
[WARN] Layout wrap: 'Files' in parent 'sidebar_working_files' - NoWrap set but would overflow (child_size=50.0, offset=44.0, container=73.0)
[WARN] Layout overflow: 'Files' extends outside parent 'sidebar_working_files' bounds (child_rel=[44.0,0.0], child_size=[50.0,52.0], child_end=[94.0,52.0], parent_size=[73.0,52.0], gap=12.0, start_offset=0.0)
[WARN] Layout wrap: '' in parent '' - NoWrap set but would overflow (child_size=192.0, offset=16.0, container=146.0)
[WARN] Layout overflow: '' extends outside parent '' bounds (child_rel=[16.0,4.0], child_size=[192.0,40.0], child_end=[208.0,44.0], parent_size=[146.0,48.0], gap=16.0, start_offset=0.0)
[WARN] Layout wrap: 'Review' in parent 'sidebar_review' - NoWrap set but would overflow (child_size=77.0, offset=44.0, container=73.0)
[WARN] Layout overflow: 'Review' extends outside parent 'sidebar_review' bounds (child_rel=[44.0,0.0], child_size=[77.0,52.0], child_end=[121.0,52.0], parent_size=[73.0,52.0], gap=12.0, start_offset=0.0)
[WARN] Layout wrap: 'Files' in parent 'sidebar_working_files' - NoWrap set but would overflow (child_size=50.0, offset=44.0, container=73.0)
[WARN] Layout overflow: 'Files' extends outside parent 'sidebar_working_files' bounds (child_rel=[44.0,0.0], child_size=[50.0,52.0], child_end=[94.0,52.0], parent_size=[73.0,52.0], gap=12.0, start_offset=0.0)
[WARN] Layout wrap: '' in parent '' - NoWrap set but would overflow (child_size=192.0, offset=16.0, container=146.0)
[WARN] Layout overflow: '' extends outside parent '' bounds (child_rel=[16.0,4.0], child_size=[192.0,40.0], child_end=[208.0,44.0], parent_size=[146.0,48.0], gap=16.0, start_offset=0.0)
[WARN] Layout wrap: 'Review' in parent 'sidebar_review' - NoWrap set but would overflow (child_size=77.0, offset=44.0, container=73.0)
[WARN] Layout overflow: 'Review' extends outside parent 'sidebar_review' bounds (child_rel=[44.0,0.0], child_size=[77.0,52.0], child_end=[121.0,52.0], parent_size=[73.0,52.0], gap=12.0, start_offset=0.0)
[WARN] Layout wrap: 'Files' in parent 'sidebar_working_files' - NoWrap set but would overflow (child_size=50.0, offset=44.0, container=73.0)
[WARN] Layout overflow: 'Files' extends outside parent 'sidebar_working_files' bounds (child_rel=[44.0,0.0], child_size=[50.0,52.0], child_end=[94.0,52.0], parent_size=[73.0,52.0], gap=12.0, start_offset=0.0)
[WARN] Layout wrap: '' in parent '' - NoWrap set but would overflow (child_size=192.0, offset=16.0, container=146.0)
[WARN] Layout overflow: '' extends outside parent '' bounds (child_rel=[16.0,4.0], child_size=[192.0,40.0], child_end=[208.0,44.0], parent_size=[146.0,48.0], gap=16.0, start_offset=0.0)
[WARN] Layout wrap: 'Review' in parent 'sidebar_review' - NoWrap set but would overflow (child_size=77.0, offset=44.0, container=73.0)
[WARN] Layout overflow: 'Review' extends outside parent 'sidebar_review' bounds (child_rel=[44.0,0.0], child_size=[77.0,52.0], child_end=[121.0,52.0], parent_size=[73.0,52.0], gap=12.0, start_offset=0.0)
[WARN] Layout wrap: 'Files' in parent 'sidebar_working_files' - NoWrap set but would overflow (child_size=50.0, offset=44.0, container=73.0)
[WARN] Layout overflow: 'Files' extends outside parent 'sidebar_working_files' bounds (child_rel=[44.0,0.0], child_size=[50.0,52.0], child_end=[94.0,52.0], parent_size=[73.0,52.0], gap=12.0, start_offset=0.0)
[WARN] Layout wrap: '' in parent '' - NoWrap set but would overflow (child_size=192.0, offset=16.0, container=146.0)
[WARN] Layout overflow: '' extends outside parent '' bounds (child_rel=[16.0,4.0], child_size=[192.0,40.0], child_end=[208.0,44.0], parent_size=[146.0,48.0], gap=16.0, start_offset=0.0)
[WARN] Layout wrap: 'Review' in parent 'sidebar_review' - NoWrap set but would overflow (child_size=77.0, offset=44.0, container=73.0)
[WARN] Layout overflow: 'Review' extends outside parent 'sidebar_review' bounds (child_rel=[44.0,0.0], child_size=[77.0,52.0], child_end=[121.0,52.0], parent_size=[73.0,52.0], gap=12.0, start_offset=0.0)
[WARN] Layout wrap: 'Files' in parent 'sidebar_working_files' - NoWrap set but would overflow (child_size=50.0, offset=44.0, container=73.0)
[WARN] Layout overflow: 'Files' extends outside parent 'sidebar_working_files' bounds (child_rel=[44.0,0.0], child_size=[50.0,52.0], child_end=[94.0,52.0], parent_size=[73.0,52.0], gap=12.0, start_offset=0.0)
[WARN] Layout wrap: '' in parent '' - NoWrap set but would overflow (child_size=192.0, offset=16.0, container=146.0)
[WARN] Layout overflow: '' extends outside parent '' bounds (child_rel=[16.0,4.0], child_size=[192.0,40.0], child_end=[208.0,44.0], parent_size=[146.0,48.0], gap=16.0, start_offset=0.0)
[WARN] Layout wrap: 'Review' in parent 'sidebar_review' - NoWrap set but would overflow (child_size=77.0, offset=44.0, container=73.0)
[WARN] Layout overflow: 'Review' extends outside parent 'sidebar_review' bounds (child_rel=[44.0,0.0], child_size=[77.0,52.0], child_end=[121.0,52.0], parent_size=[73.0,52.0], gap=12.0, start_offset=0.0)
[WARN] Layout wrap: 'Files' in parent 'sidebar_working_files' - NoWrap set but would overflow (child_size=50.0, offset=44.0, container=73.0)
[WARN] Layout overflow: 'Files' extends outside parent 'sidebar_working_files' bounds (child_rel=[44.0,0.0], child_size=[50.0,52.0], child_end=[94.0,52.0], parent_size=[73.0,52.0], gap=12.0, start_offset=0.0)
[WARN] Layout wrap: '' in parent '' - NoWrap set but would overflow (child_size=192.0, offset=16.0, container=146.0)
[WARN] Layout overflow: '' extends outside parent '' bounds (child_rel=[16.0,4.0], child_size=[192.0,40.0], child_end=[208.0,44.0], parent_size=[146.0,48.0], gap=16.0, start_offset=0.0)
[WARN] Layout wrap: 'Review' in parent 'sidebar_review' - NoWrap set but would overflow (child_size=77.0, offset=44.0, container=73.0)
[WARN] Layout overflow: 'Review' extends outside parent 'sidebar_review' bounds (child_rel=[44.0,0.0], child_size=[77.0,52.0], child_end=[121.0,52.0], parent_size=[73.0,52.0], gap=12.0, start_offset=0.0)
[WARN] Layout wrap: 'Files' in parent 'sidebar_working_files' - NoWrap set but would overflow (child_size=50.0, offset=44.0, container=73.0)
[WARN] Layout overflow: 'Files' extends outside parent 'sidebar_working_files' bounds (child_rel=[44.0,0.0], child_size=[50.0,52.0], child_end=[94.0,52.0], parent_size=[73.0,52.0], gap=12.0, start_offset=0.0)
[WARN] Layout wrap: '' in parent '' - NoWrap set but would overflow (child_size=192.0, offset=16.0, container=146.0)
[WARN] Layout overflow: '' extends outside parent '' bounds (child_rel=[16.0,4.0], child_size=[192.0,40.0], child_end=[208.0,44.0], parent_size=[146.0,48.0], gap=16.0, start_offset=0.0)
[WARN] Layout wrap: 'Review' in parent 'sidebar_review' - NoWrap set but would overflow (child_size=77.0, offset=44.0, container=73.0)
[WARN] Layout overflow: 'Review' extends outside parent 'sidebar_review' bounds (child_rel=[44.0,0.0], child_size=[77.0,52.0], child_end=[121.0,52.0], parent_size=[73.0,52.0], gap=12.0, start_offset=0.0)
[WARN] Layout wrap: 'Files' in parent 'sidebar_working_files' - NoWrap set but would overflow (child_size=50.0, offset=44.0, container=73.0)
[WARN] Layout overflow: 'Files' extends outside parent 'sidebar_working_files' bounds (child_rel=[44.0,0.0], child_size=[50.0,52.0], child_end=[94.0,52.0], parent_size=[73.0,52.0], gap=12.0, start_offset=0.0)
[WARN] Layout wrap: '' in parent '' - NoWrap set but would overflow (child_size=192.0, offset=16.0, container=146.0)
[WARN] Layout overflow: '' extends outside parent '' bounds (child_rel=[16.0,4.0], child_size=[192.0,40.0], child_end=[208.0,44.0], parent_size=[146.0,48.0], gap=16.0, start_offset=0.0)
[WARN] Layout wrap: 'Review' in parent 'sidebar_review' - NoWrap set but would overflow (child_size=77.0, offset=44.0, container=73.0)
[WARN] Layout overflow: 'Review' extends outside parent 'sidebar_review' bounds (child_rel=[44.0,0.0], child_size=[77.0,52.0], child_end=[121.0,52.0], parent_size=[73.0,52.0], gap=12.0, start_offset=0.0)
[WARN] Layout wrap: 'Files' in parent 'sidebar_working_files' - NoWrap set but would overflow (child_size=50.0, offset=44.0, container=73.0)
[WARN] Layout overflow: 'Files' extends outside parent 'sidebar_working_files' bounds (child_rel=[44.0,0.0], child_size=[50.0,52.0], child_end=[94.0,52.0], parent_size=[73.0,52.0], gap=12.0, start_offset=0.0)
[WARN] Layout wrap: '' in parent '' - NoWrap set but would overflow (child_size=192.0, offset=16.0, container=146.0)
[WARN] Layout overflow: '' extends outside parent '' bounds (child_rel=[16.0,4.0], child_size=[192.0,40.0], child_end=[208.0,44.0], parent_size=[146.0,48.0], gap=16.0, start_offset=0.0)
[WARN] Layout wrap: 'Review' in parent 'sidebar_review' - NoWrap set but would overflow (child_size=77.0, offset=44.0, container=73.0)
[WARN] Layout overflow: 'Review' extends outside parent 'sidebar_review' bounds (child_rel=[44.0,0.0], child_size=[77.0,52.0], child_end=[121.0,52.0], parent_size=[73.0,52.0], gap=12.0, start_offset=0.0)
[WARN] Layout wrap: 'Files' in parent 'sidebar_working_files' - NoWrap set but would overflow (child_size=50.0, offset=44.0, container=73.0)
[WARN] Layout overflow: 'Files' extends outside parent 'sidebar_working_files' bounds (child_rel=[44.0,0.0], child_size=[50.0,52.0], child_end=[94.0,52.0], parent_size=[73.0,52.0], gap=12.0, start_offset=0.0)
[WARN] Layout wrap: '' in parent '' - NoWrap set but would overflow (child_size=192.0, offset=16.0, container=146.0)
[WARN] Layout overflow: '' extends outside parent '' bounds (child_rel=[16.0,4.0], child_size=[192.0,40.0], child_end=[208.0,44.0], parent_size=[146.0,48.0], gap=16.0, start_offset=0.0)
[WARN] Layout wrap: 'Review' in parent 'sidebar_review' - NoWrap set but would overflow (child_size=77.0, offset=44.0, container=73.0)
[WARN] Layout overflow: 'Review' extends outside parent 'sidebar_review' bounds (child_rel=[44.0,0.0], child_size=[77.0,52.0], child_end=[121.0,52.0], parent_size=[73.0,52.0], gap=12.0, start_offset=0.0)
[WARN] Layout wrap: 'Files' in parent 'sidebar_working_files' - NoWrap set but would overflow (child_size=50.0, offset=44.0, container=73.0)
[WARN] Layout overflow: 'Files' extends outside parent 'sidebar_working_files' bounds (child_rel=[44.0,0.0], child_size=[50.0,52.0], child_end=[94.0,52.0], parent_size=[73.0,52.0], gap=12.0, start_offset=0.0)
[WARN] Layout wrap: '' in parent '' - NoWrap set but would overflow (child_size=192.0, offset=16.0, container=146.0)
[WARN] Layout overflow: '' extends outside parent '' bounds (child_rel=[16.0,4.0], child_size=[192.0,40.0], child_end=[208.0,44.0], parent_size=[146.0,48.0], gap=16.0, start_offset=0.0)
[WARN] Layout wrap: 'Review' in parent 'sidebar_review' - NoWrap set but would overflow (child_size=77.0, offset=44.0, container=73.0)
[WARN] Layout overflow: 'Review' extends outside parent 'sidebar_review' bounds (child_rel=[44.0,0.0], child_size=[77.0,52.0], child_end=[121.0,52.0], parent_size=[73.0,52.0], gap=12.0, start_offset=0.0)
[WARN] Layout wrap: 'Files' in parent 'sidebar_working_files' - NoWrap set but would overflow (child_size=50.0, offset=44.0, container=73.0)
[WARN] Layout overflow: 'Files' extends outside parent 'sidebar_working_files' bounds (child_rel=[44.0,0.0], child_size=[50.0,52.0], child_end=[94.0,52.0], parent_size=[73.0,52.0], gap=12.0, start_offset=0.0)
[WARN] Layout wrap: '' in parent '' - NoWrap set but would overflow (child_size=192.0, offset=16.0, container=146.0)
[WARN] Layout overflow: '' extends outside parent '' bounds (child_rel=[16.0,4.0], child_size=[192.0,40.0], child_end=[208.0,44.0], parent_size=[146.0,48.0], gap=16.0, start_offset=0.0)
[WARN] Layout wrap: 'Review' in parent 'sidebar_review' - NoWrap set but would overflow (child_size=77.0, offset=44.0, container=73.0)
[WARN] Layout overflow: 'Review' extends outside parent 'sidebar_review' bounds (child_rel=[44.0,0.0], child_size=[77.0,52.0], child_end=[121.0,52.0], parent_size=[73.0,52.0], gap=12.0, start_offset=0.0)
[WARN] Layout wrap: 'Files' in parent 'sidebar_working_files' - NoWrap set but would overflow (child_size=50.0, offset=44.0, container=73.0)
[WARN] Layout overflow: 'Files' extends outside parent 'sidebar_working_files' bounds (child_rel=[44.0,0.0], child_size=[50.0,52.0], child_end=[94.0,52.0], parent_size=[73.0,52.0], gap=12.0, start_offset=0.0)
[WARN] Layout wrap: '' in parent '' - NoWrap set but would overflow (child_size=192.0, offset=16.0, container=146.0)
[WARN] Layout overflow: '' extends outside parent '' bounds (child_rel=[16.0,4.0], child_size=[192.0,40.0], child_end=[208.0,44.0], parent_size=[146.0,48.0], gap=16.0, start_offset=0.0)
[WARN] Layout wrap: 'Review' in parent 'sidebar_review' - NoWrap set but would overflow (child_size=77.0, offset=44.0, container=73.0)
[WARN] Layout overflow: 'Review' extends outside parent 'sidebar_review' bounds (child_rel=[44.0,0.0], child_size=[77.0,52.0], child_end=[121.0,52.0], parent_size=[73.0,52.0], gap=12.0, start_offset=0.0)
[WARN] Layout wrap: 'Files' in parent 'sidebar_working_files' - NoWrap set but would overflow (child_size=50.0, offset=44.0, container=73.0)
[WARN] Layout overflow: 'Files' extends outside parent 'sidebar_working_files' bounds (child_rel=[44.0,0.0], child_size=[50.0,52.0], child_end=[94.0,52.0], parent_size=[73.0,52.0], gap=12.0, start_offset=0.0)
[WARN] Layout wrap: '' in parent '' - NoWrap set but would overflow (child_size=192.0, offset=16.0, container=146.0)
[WARN] Layout overflow: '' extends outside parent '' bounds (child_rel=[16.0,4.0], child_size=[192.0,40.0], child_end=[208.0,44.0], parent_size=[146.0,48.0], gap=16.0, start_offset=0.0)
[WARN] Layout wrap: 'Review' in parent 'sidebar_review' - NoWrap set but would overflow (child_size=77.0, offset=44.0, container=73.0)
[WARN] Layout overflow: 'Review' extends outside parent 'sidebar_review' bounds (child_rel=[44.0,0.0], child_size=[77.0,52.0], child_end=[121.0,52.0], parent_size=[73.0,52.0], gap=12.0, start_offset=0.0)
[WARN] Layout wrap: 'Files' in parent 'sidebar_working_files' - NoWrap set but would overflow (child_size=50.0, offset=44.0, container=73.0)
[WARN] Layout overflow: 'Files' extends outside parent 'sidebar_working_files' bounds (child_rel=[44.0,0.0], child_size=[50.0,52.0], child_end=[94.0,52.0], parent_size=[73.0,52.0], gap=12.0, start_offset=0.0)
[WARN] Layout wrap: '' in parent '' - NoWrap set but would overflow (child_size=192.0, offset=16.0, container=146.0)
[WARN] Layout overflow: '' extends outside parent '' bounds (child_rel=[16.0,4.0], child_size=[192.0,40.0], child_end=[208.0,44.0], parent_size=[146.0,48.0], gap=16.0, start_offset=0.0)
[WARN] Layout wrap: 'Review' in parent 'sidebar_review' - NoWrap set but would overflow (child_size=77.0, offset=44.0, container=73.0)
[WARN] Layout overflow: 'Review' extends outside parent 'sidebar_review' bounds (child_rel=[44.0,0.0], child_size=[77.0,52.0], child_end=[121.0,52.0], parent_size=[73.0,52.0], gap=12.0, start_offset=0.0)
[WARN] Layout wrap: 'Files' in parent 'sidebar_working_files' - NoWrap set but would overflow (child_size=50.0, offset=44.0, container=73.0)
[WARN] Layout overflow: 'Files' extends outside parent 'sidebar_working_files' bounds (child_rel=[44.0,0.0], child_size=[50.0,52.0], child_end=[94.0,52.0], parent_size=[73.0,52.0], gap=12.0, start_offset=0.0)
[WARN] Layout wrap: '' in parent '' - NoWrap set but would overflow (child_size=192.0, offset=16.0, container=146.0)
[WARN] Layout overflow: '' extends outside parent '' bounds (child_rel=[16.0,4.0], child_size=[192.0,40.0], child_end=[208.0,44.0], parent_size=[146.0,48.0], gap=16.0, start_offset=0.0)
[WARN] Layout wrap: 'Review' in parent 'sidebar_review' - NoWrap set but would overflow (child_size=77.0, offset=44.0, container=73.0)
[WARN] Layout overflow: 'Review' extends outside parent 'sidebar_review' bounds (child_rel=[44.0,0.0], child_size=[77.0,52.0], child_end=[121.0,52.0], parent_size=[73.0,52.0], gap=12.0, start_offset=0.0)
[WARN] Layout wrap: 'Files' in parent 'sidebar_working_files' - NoWrap set but would overflow (child_size=50.0, offset=44.0, container=73.0)
[WARN] Layout overflow: 'Files' extends outside parent 'sidebar_working_files' bounds (child_rel=[44.0,0.0], child_size=[50.0,52.0], child_end=[94.0,52.0], parent_size=[73.0,52.0], gap=12.0, start_offset=0.0)
[WARN] Layout wrap: '' in parent '' - NoWrap set but would overflow (child_size=192.0, offset=16.0, container=146.0)
[WARN] Layout overflow: '' extends outside parent '' bounds (child_rel=[16.0,4.0], child_size=[192.0,40.0], child_end=[208.0,44.0], parent_size=[146.0,48.0], gap=16.0, start_offset=0.0)
[WARN] Layout wrap: 'Review' in parent 'sidebar_review' - NoWrap set but would overflow (child_size=77.0, offset=44.0, container=73.0)
[WARN] Layout overflow: 'Review' extends outside parent 'sidebar_review' bounds (child_rel=[44.0,0.0], child_size=[77.0,52.0], child_end=[121.0,52.0], parent_size=[73.0,52.0], gap=12.0, start_offset=0.0)
[WARN] Layout wrap: 'Files' in parent 'sidebar_working_files' - NoWrap set but would overflow (child_size=50.0, offset=44.0, container=73.0)
[WARN] Layout overflow: 'Files' extends outside parent 'sidebar_working_files' bounds (child_rel=[44.0,0.0], child_size=[50.0,52.0], child_end=[94.0,52.0], parent_size=[73.0,52.0], gap=12.0, start_offset=0.0)
[WARN] Layout wrap: '' in parent '' - NoWrap set but would overflow (child_size=192.0, offset=16.0, container=146.0)
[WARN] Layout overflow: '' extends outside parent '' bounds (child_rel=[16.0,4.0], child_size=[192.0,40.0], child_end=[208.0,44.0], parent_size=[146.0,48.0], gap=16.0, start_offset=0.0)
[WARN] Layout wrap: 'Review' in parent 'sidebar_review' - NoWrap set but would overflow (child_size=77.0, offset=44.0, container=73.0)
[WARN] Layout overflow: 'Review' extends outside parent 'sidebar_review' bounds (child_rel=[44.0,0.0], child_size=[77.0,52.0], child_end=[121.0,52.0], parent_size=[73.0,52.0], gap=12.0, start_offset=0.0)
[WARN] Layout wrap: 'Files' in parent 'sidebar_working_files' - NoWrap set but would overflow (child_size=50.0, offset=44.0, container=73.0)
[WARN] Layout overflow: 'Files' extends outside parent 'sidebar_working_files' bounds (child_rel=[44.0,0.0], child_size=[50.0,52.0], child_end=[94.0,52.0], parent_size=[73.0,52.0], gap=12.0, start_offset=0.0)
[WARN] Layout wrap: '' in parent '' - NoWrap set but would overflow (child_size=192.0, offset=16.0, container=146.0)
[WARN] Layout overflow: '' extends outside parent '' bounds (child_rel=[16.0,4.0], child_size=[192.0,40.0], child_end=[208.0,44.0], parent_size=[146.0,48.0], gap=16.0, start_offset=0.0)
[WARN] Layout wrap: 'Review' in parent 'sidebar_review' - NoWrap set but would overflow (child_size=77.0, offset=44.0, container=73.0)
[WARN] Layout overflow: 'Review' extends outside parent 'sidebar_review' bounds (child_rel=[44.0,0.0], child_size=[77.0,52.0], child_end=[121.0,52.0], parent_size=[73.0,52.0], gap=12.0, start_offset=0.0)
[WARN] Layout wrap: 'Files' in parent 'sidebar_working_files' - NoWrap set but would overflow (child_size=50.0, offset=44.0, container=73.0)
[WARN] Layout overflow: 'Files' extends outside parent 'sidebar_working_files' bounds (child_rel=[44.0,0.0], child_size=[50.0,52.0], child_end=[94.0,52.0], parent_size=[73.0,52.0], gap=12.0, start_offset=0.0)
[WARN] Layout wrap: '' in parent '' - NoWrap set but would overflow (child_size=192.0, offset=16.0, container=146.0)
[WARN] Layout overflow: '' extends outside parent '' bounds (child_rel=[16.0,4.0], child_size=[192.0,40.0], child_end=[208.0,44.0], parent_size=[146.0,48.0], gap=16.0, start_offset=0.0)
[WARN] Layout wrap: 'Review' in parent 'sidebar_review' - NoWrap set but would overflow (child_size=77.0, offset=44.0, container=73.0)
[WARN] Layout overflow: 'Review' extends outside parent 'sidebar_review' bounds (child_rel=[44.0,0.0], child_size=[77.0,52.0], child_end=[121.0,52.0], parent_size=[73.0,52.0], gap=12.0, start_offset=0.0)
[WARN] Layout wrap: 'Files' in parent 'sidebar_working_files' - NoWrap set but would overflow (child_size=50.0, offset=44.0, container=73.0)
[WARN] Layout overflow: 'Files' extends outside parent 'sidebar_working_files' bounds (child_rel=[44.0,0.0], child_size=[50.0,52.0], child_end=[94.0,52.0], parent_size=[73.0,52.0], gap=12.0, start_offset=0.0)
[WARN] Layout wrap: '' in parent '' - NoWrap set but would overflow (child_size=192.0, offset=16.0, container=146.0)
[WARN] Layout overflow: '' extends outside parent '' bounds (child_rel=[16.0,4.0], child_size=[192.0,40.0], child_end=[208.0,44.0], parent_size=[146.0,48.0], gap=16.0, start_offset=0.0)
[WARN] Layout wrap: 'Review' in parent 'sidebar_review' - NoWrap set but would overflow (child_size=77.0, offset=44.0, container=73.0)
[WARN] Layout overflow: 'Review' extends outside parent 'sidebar_review' bounds (child_rel=[44.0,0.0], child_size=[77.0,52.0], child_end=[121.0,52.0], parent_size=[73.0,52.0], gap=12.0, start_offset=0.0)
[WARN] Layout wrap: 'Files' in parent 'sidebar_working_files' - NoWrap set but would overflow (child_size=50.0, offset=44.0, container=73.0)
[WARN] Layout overflow: 'Files' extends outside parent 'sidebar_working_files' bounds (child_rel=[44.0,0.0], child_size=[50.0,52.0], child_end=[94.0,52.0], parent_size=[73.0,52.0], gap=12.0, start_offset=0.0)
[WARN] Layout wrap: '' in parent '' - NoWrap set but would overflow (child_size=192.0, offset=16.0, container=146.0)
[WARN] Layout overflow: '' extends outside parent '' bounds (child_rel=[16.0,4.0], child_size=[192.0,40.0], child_end=[208.0,44.0], parent_size=[146.0,48.0], gap=16.0, start_offset=0.0)
[WARN] Layout wrap: 'Review' in parent 'sidebar_review' - NoWrap set but would overflow (child_size=77.0, offset=44.0, container=73.0)
[WARN] Layout overflow: 'Review' extends outside parent 'sidebar_review' bounds (child_rel=[44.0,0.0], child_size=[77.0,52.0], child_end=[121.0,52.0], parent_size=[73.0,52.0], gap=12.0, start_offset=0.0)
[WARN] Layout wrap: 'Files' in parent 'sidebar_working_files' - NoWrap set but would overflow (child_size=50.0, offset=44.0, container=73.0)
[WARN] Layout overflow: 'Files' extends outside parent 'sidebar_working_files' bounds (child_rel=[44.0,0.0], child_size=[50.0,52.0], child_end=[94.0,52.0], parent_size=[73.0,52.0], gap=12.0, start_offset=0.0)
[WARN] Layout wrap: '' in parent '' - NoWrap set but would overflow (child_size=192.0, offset=16.0, container=146.0)
[WARN] Layout overflow: '' extends outside parent '' bounds (child_rel=[16.0,4.0], child_size=[192.0,40.0], child_end=[208.0,44.0], parent_size=[146.0,48.0], gap=16.0, start_offset=0.0)
[WARN] Layout wrap: 'Review' in parent 'sidebar_review' - NoWrap set but would overflow (child_size=77.0, offset=44.0, container=73.0)
[WARN] Layout overflow: 'Review' extends outside parent 'sidebar_review' bounds (child_rel=[44.0,0.0], child_size=[77.0,52.0], child_end=[121.0,52.0], parent_size=[73.0,52.0], gap=12.0, start_offset=0.0)
[WARN] Layout wrap: 'Files' in parent 'sidebar_working_files' - NoWrap set but would overflow (child_size=50.0, offset=44.0, container=73.0)
[WARN] Layout overflow: 'Files' extends outside parent 'sidebar_working_files' bounds (child_rel=[44.0,0.0], child_size=[50.0,52.0], child_end=[94.0,52.0], parent_size=[73.0,52.0], gap=12.0, start_offset=0.0)
[WARN] Layout wrap: '' in parent '' - NoWrap set but would overflow (child_size=192.0, offset=16.0, container=146.0)
[WARN] Layout overflow: '' extends outside parent '' bounds (child_rel=[16.0,4.0], child_size=[192.0,40.0], child_end=[208.0,44.0], parent_size=[146.0,48.0], gap=16.0, start_offset=0.0)
[WARN] Layout wrap: 'Review' in parent 'sidebar_review' - NoWrap set but would overflow (child_size=77.0, offset=44.0, container=73.0)
[WARN] Layout overflow: 'Review' extends outside parent 'sidebar_review' bounds (child_rel=[44.0,0.0], child_size=[77.0,52.0], child_end=[121.0,52.0], parent_size=[73.0,52.0], gap=12.0, start_offset=0.0)
[WARN] Layout wrap: 'Files' in parent 'sidebar_working_files' - NoWrap set but would overflow (child_size=50.0, offset=44.0, container=73.0)
[WARN] Layout overflow: 'Files' extends outside parent 'sidebar_working_files' bounds (child_rel=[44.0,0.0], child_size=[50.0,52.0], child_end=[94.0,52.0], parent_size=[73.0,52.0], gap=12.0, start_offset=0.0)
[WARN] Layout wrap: '' in parent '' - NoWrap set but would overflow (child_size=192.0, offset=16.0, container=146.0)
[WARN] Layout overflow: '' extends outside parent '' bounds (child_rel=[16.0,4.0], child_size=[192.0,40.0], child_end=[208.0,44.0], parent_size=[146.0,48.0], gap=16.0, start_offset=0.0)
[WARN] Layout wrap: 'Review' in parent 'sidebar_review' - NoWrap set but would overflow (child_size=77.0, offset=44.0, container=73.0)
[WARN] Layout overflow: 'Review' extends outside parent 'sidebar_review' bounds (child_rel=[44.0,0.0], child_size=[77.0,52.0], child_end=[121.0,52.0], parent_size=[73.0,52.0], gap=12.0, start_offset=0.0)
[WARN] Layout wrap: 'Files' in parent 'sidebar_working_files' - NoWrap set but would overflow (child_size=50.0, offset=44.0, container=73.0)
[WARN] Layout overflow: 'Files' extends outside parent 'sidebar_working_files' bounds (child_rel=[44.0,0.0], child_size=[50.0,52.0], child_end=[94.0,52.0], parent_size=[73.0,52.0], gap=12.0, start_offset=0.0)
[WARN] Layout wrap: '' in parent '' - NoWrap set but would overflow (child_size=192.0, offset=16.0, container=146.0)
[WARN] Layout overflow: '' extends outside parent '' bounds (child_rel=[16.0,4.0], child_size=[192.0,40.0], child_end=[208.0,44.0], parent_size=[146.0,48.0], gap=16.0, start_offset=0.0)
[WARN] Layout wrap: 'Review' in parent 'sidebar_review' - NoWrap set but would overflow (child_size=77.0, offset=44.0, container=73.0)
[WARN] Layout overflow: 'Review' extends outside parent 'sidebar_review' bounds (child_rel=[44.0,0.0], child_size=[77.0,52.0], child_end=[121.0,52.0], parent_size=[73.0,52.0], gap=12.0, start_offset=0.0)
[WARN] Layout wrap: 'Files' in parent 'sidebar_working_files' - NoWrap set but would overflow (child_size=50.0, offset=44.0, container=73.0)
[WARN] Layout overflow: 'Files' extends outside parent 'sidebar_working_files' bounds (child_rel=[44.0,0.0], child_size=[50.0,52.0], child_end=[94.0,52.0], parent_size=[73.0,52.0], gap=12.0, start_offset=0.0)
[WARN] Layout wrap: '' in parent '' - NoWrap set but would overflow (child_size=192.0, offset=16.0, container=146.0)
[WARN] Layout overflow: '' extends outside parent '' bounds (child_rel=[16.0,4.0], child_size=[192.0,40.0], child_end=[208.0,44.0], parent_size=[146.0,48.0], gap=16.0, start_offset=0.0)
[WARN] Layout wrap: 'Review' in parent 'sidebar_review' - NoWrap set but would overflow (child_size=77.0, offset=44.0, container=73.0)
[WARN] Layout overflow: 'Review' extends outside parent 'sidebar_review' bounds (child_rel=[44.0,0.0], child_size=[77.0,52.0], child_end=[121.0,52.0], parent_size=[73.0,52.0], gap=12.0, start_offset=0.0)
[WARN] Layout wrap: 'Files' in parent 'sidebar_working_files' - NoWrap set but would overflow (child_size=50.0, offset=44.0, container=73.0)
[WARN] Layout overflow: 'Files' extends outside parent 'sidebar_working_files' bounds (child_rel=[44.0,0.0], child_size=[50.0,52.0], child_end=[94.0,52.0], parent_size=[73.0,52.0], gap=12.0, start_offset=0.0)
[WARN] Layout wrap: '' in parent '' - NoWrap set but would overflow (child_size=192.0, offset=16.0, container=146.0)
[WARN] Layout overflow: '' extends outside parent '' bounds (child_rel=[16.0,4.0], child_size=[192.0,40.0], child_end=[208.0,44.0], parent_size=[146.0,48.0], gap=16.0, start_offset=0.0)
[WARN] Layout wrap: 'Review' in parent 'sidebar_review' - NoWrap set but would overflow (child_size=77.0, offset=44.0, container=73.0)
[WARN] Layout overflow: 'Review' extends outside parent 'sidebar_review' bounds (child_rel=[44.0,0.0], child_size=[77.0,52.0], child_end=[121.0,52.0], parent_size=[73.0,52.0], gap=12.0, start_offset=0.0)
[WARN] Layout wrap: 'Files' in parent 'sidebar_working_files' - NoWrap set but would overflow (child_size=50.0, offset=44.0, container=73.0)
[WARN] Layout overflow: 'Files' extends outside parent 'sidebar_working_files' bounds (child_rel=[44.0,0.0], child_size=[50.0,52.0], child_end=[94.0,52.0], parent_size=[73.0,52.0], gap=12.0, start_offset=0.0)
[WARN] Layout wrap: '' in parent '' - NoWrap set but would overflow (child_size=192.0, offset=16.0, container=146.0)
[WARN] Layout overflow: '' extends outside parent '' bounds (child_rel=[16.0,4.0], child_size=[192.0,40.0], child_end=[208.0,44.0], parent_size=[146.0,48.0], gap=16.0, start_offset=0.0)
[WARN] Layout wrap: 'Review' in parent 'sidebar_review' - NoWrap set but would overflow (child_size=77.0, offset=44.0, container=73.0)
[WARN] Layout overflow: 'Review' extends outside parent 'sidebar_review' bounds (child_rel=[44.0,0.0], child_size=[77.0,52.0], child_end=[121.0,52.0], parent_size=[73.0,52.0], gap=12.0, start_offset=0.0)
[WARN] Layout wrap: 'Files' in parent 'sidebar_working_files' - NoWrap set but would overflow (child_size=50.0, offset=44.0, container=73.0)
[WARN] Layout overflow: 'Files' extends outside parent 'sidebar_working_files' bounds (child_rel=[44.0,0.0], child_size=[50.0,52.0], child_end=[94.0,52.0], parent_size=[73.0,52.0], gap=12.0, start_offset=0.0)
[WARN] Layout wrap: '' in parent '' - NoWrap set but would overflow (child_size=192.0, offset=16.0, container=146.0)
[WARN] Layout overflow: '' extends outside parent '' bounds (child_rel=[16.0,4.0], child_size=[192.0,40.0], child_end=[208.0,44.0], parent_size=[146.0,48.0], gap=16.0, start_offset=0.0)
[WARN] Layout wrap: 'Review' in parent 'sidebar_review' - NoWrap set but would overflow (child_size=77.0, offset=44.0, container=73.0)
[WARN] Layout overflow: 'Review' extends outside parent 'sidebar_review' bounds (child_rel=[44.0,0.0], child_size=[77.0,52.0], child_end=[121.0,52.0], parent_size=[73.0,52.0], gap=12.0, start_offset=0.0)
[WARN] Layout wrap: 'Files' in parent 'sidebar_working_files' - NoWrap set but would overflow (child_size=50.0, offset=44.0, container=73.0)
[WARN] Layout overflow: 'Files' extends outside parent 'sidebar_working_files' bounds (child_rel=[44.0,0.0], child_size=[50.0,52.0], child_end=[94.0,52.0], parent_size=[73.0,52.0], gap=12.0, start_offset=0.0)
[WARN] Layout wrap: '' in parent '' - NoWrap set but would overflow (child_size=192.0, offset=16.0, container=146.0)
[WARN] Layout overflow: '' extends outside parent '' bounds (child_rel=[16.0,4.0], child_size=[192.0,40.0], child_end=[208.0,44.0], parent_size=[146.0,48.0], gap=16.0, start_offset=0.0)
[WARN] Layout wrap: 'Review' in parent 'sidebar_review' - NoWrap set but would overflow (child_size=77.0, offset=44.0, container=73.0)
[WARN] Layout overflow: 'Review' extends outside parent 'sidebar_review' bounds (child_rel=[44.0,0.0], child_size=[77.0,52.0], child_end=[121.0,52.0], parent_size=[73.0,52.0], gap=12.0, start_offset=0.0)
[WARN] Layout wrap: 'Files' in parent 'sidebar_working_files' - NoWrap set but would overflow (child_size=50.0, offset=44.0, container=73.0)
[WARN] Layout overflow: 'Files' extends outside parent 'sidebar_working_files' bounds (child_rel=[44.0,0.0], child_size=[50.0,52.0], child_end=[94.0,52.0], parent_size=[73.0,52.0], gap=12.0, start_offset=0.0)
[WARN] Layout wrap: '' in parent '' - NoWrap set but would overflow (child_size=192.0, offset=16.0, container=146.0)
[WARN] Layout overflow: '' extends outside parent '' bounds (child_rel=[16.0,4.0], child_size=[192.0,40.0], child_end=[208.0,44.0], parent_size=[146.0,48.0], gap=16.0, start_offset=0.0)
[WARN] Layout wrap: 'Review' in parent 'sidebar_review' - NoWrap set but would overflow (child_size=77.0, offset=44.0, container=73.0)
[WARN] Layout overflow: 'Review' extends outside parent 'sidebar_review' bounds (child_rel=[44.0,0.0], child_size=[77.0,52.0], child_end=[121.0,52.0], parent_size=[73.0,52.0], gap=12.0, start_offset=0.0)
[WARN] Layout wrap: 'Files' in parent 'sidebar_working_files' - NoWrap set but would overflow (child_size=50.0, offset=44.0, container=73.0)
[WARN] Layout overflow: 'Files' extends outside parent 'sidebar_working_files' bounds (child_rel=[44.0,0.0], child_size=[50.0,52.0], child_end=[94.0,52.0], parent_size=[73.0,52.0], gap=12.0, start_offset=0.0)
[WARN] Layout wrap: '' in parent '' - NoWrap set but would overflow (child_size=192.0, offset=16.0, container=146.0)
[WARN] Layout overflow: '' extends outside parent '' bounds (child_rel=[16.0,4.0], child_size=[192.0,40.0], child_end=[208.0,44.0], parent_size=[146.0,48.0], gap=16.0, start_offset=0.0)
[WARN] Layout wrap: 'Review' in parent 'sidebar_review' - NoWrap set but would overflow (child_size=77.0, offset=44.0, container=73.0)
[WARN] Layout overflow: 'Review' extends outside parent 'sidebar_review' bounds (child_rel=[44.0,0.0], child_size=[77.0,52.0], child_end=[121.0,52.0], parent_size=[73.0,52.0], gap=12.0, start_offset=0.0)
[WARN] Layout wrap: 'Files' in parent 'sidebar_working_files' - NoWrap set but would overflow (child_size=50.0, offset=44.0, container=73.0)
[WARN] Layout overflow: 'Files' extends outside parent 'sidebar_working_files' bounds (child_rel=[44.0,0.0], child_size=[50.0,52.0], child_end=[94.0,52.0], parent_size=[73.0,52.0], gap=12.0, start_offset=0.0)
[WARN] Layout wrap: '' in parent '' - NoWrap set but would overflow (child_size=192.0, offset=16.0, container=146.0)
[WARN] Layout overflow: '' extends outside parent '' bounds (child_rel=[16.0,4.0], child_size=[192.0,40.0], child_end=[208.0,44.0], parent_size=[146.0,48.0], gap=16.0, start_offset=0.0)
[WARN] Layout wrap: 'Review' in parent 'sidebar_review' - NoWrap set but would overflow (child_size=77.0, offset=44.0, container=73.0)
[WARN] Layout overflow: 'Review' extends outside parent 'sidebar_review' bounds (child_rel=[44.0,0.0], child_size=[77.0,52.0], child_end=[121.0,52.0], parent_size=[73.0,52.0], gap=12.0, start_offset=0.0)
[WARN] Layout wrap: 'Files' in parent 'sidebar_working_files' - NoWrap set but would overflow (child_size=50.0, offset=44.0, container=73.0)
[WARN] Layout overflow: 'Files' extends outside parent 'sidebar_working_files' bounds (child_rel=[44.0,0.0], child_size=[50.0,52.0], child_end=[94.0,52.0], parent_size=[73.0,52.0], gap=12.0, start_offset=0.0)
[WARN] Layout wrap: '' in parent '' - NoWrap set but would overflow (child_size=192.0, offset=16.0, container=146.0)
[WARN] Layout overflow: '' extends outside parent '' bounds (child_rel=[16.0,4.0], child_size=[192.0,40.0], child_end=[208.0,44.0], parent_size=[146.0,48.0], gap=16.0, start_offset=0.0)
[WARN] Layout wrap: 'Review' in parent 'sidebar_review' - NoWrap set but would overflow (child_size=77.0, offset=44.0, container=73.0)
[WARN] Layout overflow: 'Review' extends outside parent 'sidebar_review' bounds (child_rel=[44.0,0.0], child_size=[77.0,52.0], child_end=[121.0,52.0], parent_size=[73.0,52.0], gap=12.0, start_offset=0.0)
[WARN] Layout wrap: 'Files' in parent 'sidebar_working_files' - NoWrap set but would overflow (child_size=50.0, offset=44.0, container=73.0)
[WARN] Layout overflow: 'Files' extends outside parent 'sidebar_working_files' bounds (child_rel=[44.0,0.0], child_size=[50.0,52.0], child_end=[94.0,52.0], parent_size=[73.0,52.0], gap=12.0, start_offset=0.0)
[WARN] Layout wrap: '' in parent '' - NoWrap set but would overflow (child_size=192.0, offset=16.0, container=146.0)
[WARN] Layout overflow: '' extends outside parent '' bounds (child_rel=[16.0,4.0], child_size=[192.0,40.0], child_end=[208.0,44.0], parent_size=[146.0,48.0], gap=16.0, start_offset=0.0)
[WARN] Layout wrap: 'Review' in parent 'sidebar_review' - NoWrap set but would overflow (child_size=77.0, offset=44.0, container=73.0)
[WARN] Layout overflow: 'Review' extends outside parent 'sidebar_review' bounds (child_rel=[44.0,0.0], child_size=[77.0,52.0], child_end=[121.0,52.0], parent_size=[73.0,52.0], gap=12.0, start_offset=0.0)
[WARN] Layout wrap: 'Files' in parent 'sidebar_working_files' - NoWrap set but would overflow (child_size=50.0, offset=44.0, container=73.0)
[WARN] Layout overflow: 'Files' extends outside parent 'sidebar_working_files' bounds (child_rel=[44.0,0.0], child_size=[50.0,52.0], child_end=[94.0,52.0], parent_size=[73.0,52.0], gap=12.0, start_offset=0.0)
[WARN] Layout wrap: '' in parent '' - NoWrap set but would overflow (child_size=192.0, offset=16.0, container=146.0)
[WARN] Layout overflow: '' extends outside parent '' bounds (child_rel=[16.0,4.0], child_size=[192.0,40.0], child_end=[208.0,44.0], parent_size=[146.0,48.0], gap=16.0, start_offset=0.0)
[WARN] Layout wrap: 'Review' in parent 'sidebar_review' - NoWrap set but would overflow (child_size=77.0, offset=44.0, container=73.0)
[WARN] Layout overflow: 'Review' extends outside parent 'sidebar_review' bounds (child_rel=[44.0,0.0], child_size=[77.0,52.0], child_end=[121.0,52.0], parent_size=[73.0,52.0], gap=12.0, start_offset=0.0)
[WARN] Layout wrap: 'Files' in parent 'sidebar_working_files' - NoWrap set but would overflow (child_size=50.0, offset=44.0, container=73.0)
[WARN] Layout overflow: 'Files' extends outside parent 'sidebar_working_files' bounds (child_rel=[44.0,0.0], child_size=[50.0,52.0], child_end=[94.0,52.0], parent_size=[73.0,52.0], gap=12.0, start_offset=0.0)
[WARN] Layout wrap: '' in parent '' - NoWrap set but would overflow (child_size=192.0, offset=16.0, container=146.0)
[WARN] Layout overflow: '' extends outside parent '' bounds (child_rel=[16.0,4.0], child_size=[192.0,40.0], child_end=[208.0,44.0], parent_size=[146.0,48.0], gap=16.0, start_offset=0.0)
[WARN] Layout wrap: 'Review' in parent 'sidebar_review' - NoWrap set but would overflow (child_size=77.0, offset=44.0, container=73.0)
[WARN] Layout overflow: 'Review' extends outside parent 'sidebar_review' bounds (child_rel=[44.0,0.0], child_size=[77.0,52.0], child_end=[121.0,52.0], parent_size=[73.0,52.0], gap=12.0, start_offset=0.0)
[WARN] Layout wrap: 'Files' in parent 'sidebar_working_files' - NoWrap set but would overflow (child_size=50.0, offset=44.0, container=73.0)
[WARN] Layout overflow: 'Files' extends outside parent 'sidebar_working_files' bounds (child_rel=[44.0,0.0], child_size=[50.0,52.0], child_end=[94.0,52.0], parent_size=[73.0,52.0], gap=12.0, start_offset=0.0)
[WARN] Layout wrap: '' in parent '' - NoWrap set but would overflow (child_size=192.0, offset=16.0, container=146.0)
[WARN] Layout overflow: '' extends outside parent '' bounds (child_rel=[16.0,4.0], child_size=[192.0,40.0], child_end=[208.0,44.0], parent_size=[146.0,48.0], gap=16.0, start_offset=0.0)
[WARN] Layout wrap: 'Review' in parent 'sidebar_review' - NoWrap set but would overflow (child_size=77.0, offset=44.0, container=73.0)
[WARN] Layout overflow: 'Review' extends outside parent 'sidebar_review' bounds (child_rel=[44.0,0.0], child_size=[77.0,52.0], child_end=[121.0,52.0], parent_size=[73.0,52.0], gap=12.0, start_offset=0.0)
[WARN] Layout wrap: 'Files' in parent 'sidebar_working_files' - NoWrap set but would overflow (child_size=50.0, offset=44.0, container=73.0)
[WARN] Layout overflow: 'Files' extends outside parent 'sidebar_working_files' bounds (child_rel=[44.0,0.0], child_size=[50.0,52.0], child_end=[94.0,52.0], parent_size=[73.0,52.0], gap=12.0, start_offset=0.0)
[WARN] Layout wrap: '' in parent '' - NoWrap set but would overflow (child_size=192.0, offset=16.0, container=146.0)
[WARN] Layout overflow: '' extends outside parent '' bounds (child_rel=[16.0,4.0], child_size=[192.0,40.0], child_end=[208.0,44.0], parent_size=[146.0,48.0], gap=16.0, start_offset=0.0)
[WARN] Layout wrap: 'Review' in parent 'sidebar_review' - NoWrap set but would overflow (child_size=77.0, offset=44.0, container=73.0)
[WARN] Layout overflow: 'Review' extends outside parent 'sidebar_review' bounds (child_rel=[44.0,0.0], child_size=[77.0,52.0], child_end=[121.0,52.0], parent_size=[73.0,52.0], gap=12.0, start_offset=0.0)
[WARN] Layout wrap: 'Files' in parent 'sidebar_working_files' - NoWrap set but would overflow (child_size=50.0, offset=44.0, container=73.0)
[WARN] Layout overflow: 'Files' extends outside parent 'sidebar_working_files' bounds (child_rel=[44.0,0.0], child_size=[50.0,52.0], child_end=[94.0,52.0], parent_size=[73.0,52.0], gap=12.0, start_offset=0.0)
[WARN] Layout wrap: '' in parent '' - NoWrap set but would overflow (child_size=192.0, offset=16.0, container=146.0)
[WARN] Layout overflow: '' extends outside parent '' bounds (child_rel=[16.0,4.0], child_size=[192.0,40.0], child_end=[208.0,44.0], parent_size=[146.0,48.0], gap=16.0, start_offset=0.0)
[WARN] Layout wrap: 'Review' in parent 'sidebar_review' - NoWrap set but would overflow (child_size=77.0, offset=44.0, container=73.0)
[WARN] Layout overflow: 'Review' extends outside parent 'sidebar_review' bounds (child_rel=[44.0,0.0], child_size=[77.0,52.0], child_end=[121.0,52.0], parent_size=[73.0,52.0], gap=12.0, start_offset=0.0)
[WARN] Layout wrap: 'Files' in parent 'sidebar_working_files' - NoWrap set but would overflow (child_size=50.0, offset=44.0, container=73.0)
[WARN] Layout overflow: 'Files' extends outside parent 'sidebar_working_files' bounds (child_rel=[44.0,0.0], child_size=[50.0,52.0], child_end=[94.0,52.0], parent_size=[73.0,52.0], gap=12.0, start_offset=0.0)
[WARN] Layout wrap: '' in parent '' - NoWrap set but would overflow (child_size=192.0, offset=16.0, container=146.0)
[WARN] Layout overflow: '' extends outside parent '' bounds (child_rel=[16.0,4.0], child_size=[192.0,40.0], child_end=[208.0,44.0], parent_size=[146.0,48.0], gap=16.0, start_offset=0.0)
[WARN] Layout wrap: 'Review' in parent 'sidebar_review' - NoWrap set but would overflow (child_size=77.0, offset=44.0, container=73.0)
[WARN] Layout overflow: 'Review' extends outside parent 'sidebar_review' bounds (child_rel=[44.0,0.0], child_size=[77.0,52.0], child_end=[121.0,52.0], parent_size=[73.0,52.0], gap=12.0, start_offset=0.0)
[WARN] Layout wrap: 'Files' in parent 'sidebar_working_files' - NoWrap set but would overflow (child_size=50.0, offset=44.0, container=73.0)
[WARN] Layout overflow: 'Files' extends outside parent 'sidebar_working_files' bounds (child_rel=[44.0,0.0], child_size=[50.0,52.0], child_end=[94.0,52.0], parent_size=[73.0,52.0], gap=12.0, start_offset=0.0)
[WARN] Layout wrap: '' in parent '' - NoWrap set but would overflow (child_size=192.0, offset=16.0, container=146.0)
[WARN] Layout overflow: '' extends outside parent '' bounds (child_rel=[16.0,4.0], child_size=[192.0,40.0], child_end=[208.0,44.0], parent_size=[146.0,48.0], gap=16.0, start_offset=0.0)
[WARN] Layout wrap: 'Review' in parent 'sidebar_review' - NoWrap set but would overflow (child_size=77.0, offset=44.0, container=73.0)
[WARN] Layout overflow: 'Review' extends outside parent 'sidebar_review' bounds (child_rel=[44.0,0.0], child_size=[77.0,52.0], child_end=[121.0,52.0], parent_size=[73.0,52.0], gap=12.0, start_offset=0.0)
[WARN] Layout wrap: 'Files' in parent 'sidebar_working_files' - NoWrap set but would overflow (child_size=50.0, offset=44.0, container=73.0)
[WARN] Layout overflow: 'Files' extends outside parent 'sidebar_working_files' bounds (child_rel=[44.0,0.0], child_size=[50.0,52.0], child_end=[94.0,52.0], parent_size=[73.0,52.0], gap=12.0, start_offset=0.0)
[WARN] Layout wrap: '' in parent '' - NoWrap set but would overflow (child_size=192.0, offset=16.0, container=146.0)
[WARN] Layout overflow: '' extends outside parent '' bounds (child_rel=[16.0,4.0], child_size=[192.0,40.0], child_end=[208.0,44.0], parent_size=[146.0,48.0], gap=16.0, start_offset=0.0)
[WARN] Layout wrap: 'Review' in parent 'sidebar_review' - NoWrap set but would overflow (child_size=77.0, offset=44.0, container=73.0)
[WARN] Layout overflow: 'Review' extends outside parent 'sidebar_review' bounds (child_rel=[44.0,0.0], child_size=[77.0,52.0], child_end=[121.0,52.0], parent_size=[73.0,52.0], gap=12.0, start_offset=0.0)
[WARN] Layout wrap: 'Files' in parent 'sidebar_working_files' - NoWrap set but would overflow (child_size=50.0, offset=44.0, container=73.0)
[WARN] Layout overflow: 'Files' extends outside parent 'sidebar_working_files' bounds (child_rel=[44.0,0.0], child_size=[50.0,52.0], child_end=[94.0,52.0], parent_size=[73.0,52.0], gap=12.0, start_offset=0.0)
[WARN] Layout wrap: '' in parent '' - NoWrap set but would overflow (child_size=192.0, offset=16.0, container=146.0)
[WARN] Layout overflow: '' extends outside parent '' bounds (child_rel=[16.0,4.0], child_size=[192.0,40.0], child_end=[208.0,44.0], parent_size=[146.0,48.0], gap=16.0, start_offset=0.0)
[WARN] Layout wrap: 'Review' in parent 'sidebar_review' - NoWrap set but would overflow (child_size=77.0, offset=44.0, container=73.0)
[WARN] Layout overflow: 'Review' extends outside parent 'sidebar_review' bounds (child_rel=[44.0,0.0], child_size=[77.0,52.0], child_end=[121.0,52.0], parent_size=[73.0,52.0], gap=12.0, start_offset=0.0)
[WARN] Layout wrap: 'Files' in parent 'sidebar_working_files' - NoWrap set but would overflow (child_size=50.0, offset=44.0, container=73.0)
[WARN] Layout overflow: 'Files' extends outside parent 'sidebar_working_files' bounds (child_rel=[44.0,0.0], child_size=[50.0,52.0], child_end=[94.0,52.0], parent_size=[73.0,52.0], gap=12.0, start_offset=0.0)
[WARN] Layout wrap: '' in parent '' - NoWrap set but would overflow (child_size=192.0, offset=16.0, container=146.0)
[WARN] Layout overflow: '' extends outside parent '' bounds (child_rel=[16.0,4.0], child_size=[192.0,40.0], child_end=[208.0,44.0], parent_size=[146.0,48.0], gap=16.0, start_offset=0.0)
[WARN] Layout wrap: 'Review' in parent 'sidebar_review' - NoWrap set but would overflow (child_size=77.0, offset=44.0, container=73.0)
[WARN] Layout overflow: 'Review' extends outside parent 'sidebar_review' bounds (child_rel=[44.0,0.0], child_size=[77.0,52.0], child_end=[121.0,52.0], parent_size=[73.0,52.0], gap=12.0, start_offset=0.0)
[WARN] Layout wrap: 'Files' in parent 'sidebar_working_files' - NoWrap set but would overflow (child_size=50.0, offset=44.0, container=73.0)
[WARN] Layout overflow: 'Files' extends outside parent 'sidebar_working_files' bounds (child_rel=[44.0,0.0], child_size=[50.0,52.0], child_end=[94.0,52.0], parent_size=[73.0,52.0], gap=12.0, start_offset=0.0)
[WARN] Layout wrap: '' in parent '' - NoWrap set but would overflow (child_size=192.0, offset=16.0, container=146.0)
[WARN] Layout overflow: '' extends outside parent '' bounds (child_rel=[16.0,4.0], child_size=[192.0,40.0], child_end=[208.0,44.0], parent_size=[146.0,48.0], gap=16.0, start_offset=0.0)
[WARN] Layout wrap: 'Review' in parent 'sidebar_review' - NoWrap set but would overflow (child_size=77.0, offset=44.0, container=73.0)
[WARN] Layout overflow: 'Review' extends outside parent 'sidebar_review' bounds (child_rel=[44.0,0.0], child_size=[77.0,52.0], child_end=[121.0,52.0], parent_size=[73.0,52.0], gap=12.0, start_offset=0.0)
[WARN] Layout wrap: 'Files' in parent 'sidebar_working_files' - NoWrap set but would overflow (child_size=50.0, offset=44.0, container=73.0)
[WARN] Layout overflow: 'Files' extends outside parent 'sidebar_working_files' bounds (child_rel=[44.0,0.0], child_size=[50.0,52.0], child_end=[94.0,52.0], parent_size=[73.0,52.0], gap=12.0, start_offset=0.0)
[WARN] Layout wrap: '' in parent '' - NoWrap set but would overflow (child_size=192.0, offset=16.0, container=146.0)
[WARN] Layout overflow: '' extends outside parent '' bounds (child_rel=[16.0,4.0], child_size=[192.0,40.0], child_end=[208.0,44.0], parent_size=[146.0,48.0], gap=16.0, start_offset=0.0)
[WARN] Layout wrap: 'Review' in parent 'sidebar_review' - NoWrap set but would overflow (child_size=77.0, offset=44.0, container=73.0)
[WARN] Layout overflow: 'Review' extends outside parent 'sidebar_review' bounds (child_rel=[44.0,0.0], child_size=[77.0,52.0], child_end=[121.0,52.0], parent_size=[73.0,52.0], gap=12.0, start_offset=0.0)
[WARN] Layout wrap: 'Files' in parent 'sidebar_working_files' - NoWrap set but would overflow (child_size=50.0, offset=44.0, container=73.0)
[WARN] Layout overflow: 'Files' extends outside parent 'sidebar_working_files' bounds (child_rel=[44.0,0.0], child_size=[50.0,52.0], child_end=[94.0,52.0], parent_size=[73.0,52.0], gap=12.0, start_offset=0.0)
[WARN] Layout wrap: '' in parent '' - NoWrap set but would overflow (child_size=192.0, offset=16.0, container=146.0)
[WARN] Layout overflow: '' extends outside parent '' bounds (child_rel=[16.0,4.0], child_size=[192.0,40.0], child_end=[208.0,44.0], parent_size=[146.0,48.0], gap=16.0, start_offset=0.0)
[WARN] Layout wrap: 'Review' in parent 'sidebar_review' - NoWrap set but would overflow (child_size=77.0, offset=44.0, container=73.0)
[WARN] Layout overflow: 'Review' extends outside parent 'sidebar_review' bounds (child_rel=[44.0,0.0], child_size=[77.0,52.0], child_end=[121.0,52.0], parent_size=[73.0,52.0], gap=12.0, start_offset=0.0)
[WARN] Layout wrap: 'Files' in parent 'sidebar_working_files' - NoWrap set but would overflow (child_size=50.0, offset=44.0, container=73.0)
[WARN] Layout overflow: 'Files' extends outside parent 'sidebar_working_files' bounds (child_rel=[44.0,0.0], child_size=[50.0,52.0], child_end=[94.0,52.0], parent_size=[73.0,52.0], gap=12.0, start_offset=0.0)
[WARN] Layout wrap: '' in parent '' - NoWrap set but would overflow (child_size=192.0, offset=16.0, container=146.0)
[WARN] Layout overflow: '' extends outside parent '' bounds (child_rel=[16.0,4.0], child_size=[192.0,40.0], child_end=[208.0,44.0], parent_size=[146.0,48.0], gap=16.0, start_offset=0.0)
[WARN] Layout wrap: 'Review' in parent 'sidebar_review' - NoWrap set but would overflow (child_size=77.0, offset=44.0, container=73.0)
[WARN] Layout overflow: 'Review' extends outside parent 'sidebar_review' bounds (child_rel=[44.0,0.0], child_size=[77.0,52.0], child_end=[121.0,52.0], parent_size=[73.0,52.0], gap=12.0, start_offset=0.0)
[WARN] Layout wrap: 'Files' in parent 'sidebar_working_files' - NoWrap set but would overflow (child_size=50.0, offset=44.0, container=73.0)
[WARN] Layout overflow: 'Files' extends outside parent 'sidebar_working_files' bounds (child_rel=[44.0,0.0], child_size=[50.0,52.0], child_end=[94.0,52.0], parent_size=[73.0,52.0], gap=12.0, start_offset=0.0)
[WARN] Layout wrap: '' in parent '' - NoWrap set but would overflow (child_size=192.0, offset=16.0, container=146.0)
[WARN] Layout overflow: '' extends outside parent '' bounds (child_rel=[16.0,4.0], child_size=[192.0,40.0], child_end=[208.0,44.0], parent_size=[146.0,48.0], gap=16.0, start_offset=0.0)
[WARN] Layout wrap: 'Review' in parent 'sidebar_review' - NoWrap set but would overflow (child_size=77.0, offset=44.0, container=73.0)
[WARN] Layout overflow: 'Review' extends outside parent 'sidebar_review' bounds (child_rel=[44.0,0.0], child_size=[77.0,52.0], child_end=[121.0,52.0], parent_size=[73.0,52.0], gap=12.0, start_offset=0.0)
[WARN] Layout wrap: 'Files' in parent 'sidebar_working_files' - NoWrap set but would overflow (child_size=50.0, offset=44.0, container=73.0)
[WARN] Layout overflow: 'Files' extends outside parent 'sidebar_working_files' bounds (child_rel=[44.0,0.0], child_size=[50.0,52.0], child_end=[94.0,52.0], parent_size=[73.0,52.0], gap=12.0, start_offset=0.0)
[WARN] Layout wrap: '' in parent '' - NoWrap set but would overflow (child_size=192.0, offset=16.0, container=146.0)
[WARN] Layout overflow: '' extends outside parent '' bounds (child_rel=[16.0,4.0], child_size=[192.0,40.0], child_end=[208.0,44.0], parent_size=[146.0,48.0], gap=16.0, start_offset=0.0)
[WARN] Layout wrap: 'Review' in parent 'sidebar_review' - NoWrap set but would overflow (child_size=77.0, offset=44.0, container=73.0)
[WARN] Layout overflow: 'Review' extends outside parent 'sidebar_review' bounds (child_rel=[44.0,0.0], child_size=[77.0,52.0], child_end=[121.0,52.0], parent_size=[73.0,52.0], gap=12.0, start_offset=0.0)
[WARN] Layout wrap: 'Files' in parent 'sidebar_working_files' - NoWrap set but would overflow (child_size=50.0, offset=44.0, container=73.0)
[WARN] Layout overflow: 'Files' extends outside parent 'sidebar_working_files' bounds (child_rel=[44.0,0.0], child_size=[50.0,52.0], child_end=[94.0,52.0], parent_size=[73.0,52.0], gap=12.0, start_offset=0.0)
[WARN] Layout wrap: '' in parent '' - NoWrap set but would overflow (child_size=192.0, offset=16.0, container=146.0)
[WARN] Layout overflow: '' extends outside parent '' bounds (child_rel=[16.0,4.0], child_size=[192.0,40.0], child_end=[208.0,44.0], parent_size=[146.0,48.0], gap=16.0, start_offset=0.0)
[WARN] Layout wrap: 'Review' in parent 'sidebar_review' - NoWrap set but would overflow (child_size=77.0, offset=44.0, container=73.0)
[WARN] Layout overflow: 'Review' extends outside parent 'sidebar_review' bounds (child_rel=[44.0,0.0], child_size=[77.0,52.0], child_end=[121.0,52.0], parent_size=[73.0,52.0], gap=12.0, start_offset=0.0)
[WARN] Layout wrap: 'Files' in parent 'sidebar_working_files' - NoWrap set but would overflow (child_size=50.0, offset=44.0, container=73.0)
[WARN] Layout overflow: 'Files' extends outside parent 'sidebar_working_files' bounds (child_rel=[44.0,0.0], child_size=[50.0,52.0], child_end=[94.0,52.0], parent_size=[73.0,52.0], gap=12.0, start_offset=0.0)
[WARN] Layout wrap: '' in parent '' - NoWrap set but would overflow (child_size=192.0, offset=16.0, container=146.0)
[WARN] Layout overflow: '' extends outside parent '' bounds (child_rel=[16.0,4.0], child_size=[192.0,40.0], child_end=[208.0,44.0], parent_size=[146.0,48.0], gap=16.0, start_offset=0.0)
[WARN] Layout wrap: 'Review' in parent 'sidebar_review' - NoWrap set but would overflow (child_size=77.0, offset=44.0, container=73.0)
[WARN] Layout overflow: 'Review' extends outside parent 'sidebar_review' bounds (child_rel=[44.0,0.0], child_size=[77.0,52.0], child_end=[121.0,52.0], parent_size=[73.0,52.0], gap=12.0, start_offset=0.0)
[WARN] Layout wrap: 'Files' in parent 'sidebar_working_files' - NoWrap set but would overflow (child_size=50.0, offset=44.0, container=73.0)
[WARN] Layout overflow: 'Files' extends outside parent 'sidebar_working_files' bounds (child_rel=[44.0,0.0], child_size=[50.0,52.0], child_end=[94.0,52.0], parent_size=[73.0,52.0], gap=12.0, start_offset=0.0)
[WARN] Layout wrap: '' in parent '' - NoWrap set but would overflow (child_size=192.0, offset=16.0, container=146.0)
[WARN] Layout overflow: '' extends outside parent '' bounds (child_rel=[16.0,4.0], child_size=[192.0,40.0], child_end=[208.0,44.0], parent_size=[146.0,48.0], gap=16.0, start_offset=0.0)
[WARN] Layout wrap: 'Review' in parent 'sidebar_review' - NoWrap set but would overflow (child_size=77.0, offset=44.0, container=73.0)
[WARN] Layout overflow: 'Review' extends outside parent 'sidebar_review' bounds (child_rel=[44.0,0.0], child_size=[77.0,52.0], child_end=[121.0,52.0], parent_size=[73.0,52.0], gap=12.0, start_offset=0.0)
[WARN] Layout wrap: 'Files' in parent 'sidebar_working_files' - NoWrap set but would overflow (child_size=50.0, offset=44.0, container=73.0)
[WARN] Layout overflow: 'Files' extends outside parent 'sidebar_working_files' bounds (child_rel=[44.0,0.0], child_size=[50.0,52.0], child_end=[94.0,52.0], parent_size=[73.0,52.0], gap=12.0, start_offset=0.0)
[WARN] Layout wrap: '' in parent '' - NoWrap set but would overflow (child_size=192.0, offset=16.0, container=146.0)
[WARN] Layout overflow: '' extends outside parent '' bounds (child_rel=[16.0,4.0], child_size=[192.0,40.0], child_end=[208.0,44.0], parent_size=[146.0,48.0], gap=16.0, start_offset=0.0)
[WARN] Layout wrap: 'Review' in parent 'sidebar_review' - NoWrap set but would overflow (child_size=77.0, offset=44.0, container=73.0)
[WARN] Layout overflow: 'Review' extends outside parent 'sidebar_review' bounds (child_rel=[44.0,0.0], child_size=[77.0,52.0], child_end=[121.0,52.0], parent_size=[73.0,52.0], gap=12.0, start_offset=0.0)
[WARN] Layout wrap: 'Files' in parent 'sidebar_working_files' - NoWrap set but would overflow (child_size=50.0, offset=44.0, container=73.0)
[WARN] Layout overflow: 'Files' extends outside parent 'sidebar_working_files' bounds (child_rel=[44.0,0.0], child_size=[50.0,52.0], child_end=[94.0,52.0], parent_size=[73.0,52.0], gap=12.0, start_offset=0.0)
[WARN] Layout wrap: '' in parent '' - NoWrap set but would overflow (child_size=192.0, offset=16.0, container=146.0)
[WARN] Layout overflow: '' extends outside parent '' bounds (child_rel=[16.0,4.0], child_size=[192.0,40.0], child_end=[208.0,44.0], parent_size=[146.0,48.0], gap=16.0, start_offset=0.0)
[WARN] Layout wrap: 'Review' in parent 'sidebar_review' - NoWrap set but would overflow (child_size=77.0, offset=44.0, container=73.0)
[WARN] Layout overflow: 'Review' extends outside parent 'sidebar_review' bounds (child_rel=[44.0,0.0], child_size=[77.0,52.0], child_end=[121.0,52.0], parent_size=[73.0,52.0], gap=12.0, start_offset=0.0)
[WARN] Layout wrap: 'Files' in parent 'sidebar_working_files' - NoWrap set but would overflow (child_size=50.0, offset=44.0, container=73.0)
[WARN] Layout overflow: 'Files' extends outside parent 'sidebar_working_files' bounds (child_rel=[44.0,0.0], child_size=[50.0,52.0], child_end=[94.0,52.0], parent_size=[73.0,52.0], gap=12.0, start_offset=0.0)
[WARN] Layout wrap: '' in parent '' - NoWrap set but would overflow (child_size=192.0, offset=16.0, container=146.0)
[WARN] Layout overflow: '' extends outside parent '' bounds (child_rel=[16.0,4.0], child_size=[192.0,40.0], child_end=[208.0,44.0], parent_size=[146.0,48.0], gap=16.0, start_offset=0.0)
[WARN] Layout wrap: 'Review' in parent 'sidebar_review' - NoWrap set but would overflow (child_size=77.0, offset=44.0, container=73.0)
[WARN] Layout overflow: 'Review' extends outside parent 'sidebar_review' bounds (child_rel=[44.0,0.0], child_size=[77.0,52.0], child_end=[121.0,52.0], parent_size=[73.0,52.0], gap=12.0, start_offset=0.0)
[WARN] Layout wrap: 'Files' in parent 'sidebar_working_files' - NoWrap set but would overflow (child_size=50.0, offset=44.0, container=73.0)
[WARN] Layout overflow: 'Files' extends outside parent 'sidebar_working_files' bounds (child_rel=[44.0,0.0], child_size=[50.0,52.0], child_end=[94.0,52.0], parent_size=[73.0,52.0], gap=12.0, start_offset=0.0)
[WARN] Layout wrap: '' in parent '' - NoWrap set but would overflow (child_size=192.0, offset=16.0, container=146.0)
[WARN] Layout overflow: '' extends outside parent '' bounds (child_rel=[16.0,4.0], child_size=[192.0,40.0], child_end=[208.0,44.0], parent_size=[146.0,48.0], gap=16.0, start_offset=0.0)
[WARN] Layout wrap: 'Review' in parent 'sidebar_review' - NoWrap set but would overflow (child_size=77.0, offset=44.0, container=73.0)
[WARN] Layout overflow: 'Review' extends outside parent 'sidebar_review' bounds (child_rel=[44.0,0.0], child_size=[77.0,52.0], child_end=[121.0,52.0], parent_size=[73.0,52.0], gap=12.0, start_offset=0.0)
[WARN] Layout wrap: 'Files' in parent 'sidebar_working_files' - NoWrap set but would overflow (child_size=50.0, offset=44.0, container=73.0)
[WARN] Layout overflow: 'Files' extends outside parent 'sidebar_working_files' bounds (child_rel=[44.0,0.0], child_size=[50.0,52.0], child_end=[94.0,52.0], parent_size=[73.0,52.0], gap=12.0, start_offset=0.0)
[WARN] Layout wrap: '' in parent '' - NoWrap set but would overflow (child_size=192.0, offset=16.0, container=146.0)
[WARN] Layout overflow: '' extends outside parent '' bounds (child_rel=[16.0,4.0], child_size=[192.0,40.0], child_end=[208.0,44.0], parent_size=[146.0,48.0], gap=16.0, start_offset=0.0)
[WARN] Layout wrap: 'Review' in parent 'sidebar_review' - NoWrap set but would overflow (child_size=77.0, offset=44.0, container=73.0)
[WARN] Layout overflow: 'Review' extends outside parent 'sidebar_review' bounds (child_rel=[44.0,0.0], child_size=[77.0,52.0], child_end=[121.0,52.0], parent_size=[73.0,52.0], gap=12.0, start_offset=0.0)
[WARN] Layout wrap: 'Files' in parent 'sidebar_working_files' - NoWrap set but would overflow (child_size=50.0, offset=44.0, container=73.0)
[WARN] Layout overflow: 'Files' extends outside parent 'sidebar_working_files' bounds (child_rel=[44.0,0.0], child_size=[50.0,52.0], child_end=[94.0,52.0], parent_size=[73.0,52.0], gap=12.0, start_offset=0.0)
[WARN] Layout wrap: '' in parent '' - NoWrap set but would overflow (child_size=192.0, offset=16.0, container=146.0)
[WARN] Layout overflow: '' extends outside parent '' bounds (child_rel=[16.0,4.0], child_size=[192.0,40.0], child_end=[208.0,44.0], parent_size=[146.0,48.0], gap=16.0, start_offset=0.0)
[WARN] Layout wrap: 'Review' in parent 'sidebar_review' - NoWrap set but would overflow (child_size=77.0, offset=44.0, container=73.0)
[WARN] Layout overflow: 'Review' extends outside parent 'sidebar_review' bounds (child_rel=[44.0,0.0], child_size=[77.0,52.0], child_end=[121.0,52.0], parent_size=[73.0,52.0], gap=12.0, start_offset=0.0)
[WARN] Layout wrap: 'Files' in parent 'sidebar_working_files' - NoWrap set but would overflow (child_size=50.0, offset=44.0, container=73.0)
[WARN] Layout overflow: 'Files' extends outside parent 'sidebar_working_files' bounds (child_rel=[44.0,0.0], child_size=[50.0,52.0], child_end=[94.0,52.0], parent_size=[73.0,52.0], gap=12.0, start_offset=0.0)
[WARN] Layout wrap: '' in parent '' - NoWrap set but would overflow (child_size=192.0, offset=16.0, container=146.0)
[WARN] Layout overflow: '' extends outside parent '' bounds (child_rel=[16.0,4.0], child_size=[192.0,40.0], child_end=[208.0,44.0], parent_size=[146.0,48.0], gap=16.0, start_offset=0.0)
[WARN] Layout wrap: 'Review' in parent 'sidebar_review' - NoWrap set but would overflow (child_size=77.0, offset=44.0, container=73.0)
[WARN] Layout overflow: 'Review' extends outside parent 'sidebar_review' bounds (child_rel=[44.0,0.0], child_size=[77.0,52.0], child_end=[121.0,52.0], parent_size=[73.0,52.0], gap=12.0, start_offset=0.0)
[WARN] Layout wrap: 'Files' in parent 'sidebar_working_files' - NoWrap set but would overflow (child_size=50.0, offset=44.0, container=73.0)
[WARN] Layout overflow: 'Files' extends outside parent 'sidebar_working_files' bounds (child_rel=[44.0,0.0], child_size=[50.0,52.0], child_end=[94.0,52.0], parent_size=[73.0,52.0], gap=12.0, start_offset=0.0)
[WARN] Layout wrap: '' in parent '' - NoWrap set but would overflow (child_size=192.0, offset=16.0, container=146.0)
[WARN] Layout overflow: '' extends outside parent '' bounds (child_rel=[16.0,4.0], child_size=[192.0,40.0], child_end=[208.0,44.0], parent_size=[146.0,48.0], gap=16.0, start_offset=0.0)
[WARN] Layout wrap: 'Review' in parent 'sidebar_review' - NoWrap set but would overflow (child_size=77.0, offset=44.0, container=73.0)
[WARN] Layout overflow: 'Review' extends outside parent 'sidebar_review' bounds (child_rel=[44.0,0.0], child_size=[77.0,52.0], child_end=[121.0,52.0], parent_size=[73.0,52.0], gap=12.0, start_offset=0.0)
[WARN] Layout wrap: 'Files' in parent 'sidebar_working_files' - NoWrap set but would overflow (child_size=50.0, offset=44.0, container=73.0)
[WARN] Layout overflow: 'Files' extends outside parent 'sidebar_working_files' bounds (child_rel=[44.0,0.0], child_size=[50.0,52.0], child_end=[94.0,52.0], parent_size=[73.0,52.0], gap=12.0, start_offset=0.0)
[WARN] Layout wrap: '' in parent '' - NoWrap set but would overflow (child_size=192.0, offset=16.0, container=146.0)
[WARN] Layout overflow: '' extends outside parent '' bounds (child_rel=[16.0,4.0], child_size=[192.0,40.0], child_end=[208.0,44.0], parent_size=[146.0,48.0], gap=16.0, start_offset=0.0)
[WARN] Layout wrap: 'Review' in parent 'sidebar_review' - NoWrap set but would overflow (child_size=77.0, offset=44.0, container=73.0)
[WARN] Layout overflow: 'Review' extends outside parent 'sidebar_review' bounds (child_rel=[44.0,0.0], child_size=[77.0,52.0], child_end=[121.0,52.0], parent_size=[73.0,52.0], gap=12.0, start_offset=0.0)
[WARN] Layout wrap: 'Files' in parent 'sidebar_working_files' - NoWrap set but would overflow (child_size=50.0, offset=44.0, container=73.0)
[WARN] Layout overflow: 'Files' extends outside parent 'sidebar_working_files' bounds (child_rel=[44.0,0.0], child_size=[50.0,52.0], child_end=[94.0,52.0], parent_size=[73.0,52.0], gap=12.0, start_offset=0.0)
[WARN] Layout wrap: '' in parent '' - NoWrap set but would overflow (child_size=192.0, offset=16.0, container=146.0)
[WARN] Layout overflow: '' extends outside parent '' bounds (child_rel=[16.0,4.0], child_size=[192.0,40.0], child_end=[208.0,44.0], parent_size=[146.0,48.0], gap=16.0, start_offset=0.0)
[WARN] Layout wrap: 'Review' in parent 'sidebar_review' - NoWrap set but would overflow (child_size=77.0, offset=44.0, container=73.0)
[WARN] Layout overflow: 'Review' extends outside parent 'sidebar_review' bounds (child_rel=[44.0,0.0], child_size=[77.0,52.0], child_end=[121.0,52.0], parent_size=[73.0,52.0], gap=12.0, start_offset=0.0)
[WARN] Layout wrap: 'Files' in parent 'sidebar_working_files' - NoWrap set but would overflow (child_size=50.0, offset=44.0, container=73.0)
[WARN] Layout overflow: 'Files' extends outside parent 'sidebar_working_files' bounds (child_rel=[44.0,0.0], child_size=[50.0,52.0], child_end=[94.0,52.0], parent_size=[73.0,52.0], gap=12.0, start_offset=0.0)
[WARN] Layout wrap: '' in parent '' - NoWrap set but would overflow (child_size=192.0, offset=16.0, container=146.0)
[WARN] Layout overflow: '' extends outside parent '' bounds (child_rel=[16.0,4.0], child_size=[192.0,40.0], child_end=[208.0,44.0], parent_size=[146.0,48.0], gap=16.0, start_offset=0.0)
[WARN] Layout wrap: 'Review' in parent 'sidebar_review' - NoWrap set but would overflow (child_size=77.0, offset=44.0, container=73.0)
[WARN] Layout overflow: 'Review' extends outside parent 'sidebar_review' bounds (child_rel=[44.0,0.0], child_size=[77.0,52.0], child_end=[121.0,52.0], parent_size=[73.0,52.0], gap=12.0, start_offset=0.0)
[WARN] Layout wrap: 'Files' in parent 'sidebar_working_files' - NoWrap set but would overflow (child_size=50.0, offset=44.0, container=73.0)
[WARN] Layout overflow: 'Files' extends outside parent 'sidebar_working_files' bounds (child_rel=[44.0,0.0], child_size=[50.0,52.0], child_end=[94.0,52.0], parent_size=[73.0,52.0], gap=12.0, start_offset=0.0)
[WARN] Layout wrap: '' in parent '' - NoWrap set but would overflow (child_size=192.0, offset=16.0, container=146.0)
[WARN] Layout overflow: '' extends outside parent '' bounds (child_rel=[16.0,4.0], child_size=[192.0,40.0], child_end=[208.0,44.0], parent_size=[146.0,48.0], gap=16.0, start_offset=0.0)
[WARN] Layout wrap: 'Review' in parent 'sidebar_review' - NoWrap set but would overflow (child_size=77.0, offset=44.0, container=73.0)
[WARN] Layout overflow: 'Review' extends outside parent 'sidebar_review' bounds (child_rel=[44.0,0.0], child_size=[77.0,52.0], child_end=[121.0,52.0], parent_size=[73.0,52.0], gap=12.0, start_offset=0.0)
[WARN] Layout wrap: 'Files' in parent 'sidebar_working_files' - NoWrap set but would overflow (child_size=50.0, offset=44.0, container=73.0)
[WARN] Layout overflow: 'Files' extends outside parent 'sidebar_working_files' bounds (child_rel=[44.0,0.0], child_size=[50.0,52.0], child_end=[94.0,52.0], parent_size=[73.0,52.0], gap=12.0, start_offset=0.0)
[WARN] Layout wrap: '' in parent '' - NoWrap set but would overflow (child_size=192.0, offset=16.0, container=146.0)
[WARN] Layout overflow: '' extends outside parent '' bounds (child_rel=[16.0,4.0], child_size=[192.0,40.0], child_end=[208.0,44.0], parent_size=[146.0,48.0], gap=16.0, start_offset=0.0)
[WARN] Layout wrap: 'Review' in parent 'sidebar_review' - NoWrap set but would overflow (child_size=77.0, offset=44.0, container=73.0)
[WARN] Layout overflow: 'Review' extends outside parent 'sidebar_review' bounds (child_rel=[44.0,0.0], child_size=[77.0,52.0], child_end=[121.0,52.0], parent_size=[73.0,52.0], gap=12.0, start_offset=0.0)
[WARN] Layout wrap: 'Files' in parent 'sidebar_working_files' - NoWrap set but would overflow (child_size=50.0, offset=44.0, container=73.0)
[WARN] Layout overflow: 'Files' extends outside parent 'sidebar_working_files' bounds (child_rel=[44.0,0.0], child_size=[50.0,52.0], child_end=[94.0,52.0], parent_size=[73.0,52.0], gap=12.0, start_offset=0.0)
[WARN] Layout wrap: '' in parent '' - NoWrap set but would overflow (child_size=192.0, offset=16.0, container=146.0)
[WARN] Layout overflow: '' extends outside parent '' bounds (child_rel=[16.0,4.0], child_size=[192.0,40.0], child_end=[208.0,44.0], parent_size=[146.0,48.0], gap=16.0, start_offset=0.0)
[WARN] Layout wrap: 'Review' in parent 'sidebar_review' - NoWrap set but would overflow (child_size=77.0, offset=44.0, container=73.0)
[WARN] Layout overflow: 'Review' extends outside parent 'sidebar_review' bounds (child_rel=[44.0,0.0], child_size=[77.0,52.0], child_end=[121.0,52.0], parent_size=[73.0,52.0], gap=12.0, start_offset=0.0)
[WARN] Layout wrap: 'Files' in parent 'sidebar_working_files' - NoWrap set but would overflow (child_size=50.0, offset=44.0, container=73.0)
[WARN] Layout overflow: 'Files' extends outside parent 'sidebar_working_files' bounds (child_rel=[44.0,0.0], child_size=[50.0,52.0], child_end=[94.0,52.0], parent_size=[73.0,52.0], gap=12.0, start_offset=0.0)
[WARN] Layout wrap: '' in parent '' - NoWrap set but would overflow (child_size=192.0, offset=16.0, container=146.0)
[WARN] Layout overflow: '' extends outside parent '' bounds (child_rel=[16.0,4.0], child_size=[192.0,40.0], child_end=[208.0,44.0], parent_size=[146.0,48.0], gap=16.0, start_offset=0.0)
[WARN] Layout wrap: 'Review' in parent 'sidebar_review' - NoWrap set but would overflow (child_size=77.0, offset=44.0, container=73.0)
[WARN] Layout overflow: 'Review' extends outside parent 'sidebar_review' bounds (child_rel=[44.0,0.0], child_size=[77.0,52.0], child_end=[121.0,52.0], parent_size=[73.0,52.0], gap=12.0, start_offset=0.0)
[WARN] Layout wrap: 'Files' in parent 'sidebar_working_files' - NoWrap set but would overflow (child_size=50.0, offset=44.0, container=73.0)
[WARN] Layout overflow: 'Files' extends outside parent 'sidebar_working_files' bounds (child_rel=[44.0,0.0], child_size=[50.0,52.0], child_end=[94.0,52.0], parent_size=[73.0,52.0], gap=12.0, start_offset=0.0)
[WARN] Layout wrap: '' in parent '' - NoWrap set but would overflow (child_size=192.0, offset=16.0, container=146.0)
[WARN] Layout overflow: '' extends outside parent '' bounds (child_rel=[16.0,4.0], child_size=[192.0,40.0], child_end=[208.0,44.0], parent_size=[146.0,48.0], gap=16.0, start_offset=0.0)
[WARN] Layout wrap: 'Review' in parent 'sidebar_review' - NoWrap set but would overflow (child_size=77.0, offset=44.0, container=73.0)
[WARN] Layout overflow: 'Review' extends outside parent 'sidebar_review' bounds (child_rel=[44.0,0.0], child_size=[77.0,52.0], child_end=[121.0,52.0], parent_size=[73.0,52.0], gap=12.0, start_offset=0.0)
[WARN] Layout wrap: 'Files' in parent 'sidebar_working_files' - NoWrap set but would overflow (child_size=50.0, offset=44.0, container=73.0)
[WARN] Layout overflow: 'Files' extends outside parent 'sidebar_working_files' bounds (child_rel=[44.0,0.0], child_size=[50.0,52.0], child_end=[94.0,52.0], parent_size=[73.0,52.0], gap=12.0, start_offset=0.0)
[WARN] Layout wrap: '' in parent '' - NoWrap set but would overflow (child_size=192.0, offset=16.0, container=146.0)
[WARN] Layout overflow: '' extends outside parent '' bounds (child_rel=[16.0,4.0], child_size=[192.0,40.0], child_end=[208.0,44.0], parent_size=[146.0,48.0], gap=16.0, start_offset=0.0)
[WARN] Layout wrap: 'Review' in parent 'sidebar_review' - NoWrap set but would overflow (child_size=77.0, offset=44.0, container=73.0)
[WARN] Layout overflow: 'Review' extends outside parent 'sidebar_review' bounds (child_rel=[44.0,0.0], child_size=[77.0,52.0], child_end=[121.0,52.0], parent_size=[73.0,52.0], gap=12.0, start_offset=0.0)
[WARN] Layout wrap: 'Files' in parent 'sidebar_working_files' - NoWrap set but would overflow (child_size=50.0, offset=44.0, container=73.0)
[WARN] Layout overflow: 'Files' extends outside parent 'sidebar_working_files' bounds (child_rel=[44.0,0.0], child_size=[50.0,52.0], child_end=[94.0,52.0], parent_size=[73.0,52.0], gap=12.0, start_offset=0.0)
[WARN] Layout wrap: '' in parent '' - NoWrap set but would overflow (child_size=192.0, offset=16.0, container=146.0)
[WARN] Layout overflow: '' extends outside parent '' bounds (child_rel=[16.0,4.0], child_size=[192.0,40.0], child_end=[208.0,44.0], parent_size=[146.0,48.0], gap=16.0, start_offset=0.0)
[WARN] Layout wrap: 'Review' in parent 'sidebar_review' - NoWrap set but would overflow (child_size=77.0, offset=44.0, container=73.0)
[WARN] Layout overflow: 'Review' extends outside parent 'sidebar_review' bounds (child_rel=[44.0,0.0], child_size=[77.0,52.0], child_end=[121.0,52.0], parent_size=[73.0,52.0], gap=12.0, start_offset=0.0)
[WARN] Layout wrap: 'Files' in parent 'sidebar_working_files' - NoWrap set but would overflow (child_size=50.0, offset=44.0, container=73.0)
[WARN] Layout overflow: 'Files' extends outside parent 'sidebar_working_files' bounds (child_rel=[44.0,0.0], child_size=[50.0,52.0], child_end=[94.0,52.0], parent_size=[73.0,52.0], gap=12.0, start_offset=0.0)
[WARN] Layout wrap: '' in parent '' - NoWrap set but would overflow (child_size=192.0, offset=16.0, container=146.0)
[WARN] Layout overflow: '' extends outside parent '' bounds (child_rel=[16.0,4.0], child_size=[192.0,40.0], child_end=[208.0,44.0], parent_size=[146.0,48.0], gap=16.0, start_offset=0.0)
[WARN] Layout wrap: 'Review' in parent 'sidebar_review' - NoWrap set but would overflow (child_size=77.0, offset=44.0, container=73.0)
[WARN] Layout overflow: 'Review' extends outside parent 'sidebar_review' bounds (child_rel=[44.0,0.0], child_size=[77.0,52.0], child_end=[121.0,52.0], parent_size=[73.0,52.0], gap=12.0, start_offset=0.0)
[WARN] Layout wrap: 'Files' in parent 'sidebar_working_files' - NoWrap set but would overflow (child_size=50.0, offset=44.0, container=73.0)
[WARN] Layout overflow: 'Files' extends outside parent 'sidebar_working_files' bounds (child_rel=[44.0,0.0], child_size=[50.0,52.0], child_end=[94.0,52.0], parent_size=[73.0,52.0], gap=12.0, start_offset=0.0)
[WARN] Layout wrap: '' in parent '' - NoWrap set but would overflow (child_size=192.0, offset=16.0, container=146.0)
[WARN] Layout overflow: '' extends outside parent '' bounds (child_rel=[16.0,4.0], child_size=[192.0,40.0], child_end=[208.0,44.0], parent_size=[146.0,48.0], gap=16.0, start_offset=0.0)
[WARN] Layout wrap: 'Review' in parent 'sidebar_review' - NoWrap set but would overflow (child_size=77.0, offset=44.0, container=73.0)
[WARN] Layout overflow: 'Review' extends outside parent 'sidebar_review' bounds (child_rel=[44.0,0.0], child_size=[77.0,52.0], child_end=[121.0,52.0], parent_size=[73.0,52.0], gap=12.0, start_offset=0.0)
[WARN] Layout wrap: 'Files' in parent 'sidebar_working_files' - NoWrap set but would overflow (child_size=50.0, offset=44.0, container=73.0)
[WARN] Layout overflow: 'Files' extends outside parent 'sidebar_working_files' bounds (child_rel=[44.0,0.0], child_size=[50.0,52.0], child_end=[94.0,52.0], parent_size=[73.0,52.0], gap=12.0, start_offset=0.0)
[WARN] Layout wrap: '' in parent '' - NoWrap set but would overflow (child_size=192.0, offset=16.0, container=146.0)
[WARN] Layout overflow: '' extends outside parent '' bounds (child_rel=[16.0,4.0], child_size=[192.0,40.0], child_end=[208.0,44.0], parent_size=[146.0,48.0], gap=16.0, start_offset=0.0)
[WARN] Layout wrap: 'Review' in parent 'sidebar_review' - NoWrap set but would overflow (child_size=77.0, offset=44.0, container=73.0)
[WARN] Layout overflow: 'Review' extends outside parent 'sidebar_review' bounds (child_rel=[44.0,0.0], child_size=[77.0,52.0], child_end=[121.0,52.0], parent_size=[73.0,52.0], gap=12.0, start_offset=0.0)
[WARN] Layout wrap: 'Files' in parent 'sidebar_working_files' - NoWrap set but would overflow (child_size=50.0, offset=44.0, container=73.0)
[WARN] Layout overflow: 'Files' extends outside parent 'sidebar_working_files' bounds (child_rel=[44.0,0.0], child_size=[50.0,52.0], child_end=[94.0,52.0], parent_size=[73.0,52.0], gap=12.0, start_offset=0.0)
[WARN] Layout wrap: '' in parent '' - NoWrap set but would overflow (child_size=192.0, offset=16.0, container=146.0)
[WARN] Layout overflow: '' extends outside parent '' bounds (child_rel=[16.0,4.0], child_size=[192.0,40.0], child_end=[208.0,44.0], parent_size=[146.0,48.0], gap=16.0, start_offset=0.0)
[WARN] Layout wrap: 'Review' in parent 'sidebar_review' - NoWrap set but would overflow (child_size=77.0, offset=44.0, container=73.0)
[WARN] Layout overflow: 'Review' extends outside parent 'sidebar_review' bounds (child_rel=[44.0,0.0], child_size=[77.0,52.0], child_end=[121.0,52.0], parent_size=[73.0,52.0], gap=12.0, start_offset=0.0)
[WARN] Layout wrap: 'Files' in parent 'sidebar_working_files' - NoWrap set but would overflow (child_size=50.0, offset=44.0, container=73.0)
[WARN] Layout overflow: 'Files' extends outside parent 'sidebar_working_files' bounds (child_rel=[44.0,0.0], child_size=[50.0,52.0], child_end=[94.0,52.0], parent_size=[73.0,52.0], gap=12.0, start_offset=0.0)
[WARN] Layout wrap: '' in parent '' - NoWrap set but would overflow (child_size=192.0, offset=16.0, container=146.0)
[WARN] Layout overflow: '' extends outside parent '' bounds (child_rel=[16.0,4.0], child_size=[192.0,40.0], child_end=[208.0,44.0], parent_size=[146.0,48.0], gap=16.0, start_offset=0.0)
[WARN] Layout wrap: 'Review' in parent 'sidebar_review' - NoWrap set but would overflow (child_size=77.0, offset=44.0, container=73.0)
[WARN] Layout overflow: 'Review' extends outside parent 'sidebar_review' bounds (child_rel=[44.0,0.0], child_size=[77.0,52.0], child_end=[121.0,52.0], parent_size=[73.0,52.0], gap=12.0, start_offset=0.0)
[WARN] Layout wrap: 'Files' in parent 'sidebar_working_files' - NoWrap set but would overflow (child_size=50.0, offset=44.0, container=73.0)
[WARN] Layout overflow: 'Files' extends outside parent 'sidebar_working_files' bounds (child_rel=[44.0,0.0], child_size=[50.0,52.0], child_end=[94.0,52.0], parent_size=[73.0,52.0], gap=12.0, start_offset=0.0)
[WARN] Layout wrap: '' in parent '' - NoWrap set but would overflow (child_size=192.0, offset=16.0, container=146.0)
[WARN] Layout overflow: '' extends outside parent '' bounds (child_rel=[16.0,4.0], child_size=[192.0,40.0], child_end=[208.0,44.0], parent_size=[146.0,48.0], gap=16.0, start_offset=0.0)
[WARN] Layout wrap: 'Review' in parent 'sidebar_review' - NoWrap set but would overflow (child_size=77.0, offset=44.0, container=73.0)
[WARN] Layout overflow: 'Review' extends outside parent 'sidebar_review' bounds (child_rel=[44.0,0.0], child_size=[77.0,52.0], child_end=[121.0,52.0], parent_size=[73.0,52.0], gap=12.0, start_offset=0.0)
[WARN] Layout wrap: 'Files' in parent 'sidebar_working_files' - NoWrap set but would overflow (child_size=50.0, offset=44.0, container=73.0)
[WARN] Layout overflow: 'Files' extends outside parent 'sidebar_working_files' bounds (child_rel=[44.0,0.0], child_size=[50.0,52.0], child_end=[94.0,52.0], parent_size=[73.0,52.0], gap=12.0, start_offset=0.0)
[WARN] Layout wrap: '' in parent '' - NoWrap set but would overflow (child_size=192.0, offset=16.0, container=146.0)
[WARN] Layout overflow: '' extends outside parent '' bounds (child_rel=[16.0,4.0], child_size=[192.0,40.0], child_end=[208.0,44.0], parent_size=[146.0,48.0], gap=16.0, start_offset=0.0)
[WARN] Layout wrap: 'Review' in parent 'sidebar_review' - NoWrap set but would overflow (child_size=77.0, offset=44.0, container=73.0)
[WARN] Layout overflow: 'Review' extends outside parent 'sidebar_review' bounds (child_rel=[44.0,0.0], child_size=[77.0,52.0], child_end=[121.0,52.0], parent_size=[73.0,52.0], gap=12.0, start_offset=0.0)
[WARN] Layout wrap: 'Files' in parent 'sidebar_working_files' - NoWrap set but would overflow (child_size=50.0, offset=44.0, container=73.0)
[WARN] Layout overflow: 'Files' extends outside parent 'sidebar_working_files' bounds (child_rel=[44.0,0.0], child_size=[50.0,52.0], child_end=[94.0,52.0], parent_size=[73.0,52.0], gap=12.0, start_offset=0.0)
[WARN] Layout wrap: '' in parent '' - NoWrap set but would overflow (child_size=192.0, offset=16.0, container=146.0)
[WARN] Layout overflow: '' extends outside parent '' bounds (child_rel=[16.0,4.0], child_size=[192.0,40.0], child_end=[208.0,44.0], parent_size=[146.0,48.0], gap=16.0, start_offset=0.0)
[WARN] Layout wrap: 'Review' in parent 'sidebar_review' - NoWrap set but would overflow (child_size=77.0, offset=44.0, container=73.0)
[WARN] Layout overflow: 'Review' extends outside parent 'sidebar_review' bounds (child_rel=[44.0,0.0], child_size=[77.0,52.0], child_end=[121.0,52.0], parent_size=[73.0,52.0], gap=12.0, start_offset=0.0)
[WARN] Layout wrap: 'Files' in parent 'sidebar_working_files' - NoWrap set but would overflow (child_size=50.0, offset=44.0, container=73.0)
[WARN] Layout overflow: 'Files' extends outside parent 'sidebar_working_files' bounds (child_rel=[44.0,0.0], child_size=[50.0,52.0], child_end=[94.0,52.0], parent_size=[73.0,52.0], gap=12.0, start_offset=0.0)
[WARN] Layout wrap: '' in parent '' - NoWrap set but would overflow (child_size=192.0, offset=16.0, container=146.0)
[WARN] Layout overflow: '' extends outside parent '' bounds (child_rel=[16.0,4.0], child_size=[192.0,40.0], child_end=[208.0,44.0], parent_size=[146.0,48.0], gap=16.0, start_offset=0.0)
[WARN] Layout wrap: 'Review' in parent 'sidebar_review' - NoWrap set but would overflow (child_size=77.0, offset=44.0, container=73.0)
[WARN] Layout overflow: 'Review' extends outside parent 'sidebar_review' bounds (child_rel=[44.0,0.0], child_size=[77.0,52.0], child_end=[121.0,52.0], parent_size=[73.0,52.0], gap=12.0, start_offset=0.0)
[WARN] Layout wrap: 'Files' in parent 'sidebar_working_files' - NoWrap set but would overflow (child_size=50.0, offset=44.0, container=73.0)
[WARN] Layout overflow: 'Files' extends outside parent 'sidebar_working_files' bounds (child_rel=[44.0,0.0], child_size=[50.0,52.0], child_end=[94.0,52.0], parent_size=[73.0,52.0], gap=12.0, start_offset=0.0)
[WARN] Layout wrap: '' in parent '' - NoWrap set but would overflow (child_size=192.0, offset=16.0, container=146.0)
[WARN] Layout overflow: '' extends outside parent '' bounds (child_rel=[16.0,4.0], child_size=[192.0,40.0], child_end=[208.0,44.0], parent_size=[146.0,48.0], gap=16.0, start_offset=0.0)
[WARN] Layout wrap: 'Review' in parent 'sidebar_review' - NoWrap set but would overflow (child_size=77.0, offset=44.0, container=73.0)
[WARN] Layout overflow: 'Review' extends outside parent 'sidebar_review' bounds (child_rel=[44.0,0.0], child_size=[77.0,52.0], child_end=[121.0,52.0], parent_size=[73.0,52.0], gap=12.0, start_offset=0.0)
[WARN] Layout wrap: 'Files' in parent 'sidebar_working_files' - NoWrap set but would overflow (child_size=50.0, offset=44.0, container=73.0)
[WARN] Layout overflow: 'Files' extends outside parent 'sidebar_working_files' bounds (child_rel=[44.0,0.0], child_size=[50.0,52.0], child_end=[94.0,52.0], parent_size=[73.0,52.0], gap=12.0, start_offset=0.0)
[WARN] Layout wrap: '' in parent '' - NoWrap set but would overflow (child_size=192.0, offset=16.0, container=146.0)
[WARN] Layout overflow: '' extends outside parent '' bounds (child_rel=[16.0,4.0], child_size=[192.0,40.0], child_end=[208.0,44.0], parent_size=[146.0,48.0], gap=16.0, start_offset=0.0)
[WARN] Layout wrap: 'Review' in parent 'sidebar_review' - NoWrap set but would overflow (child_size=77.0, offset=44.0, container=73.0)
[WARN] Layout overflow: 'Review' extends outside parent 'sidebar_review' bounds (child_rel=[44.0,0.0], child_size=[77.0,52.0], child_end=[121.0,52.0], parent_size=[73.0,52.0], gap=12.0, start_offset=0.0)
[WARN] Layout wrap: 'Files' in parent 'sidebar_working_files' - NoWrap set but would overflow (child_size=50.0, offset=44.0, container=73.0)
[WARN] Layout overflow: 'Files' extends outside parent 'sidebar_working_files' bounds (child_rel=[44.0,0.0], child_size=[50.0,52.0], child_end=[94.0,52.0], parent_size=[73.0,52.0], gap=12.0, start_offset=0.0)
[WARN] Layout wrap: '' in parent '' - NoWrap set but would overflow (child_size=192.0, offset=16.0, container=146.0)
[WARN] Layout overflow: '' extends outside parent '' bounds (child_rel=[16.0,4.0], child_size=[192.0,40.0], child_end=[208.0,44.0], parent_size=[146.0,48.0], gap=16.0, start_offset=0.0)
[WARN] Layout wrap: 'Review' in parent 'sidebar_review' - NoWrap set but would overflow (child_size=77.0, offset=44.0, container=73.0)
[WARN] Layout overflow: 'Review' extends outside parent 'sidebar_review' bounds (child_rel=[44.0,0.0], child_size=[77.0,52.0], child_end=[121.0,52.0], parent_size=[73.0,52.0], gap=12.0, start_offset=0.0)
[WARN] Layout wrap: 'Files' in parent 'sidebar_working_files' - NoWrap set but would overflow (child_size=50.0, offset=44.0, container=73.0)
[WARN] Layout overflow: 'Files' extends outside parent 'sidebar_working_files' bounds (child_rel=[44.0,0.0], child_size=[50.0,52.0], child_end=[94.0,52.0], parent_size=[73.0,52.0], gap=12.0, start_offset=0.0)
[WARN] Layout wrap: '' in parent '' - NoWrap set but would overflow (child_size=192.0, offset=16.0, container=146.0)
[WARN] Layout overflow: '' extends outside parent '' bounds (child_rel=[16.0,4.0], child_size=[192.0,40.0], child_end=[208.0,44.0], parent_size=[146.0,48.0], gap=16.0, start_offset=0.0)
[WARN] Layout wrap: 'Review' in parent 'sidebar_review' - NoWrap set but would overflow (child_size=77.0, offset=44.0, container=73.0)
[WARN] Layout overflow: 'Review' extends outside parent 'sidebar_review' bounds (child_rel=[44.0,0.0], child_size=[77.0,52.0], child_end=[121.0,52.0], parent_size=[73.0,52.0], gap=12.0, start_offset=0.0)
[WARN] Layout wrap: 'Files' in parent 'sidebar_working_files' - NoWrap set but would overflow (child_size=50.0, offset=44.0, container=73.0)
[WARN] Layout overflow: 'Files' extends outside parent 'sidebar_working_files' bounds (child_rel=[44.0,0.0], child_size=[50.0,52.0], child_end=[94.0,52.0], parent_size=[73.0,52.0], gap=12.0, start_offset=0.0)
[WARN] Layout wrap: '' in parent '' - NoWrap set but would overflow (child_size=192.0, offset=16.0, container=146.0)
[WARN] Layout overflow: '' extends outside parent '' bounds (child_rel=[16.0,4.0], child_size=[192.0,40.0], child_end=[208.0,44.0], parent_size=[146.0,48.0], gap=16.0, start_offset=0.0)
[WARN] Layout wrap: 'Review' in parent 'sidebar_review' - NoWrap set but would overflow (child_size=77.0, offset=44.0, container=73.0)
[WARN] Layout overflow: 'Review' extends outside parent 'sidebar_review' bounds (child_rel=[44.0,0.0], child_size=[77.0,52.0], child_end=[121.0,52.0], parent_size=[73.0,52.0], gap=12.0, start_offset=0.0)
[WARN] Layout wrap: 'Files' in parent 'sidebar_working_files' - NoWrap set but would overflow (child_size=50.0, offset=44.0, container=73.0)
[WARN] Layout overflow: 'Files' extends outside parent 'sidebar_working_files' bounds (child_rel=[44.0,0.0], child_size=[50.0,52.0], child_end=[94.0,52.0], parent_size=[73.0,52.0], gap=12.0, start_offset=0.0)
[WARN] Layout wrap: '' in parent '' - NoWrap set but would overflow (child_size=192.0, offset=16.0, container=146.0)
[WARN] Layout overflow: '' extends outside parent '' bounds (child_rel=[16.0,4.0], child_size=[192.0,40.0], child_end=[208.0,44.0], parent_size=[146.0,48.0], gap=16.0, start_offset=0.0)
[WARN] Layout wrap: 'Review' in parent 'sidebar_review' - NoWrap set but would overflow (child_size=77.0, offset=44.0, container=73.0)
[WARN] Layout overflow: 'Review' extends outside parent 'sidebar_review' bounds (child_rel=[44.0,0.0], child_size=[77.0,52.0], child_end=[121.0,52.0], parent_size=[73.0,52.0], gap=12.0, start_offset=0.0)
[WARN] Layout wrap: 'Files' in parent 'sidebar_working_files' - NoWrap set but would overflow (child_size=50.0, offset=44.0, container=73.0)
[WARN] Layout overflow: 'Files' extends outside parent 'sidebar_working_files' bounds (child_rel=[44.0,0.0], child_size=[50.0,52.0], child_end=[94.0,52.0], parent_size=[73.0,52.0], gap=12.0, start_offset=0.0)
[WARN] Layout wrap: '' in parent '' - NoWrap set but would overflow (child_size=192.0, offset=16.0, container=146.0)
[WARN] Layout overflow: '' extends outside parent '' bounds (child_rel=[16.0,4.0], child_size=[192.0,40.0], child_end=[208.0,44.0], parent_size=[146.0,48.0], gap=16.0, start_offset=0.0)
[INFO] bench_frames: 120 frames, 149 entities: avg 0.73 ms  p50 0.69  p99 1.48  max 2.17
[INFO]     0.25 ms/frame  ecs::MainContentSystem
[INFO]     0.11 ms/frame  afterhours::ui::UIPluginRenderBridge<InputAction>
[INFO]     0.06 ms/frame  afterhours::ui::UIPluginPostUpdateBridge<InputAction>
[INFO]     0.05 ms/frame  ecs::SidebarSystem
[INFO]     0.02 ms/frame  ecs::TabSyncSystem
[INFO]     0.01 ms/frame  afterhours::ui::validation::ValidateComponentContrast
[INFO]     0.01 ms/frame  ecs::StatusBarSystem
[INFO]     0.00 ms/frame  ecs::MenuBarSystem
[WARN] Layout wrap: 'Review' in parent 'sidebar_review' - NoWrap set but would overflow (child_size=77.0, offset=44.0, container=73.0)
[WARN] Layout overflow: 'Review' extends outside parent 'sidebar_review' bounds (child_rel=[44.0,0.0], child_size=[77.0,52.0], child_end=[121.0,52.0], parent_size=[73.0,52.0], gap=12.0, start_offset=0.0)
[WARN] Layout wrap: 'Files' in parent 'sidebar_working_files' - NoWrap set but would overflow (child_size=50.0, offset=44.0, container=73.0)
[WARN] Layout overflow: 'Files' extends outside parent 'sidebar_working_files' bounds (child_rel=[44.0,0.0], child_size=[50.0,52.0], child_end=[94.0,52.0], parent_size=[73.0,52.0], gap=12.0, start_offset=0.0)
[WARN] Layout wrap: '' in parent '' - NoWrap set but would overflow (child_size=192.0, offset=16.0, container=146.0)
[WARN] Layout overflow: '' extends outside parent '' bounds (child_rel=[16.0,4.0], child_size=[192.0,40.0], child_end=[208.0,44.0], parent_size=[146.0,48.0], gap=16.0, start_offset=0.0)
[WARN] Layout wrap: 'Review' in parent 'sidebar_review' - NoWrap set but would overflow (child_size=77.0, offset=44.0, container=73.0)
[WARN] Layout overflow: 'Review' extends outside parent 'sidebar_review' bounds (child_rel=[44.0,0.0], child_size=[77.0,52.0], child_end=[121.0,52.0], parent_size=[73.0,52.0], gap=12.0, start_offset=0.0)
[WARN] Layout wrap: 'Files' in parent 'sidebar_working_files' - NoWrap set but would overflow (child_size=50.0, offset=44.0, container=73.0)
[WARN] Layout overflow: 'Files' extends outside parent 'sidebar_working_files' bounds (child_rel=[44.0,0.0], child_size=[50.0,52.0], child_end=[94.0,52.0], parent_size=[73.0,52.0], gap=12.0, start_offset=0.0)
[WARN] Layout wrap: '' in parent '' - NoWrap set but would overflow (child_size=192.0, offset=16.0, container=146.0)
[WARN] Layout overflow: '' extends outside parent '' bounds (child_rel=[16.0,4.0], child_size=[192.0,40.0], child_end=[208.0,44.0], parent_size=[146.0,48.0], gap=16.0, start_offset=0.0)
[WARN] Layout wrap: 'Review' in parent 'sidebar_review' - NoWrap set but would overflow (child_size=77.0, offset=44.0, container=73.0)
[WARN] Layout overflow: 'Review' extends outside parent 'sidebar_review' bounds (child_rel=[44.0,0.0], child_size=[77.0,52.0], child_end=[121.0,52.0], parent_size=[73.0,52.0], gap=12.0, start_offset=0.0)
[WARN] Layout wrap: 'Files' in parent 'sidebar_working_files' - NoWrap set but would overflow (child_size=50.0, offset=44.0, container=73.0)
[WARN] Layout overflow: 'Files' extends outside parent 'sidebar_working_files' bounds (child_rel=[44.0,0.0], child_size=[50.0,52.0], child_end=[94.0,52.0], parent_size=[73.0,52.0], gap=12.0, start_offset=0.0)
[WARN] Layout wrap: '' in parent '' - NoWrap set but would overflow (child_size=192.0, offset=16.0, container=146.0)
[WARN] Layout overflow: '' extends outside parent '' bounds (child_rel=[16.0,4.0], child_size=[192.0,40.0], child_end=[208.0,44.0], parent_size=[146.0,48.0], gap=16.0, start_offset=0.0)
[WARN] Layout wrap: 'Review' in parent 'sidebar_review' - NoWrap set but would overflow (child_size=77.0, offset=44.0, container=73.0)
[WARN] Layout overflow: 'Review' extends outside parent 'sidebar_review' bounds (child_rel=[44.0,0.0], child_size=[77.0,52.0], child_end=[121.0,52.0], parent_size=[73.0,52.0], gap=12.0, start_offset=0.0)
[WARN] Layout wrap: 'Files' in parent 'sidebar_working_files' - NoWrap set but would overflow (child_size=50.0, offset=44.0, container=73.0)
[WARN] Layout overflow: 'Files' extends outside parent 'sidebar_working_files' bounds (child_rel=[44.0,0.0], child_size=[50.0,52.0], child_end=[94.0,52.0], parent_size=[73.0,52.0], gap=12.0, start_offset=0.0)
[WARN] Layout wrap: '' in parent '' - NoWrap set but would overflow (child_size=192.0, offset=16.0, container=146.0)
[WARN] Layout overflow: '' extends outside parent '' bounds (child_rel=[16.0,4.0], child_size=[192.0,40.0], child_end=[208.0,44.0], parent_size=[146.0,48.0], gap=16.0, start_offset=0.0)
[INFO] expect_p99_below: 1.48ms <= 20.00ms (PASS)
[WARN] Layout wrap: 'Review' in parent 'sidebar_review' - NoWrap set but would overflow (child_size=77.0, offset=44.0, container=73.0)
[WARN] Layout overflow: 'Review' extends outside parent 'sidebar_review' bounds (child_rel=[44.0,0.0], child_size=[77.0,52.0], child_end=[121.0,52.0], parent_size=[73.0,52.0], gap=12.0, start_offset=0.0)
[WARN] Layout wrap: 'Files' in parent 'sidebar_working_files' - NoWrap set but would overflow (child_size=50.0, offset=44.0, container=73.0)
[WARN] Layout overflow: 'Files' extends outside parent 'sidebar_working_files' bounds (child_rel=[44.0,0.0], child_size=[50.0,52.0], child_end=[94.0,52.0], parent_size=[73.0,52.0], gap=12.0, start_offset=0.0)
[WARN] Layout wrap: '' in parent '' - NoWrap set but would overflow (child_size=192.0, offset=16.0, container=146.0)
[WARN] Layout overflow: '' extends outside parent '' bounds (child_rel=[16.0,4.0], child_size=[192.0,40.0], child_end=[208.0,44.0], parent_size=[146.0,48.0], gap=16.0, start_offset=0.0)
[WARN] Layout wrap: 'Review' in parent 'sidebar_review' - NoWrap set but would overflow (child_size=77.0, offset=44.0, container=73.0)
[WARN] Layout overflow: 'Review' extends outside parent 'sidebar_review' bounds (child_rel=[44.0,0.0], child_size=[77.0,52.0], child_end=[121.0,52.0], parent_size=[73.0,52.0], gap=12.0, start_offset=0.0)
[WARN] Layout wrap: 'Files' in parent 'sidebar_working_files' - NoWrap set but would overflow (child_size=50.0, offset=44.0, container=73.0)
[WARN] Layout overflow: 'Files' extends outside parent 'sidebar_working_files' bounds (child_rel=[44.0,0.0], child_size=[50.0,52.0], child_end=[94.0,52.0], parent_size=[73.0,52.0], gap=12.0, start_offset=0.0)
[WARN] Layout wrap: '' in parent '' - NoWrap set but would overflow (child_size=192.0, offset=16.0, container=146.0)
[WARN] Layout overflow: '' extends outside parent '' bounds (child_rel=[16.0,4.0], child_size=[192.0,40.0], child_end=[208.0,44.0], parent_size=[146.0,48.0], gap=16.0, start_offset=0.0)
[WARN] Layout wrap: 'Review' in parent 'sidebar_review' - NoWrap set but would overflow (child_size=77.0, offset=44.0, container=73.0)
[WARN] Layout overflow: 'Review' extends outside parent 'sidebar_review' bounds (child_rel=[44.0,0.0], child_size=[77.0,52.0], child_end=[121.0,52.0], parent_size=[73.0,52.0], gap=12.0, start_offset=0.0)
[WARN] Layout wrap: 'Files' in parent 'sidebar_working_files' - NoWrap set but would overflow (child_size=50.0, offset=44.0, container=73.0)
[WARN] Layout overflow: 'Files' extends outside parent 'sidebar_working_files' bounds (child_rel=[44.0,0.0], child_size=[50.0,52.0], child_end=[94.0,52.0], parent_size=[73.0,52.0], gap=12.0, start_offset=0.0)
[WARN] Layout wrap: '' in parent '' - NoWrap set but would overflow (child_size=192.0, offset=16.0, container=146.0)
[WARN] Layout overflow: '' extends outside parent '' bounds (child_rel=[16.0,4.0], child_size=[192.0,40.0], child_end=[208.0,44.0], parent_size=[146.0,48.0], gap=16.0, start_offset=0.0)
[INFO] E2E finished in 2.83 seconds
