[INFO] Process start to main: 19 ms
[INFO] Registered singleton 0 for afterhours::files::ProvidesResourcePaths (0)
[INFO] Settings loaded from /Users/gabeochoa/Library/Application Support/floatinghotel/settings.json
[INFO] Pre-graphics init: 7 ms
[INFO]   Window+GPU init: 79 ms
[INFO] Registered singleton 1 for afterhours::input::InputCollector (1)
[INFO] Registered singleton 1 for afterhours::input::ProvidesMaxGamepadID (2)
[INFO] Registered singleton 1 for afterhours::input::ProvidesInputMapping (3)
[INFO] Registered singleton 1 for afterhours::input::ProvidesInputConfig (4)
[WARN] try_load_gamepad_mappings: no backend configured
[INFO] Registered singleton 1 for afterhours::window_manager::ProvidesTargetFPS (5)
[INFO] Registered singleton 1 for afterhours::window_manager::ProvidesCurrentResolution (6)
[INFO] Registered singleton 1 for afterhours::window_manager::ProvidesAvailableWindowResolutions (7)
[INFO] Registered singleton 2 for afterhours::ui::UIContext<InputAction> (8)
[INFO] Registered singleton 2 for afterhours::ui::FontManager (9)
[INFO] Registered singleton 2 for afterhours::ui::TextMeasureCache (10)
[INFO] Registered singleton 2 for afterhours::ui::UIEntityMappingCache (11)
[INFO] Registered singleton 2 for afterhours::ui::DragGroupState (12)
[INFO]   Preload+fonts: 0 ms
[INFO] Registered singleton 6 for afterhours::modal::ModalRoot (28)
[INFO] Registered singleton 7 for afterhours::ui::TooltipState (29)
[INFO]   Systems registration: 0 ms
[INFO] Startup time: 79 ms (from graphics::run to app_init done)
[INFO] [Validation] No UI violations detected
[INFO] git: 65 ms (waited 0 ms for lock): git ls-files
[INFO] git: 65 ms (waited 0 ms for lock): git log
[INFO] commits loaded: 1 commits, 65 ms after refresh requested, 178 ms since process start
[INFO] git: 66 ms (waited 0 ms for lock): git status
[INFO] refresh: status ready at 66 ms
[INFO] git: 69 ms (waited 0 ms for lock): git diff
[INFO] git: 78 ms (waited 0 ms for lock): git diff
[INFO] refresh: diff ready at 143 ms
[INFO] git: 83 ms (waited 0 ms for lock): git branch
[INFO] refresh: branches ready at 149 ms
[INFO] refresh: done in 149 ms
[WARN] Layout wrap: 'commit_heading' in parent 'main_content' - NoWrap set but would overflow (child_size=120.0, offset=0.0, container=0.0)
[WARN] Layout overflow: 'commit_heading' extends outside parent 'main_content' bounds (child_rel=[0.0,0.0], child_size=[0.0,120.0], child_end=[0.0,120.0], parent_size=[0.0,0.0], gap=0.0, start_offset=0.0)
[WARN] Layout wrap: 'commit_sticky_revision' in parent 'commit_heading' - NoWrap set but would overflow (child_size=176.0, offset=0.0, container=0.0)
[WARN] Layout overflow: 'commit_sticky_revision' extends outside parent 'commit_heading' bounds (child_rel=[0.0,0.0], child_size=[176.0,104.0], child_end=[176.0,104.0], parent_size=[0.0,104.0], gap=0.0, start_offset=0.0)
[WARN] Layout wrap: 'commit_find_host' in parent 'main_content' - NoWrap set but would overflow (child_size=144.0, offset=120.0, container=0.0)
[WARN] Layout overflow: 'commit_find_host' extends outside parent 'main_content' bounds (child_rel=[0.0,120.0], child_size=[0.0,144.0], child_end=[0.0,264.0], parent_size=[0.0,0.0], gap=0.0, start_offset=0.0)
[WARN] Layout wrap: 'commit_detail_scroll' in parent 'main_content' - NoWrap set but would overflow (child_size=0.0, offset=264.0, container=0.0)
[WARN] Layout overflow: 'commit_detail_scroll' extends outside parent 'main_content' bounds (child_rel=[0.0,264.0], child_size=[0.0,0.0], child_end=[0.0,264.0], parent_size=[0.0,0.0], gap=0.0, start_offset=0.0)
[WARN] Layout wrap: 'commit_relative_date' in parent 'commit_meta_compact' - NoWrap set but would overflow (child_size=107.0, offset=12.0, container=0.0)
[WARN] Layout overflow: 'commit_relative_date' extends outside parent 'commit_meta_compact' bounds (child_rel=[12.0,4.0], child_size=[107.0,56.0], child_end=[119.0,60.0], parent_size=[0.0,64.0], gap=12.0, start_offset=0.0)
[WARN] Layout wrap: 'commit_short_hash' in parent 'commit_meta_compact' - NoWrap set but would overflow (child_size=168.0, offset=131.0, container=0.0)
[WARN] Layout overflow: 'commit_short_hash' extends outside parent 'commit_meta_compact' bounds (child_rel=[131.0,4.0], child_size=[168.0,56.0], child_end=[299.0,60.0], parent_size=[0.0,64.0], gap=12.0, start_offset=0.0)
[WARN] Layout wrap: 'commit_meta_toggle' in parent 'commit_meta_compact' - NoWrap set but would overflow (child_size=160.0, offset=311.0, container=0.0)
[WARN] Layout overflow: 'commit_meta_toggle' extends outside parent 'commit_meta_compact' bounds (child_rel=[311.0,4.0], child_size=[160.0,56.0], child_end=[471.0,60.0], parent_size=[0.0,64.0], gap=12.0, start_offset=0.0)
[INFO] git: 179 ms (waited 0 ms for lock): git rev-parse
[INFO] git: 96 ms (waited 0 ms for lock): git show
[INFO] git: 139 ms (waited 0 ms for lock): git show
[INFO] git: 117 ms (waited 0 ms for lock): git rev-parse
[INFO] git: 112 ms (waited 0 ms for lock): git rev-parse
[INFO] git: 84 ms (waited 0 ms for lock): git ls-tree
[INFO] git: 99 ms (waited 0 ms for lock): git rev-parse
[INFO] git: 117 ms (waited 0 ms for lock): git rev-parse
[INFO] git: 95 ms (waited 0 ms for lock): git cat-file
[INFO] git: 116 ms (waited 0 ms for lock): git ls-tree
[INFO] git: 132 ms (waited 0 ms for lock): git cat-file
[INFO] git: 106 ms (waited 0 ms for lock): git ls-tree
[INFO] git: 105 ms (waited 0 ms for lock): git rev-parse
[INFO] git: 131 ms (waited 0 ms for lock): git grep
[INFO] git: 110 ms (waited 0 ms for lock): git rev-parse
[INFO] git: 119 ms (waited 0 ms for lock): git cat-file
[INFO] git: 56 ms (waited 0 ms for lock): git cat-file
[INFO] git: 100 ms (waited 0 ms for lock): git rev-parse
[INFO] git: 136 ms (waited 0 ms for lock): git cat-file
[INFO] git: 176 ms (waited 0 ms for lock): git ls-tree
[INFO] git: 134 ms (waited 0 ms for lock): git cat-file
[INFO] git: 130 ms (waited 0 ms for lock): git rev-parse
[INFO] git: 118 ms (waited 0 ms for lock): git rev-parse
[INFO] git: 134 ms (waited 0 ms for lock): git rev-parse
[WARN] Layout wrap: 'commit_heading' in parent 'main_content' - NoWrap set but would overflow (child_size=120.0, offset=0.0, container=0.0)
[WARN] Layout overflow: 'commit_heading' extends outside parent 'main_content' bounds (child_rel=[0.0,0.0], child_size=[0.0,120.0], child_end=[0.0,120.0], parent_size=[0.0,0.0], gap=0.0, start_offset=0.0)
[WARN] Layout wrap: 'commit_sticky_revision' in parent 'commit_heading' - NoWrap set but would overflow (child_size=176.0, offset=0.0, container=0.0)
[WARN] Layout overflow: 'commit_sticky_revision' extends outside parent 'commit_heading' bounds (child_rel=[0.0,0.0], child_size=[176.0,104.0], child_end=[176.0,104.0], parent_size=[0.0,104.0], gap=0.0, start_offset=0.0)
[WARN] Layout wrap: 'commit_find_host' in parent 'main_content' - NoWrap set but would overflow (child_size=144.0, offset=120.0, container=0.0)
[WARN] Layout overflow: 'commit_find_host' extends outside parent 'main_content' bounds (child_rel=[0.0,120.0], child_size=[0.0,144.0], child_end=[0.0,264.0], parent_size=[0.0,0.0], gap=0.0, start_offset=0.0)
[WARN] Layout wrap: 'commit_detail_scroll' in parent 'main_content' - NoWrap set but would overflow (child_size=0.0, offset=264.0, container=0.0)
[WARN] Layout overflow: 'commit_detail_scroll' extends outside parent 'main_content' bounds (child_rel=[0.0,264.0], child_size=[0.0,0.0], child_end=[0.0,264.0], parent_size=[0.0,0.0], gap=0.0, start_offset=0.0)
[WARN] Layout wrap: 'commit_relative_date' in parent 'commit_meta_compact' - NoWrap set but would overflow (child_size=120.0, offset=12.0, container=0.0)
[WARN] Layout overflow: 'commit_relative_date' extends outside parent 'commit_meta_compact' bounds (child_rel=[12.0,4.0], child_size=[120.0,56.0], child_end=[132.0,60.0], parent_size=[0.0,64.0], gap=12.0, start_offset=0.0)
[WARN] Layout wrap: 'commit_short_hash' in parent 'commit_meta_compact' - NoWrap set but would overflow (child_size=168.0, offset=144.0, container=0.0)
[WARN] Layout overflow: 'commit_short_hash' extends outside parent 'commit_meta_compact' bounds (child_rel=[144.0,4.0], child_size=[168.0,56.0], child_end=[312.0,60.0], parent_size=[0.0,64.0], gap=12.0, start_offset=0.0)
[WARN] Layout wrap: 'commit_meta_toggle' in parent 'commit_meta_compact' - NoWrap set but would overflow (child_size=160.0, offset=324.0, container=0.0)
[WARN] Layout overflow: 'commit_meta_toggle' extends outside parent 'commit_meta_compact' bounds (child_rel=[324.0,4.0], child_size=[160.0,56.0], child_end=[484.0,60.0], parent_size=[0.0,64.0], gap=12.0, start_offset=0.0)
[INFO] git: 141 ms (waited 0 ms for lock): git rev-parse
[INFO] commit patch cache hit for 0669b1622ab491ac63c7b99933b63bba249951ce
[WARN] Layout wrap: 'Review' in parent 'sidebar_review' - NoWrap set but would overflow (child_size=77.0, offset=44.0, container=48.0)
[WARN] Layout overflow: 'Review' extends outside parent 'sidebar_review' bounds (child_rel=[44.0,0.0], child_size=[77.0,52.0], child_end=[121.0,52.0], parent_size=[48.0,52.0], gap=12.0, start_offset=0.0)
[WARN] Layout wrap: 'Files' in parent 'sidebar_working_files' - NoWrap set but would overflow (child_size=50.0, offset=44.0, container=48.0)
[WARN] Layout overflow: 'Files' extends outside parent 'sidebar_working_files' bounds (child_rel=[44.0,0.0], child_size=[50.0,52.0], child_end=[94.0,52.0], parent_size=[48.0,52.0], gap=12.0, start_offset=0.0)
[WARN] Layout wrap: 'tree_review_progress' in parent 'changed_files_header' - NoWrap set but would overflow (child_size=128.0, offset=0.0, container=112.0)
[WARN] Layout overflow: 'tree_review_progress' extends outside parent 'changed_files_header' bounds (child_rel=[0.0,0.0], child_size=[128.0,64.0], child_end=[128.0,64.0], parent_size=[112.0,64.0], gap=0.0, start_offset=0.0)
[WARN] Layout wrap: 'tree_review_status:unreviewed' in parent 'commit_changed_file' - NoWrap set but would overflow (child_size=40.0, offset=64.0, container=100.0)
[WARN] Layout overflow: 'tree_review_status:unreviewed' extends outside parent 'commit_changed_file' bounds (child_rel=[64.0,0.0], child_size=[40.0,56.0], child_end=[104.0,56.0], parent_size=[100.0,56.0], gap=8.0, start_offset=0.0)
[WARN] Layout wrap: 'tree_additions' in parent 'commit_changed_file' - NoWrap set but would overflow (child_size=64.0, offset=112.0, container=100.0)
[WARN] Layout overflow: 'tree_additions' extends outside parent 'commit_changed_file' bounds (child_rel=[112.0,0.0], child_size=[64.0,56.0], child_end=[176.0,56.0], parent_size=[100.0,56.0], gap=8.0, start_offset=0.0)
[WARN] Layout wrap: 'history_branch' in parent 'log_header' - NoWrap set but would overflow (child_size=144.0, offset=0.0, container=112.0)
[WARN] Layout overflow: 'history_branch' extends outside parent 'log_header' bounds (child_rel=[0.0,0.0], child_size=[144.0,64.0], child_end=[144.0,64.0], parent_size=[112.0,64.0], gap=0.0, start_offset=0.0)
[WARN] Layout wrap: '' in parent '' - NoWrap set but would overflow (child_size=192.0, offset=16.0, container=96.0)
[WARN] Layout overflow: '' extends outside parent '' bounds (child_rel=[16.0,4.0], child_size=[192.0,40.0], child_end=[208.0,44.0], parent_size=[96.0,48.0], gap=16.0, start_offset=0.0)
[WARN] Layout wrap: 'Review' in parent 'sidebar_review' - NoWrap set but would overflow (child_size=77.0, offset=44.0, container=48.0)
[WARN] Layout overflow: 'Review' extends outside parent 'sidebar_review' bounds (child_rel=[44.0,0.0], child_size=[77.0,52.0], child_end=[121.0,52.0], parent_size=[48.0,52.0], gap=12.0, start_offset=0.0)
[WARN] Layout wrap: 'Files' in parent 'sidebar_working_files' - NoWrap set but would overflow (child_size=50.0, offset=44.0, container=48.0)
[WARN] Layout overflow: 'Files' extends outside parent 'sidebar_working_files' bounds (child_rel=[44.0,0.0], child_size=[50.0,52.0], child_end=[94.0,52.0], parent_size=[48.0,52.0], gap=12.0, start_offset=0.0)
[WARN] Layout wrap: 'tree_review_progress' in parent 'changed_files_header' - NoWrap set but would overflow (child_size=128.0, offset=0.0, container=112.0)
[WARN] Layout overflow: 'tree_review_progress' extends outside parent 'changed_files_header' bounds (child_rel=[0.0,0.0], child_size=[128.0,64.0], child_end=[128.0,64.0], parent_size=[112.0,64.0], gap=0.0, start_offset=0.0)
[WARN] Layout wrap: 'tree_review_status:unreviewed' in parent 'commit_changed_file' - NoWrap set but would overflow (child_size=40.0, offset=64.0, container=100.0)
[WARN] Layout overflow: 'tree_review_status:unreviewed' extends outside parent 'commit_changed_file' bounds (child_rel=[64.0,0.0], child_size=[40.0,56.0], child_end=[104.0,56.0], parent_size=[100.0,56.0], gap=8.0, start_offset=0.0)
[WARN] Layout wrap: 'tree_additions' in parent 'commit_changed_file' - NoWrap set but would overflow (child_size=64.0, offset=112.0, container=100.0)
[WARN] Layout overflow: 'tree_additions' extends outside parent 'commit_changed_file' bounds (child_rel=[112.0,0.0], child_size=[64.0,56.0], child_end=[176.0,56.0], parent_size=[100.0,56.0], gap=8.0, start_offset=0.0)
[WARN] Layout wrap: 'history_branch' in parent 'log_header' - NoWrap set but would overflow (child_size=144.0, offset=0.0, container=112.0)
[WARN] Layout overflow: 'history_branch' extends outside parent 'log_header' bounds (child_rel=[0.0,0.0], child_size=[144.0,64.0], child_end=[144.0,64.0], parent_size=[112.0,64.0], gap=0.0, start_offset=0.0)
[WARN] Layout wrap: '' in parent '' - NoWrap set but would overflow (child_size=192.0, offset=16.0, container=96.0)
[WARN] Layout overflow: '' extends outside parent '' bounds (child_rel=[16.0,4.0], child_size=[192.0,40.0], child_end=[208.0,44.0], parent_size=[96.0,48.0], gap=16.0, start_offset=0.0)
[WARN] Layout wrap: 'Review' in parent 'sidebar_review' - NoWrap set but would overflow (child_size=77.0, offset=44.0, container=48.0)
[WARN] Layout overflow: 'Review' extends outside parent 'sidebar_review' bounds (child_rel=[44.0,0.0], child_size=[77.0,52.0], child_end=[121.0,52.0], parent_size=[48.0,52.0], gap=12.0, start_offset=0.0)
[WARN] Layout wrap: 'Files' in parent 'sidebar_working_files' - NoWrap set but would overflow (child_size=50.0, offset=44.0, container=48.0)
[WARN] Layout overflow: 'Files' extends outside parent 'sidebar_working_files' bounds (child_rel=[44.0,0.0], child_size=[50.0,52.0], child_end=[94.0,52.0], parent_size=[48.0,52.0], gap=12.0, start_offset=0.0)
[WARN] Layout wrap: 'tree_review_progress' in parent 'changed_files_header' - NoWrap set but would overflow (child_size=128.0, offset=0.0, container=112.0)
[WARN] Layout overflow: 'tree_review_progress' extends outside parent 'changed_files_header' bounds (child_rel=[0.0,0.0], child_size=[128.0,64.0], child_end=[128.0,64.0], parent_size=[112.0,64.0], gap=0.0, start_offset=0.0)
[WARN] Layout wrap: 'tree_review_status:unreviewed' in parent 'commit_changed_file' - NoWrap set but would overflow (child_size=40.0, offset=64.0, container=100.0)
[WARN] Layout overflow: 'tree_review_status:unreviewed' extends outside parent 'commit_changed_file' bounds (child_rel=[64.0,0.0], child_size=[40.0,56.0], child_end=[104.0,56.0], parent_size=[100.0,56.0], gap=8.0, start_offset=0.0)
[WARN] Layout wrap: 'tree_additions' in parent 'commit_changed_file' - NoWrap set but would overflow (child_size=64.0, offset=112.0, container=100.0)
[WARN] Layout overflow: 'tree_additions' extends outside parent 'commit_changed_file' bounds (child_rel=[112.0,0.0], child_size=[64.0,56.0], child_end=[176.0,56.0], parent_size=[100.0,56.0], gap=8.0, start_offset=0.0)
[WARN] Layout wrap: 'history_branch' in parent 'log_header' - NoWrap set but would overflow (child_size=144.0, offset=0.0, container=112.0)
[WARN] Layout overflow: 'history_branch' extends outside parent 'log_header' bounds (child_rel=[0.0,0.0], child_size=[144.0,64.0], child_end=[144.0,64.0], parent_size=[112.0,64.0], gap=0.0, start_offset=0.0)
[WARN] Layout wrap: '' in parent '' - NoWrap set but would overflow (child_size=192.0, offset=16.0, container=96.0)
[WARN] Layout overflow: '' extends outside parent '' bounds (child_rel=[16.0,4.0], child_size=[192.0,40.0], child_end=[208.0,44.0], parent_size=[96.0,48.0], gap=16.0, start_offset=0.0)
[WARN] Layout wrap: 'Review' in parent 'sidebar_review' - NoWrap set but would overflow (child_size=77.0, offset=44.0, container=48.0)
[WARN] Layout overflow: 'Review' extends outside parent 'sidebar_review' bounds (child_rel=[44.0,0.0], child_size=[77.0,52.0], child_end=[121.0,52.0], parent_size=[48.0,52.0], gap=12.0, start_offset=0.0)
[WARN] Layout wrap: 'Files' in parent 'sidebar_working_files' - NoWrap set but would overflow (child_size=50.0, offset=44.0, container=48.0)
[WARN] Layout overflow: 'Files' extends outside parent 'sidebar_working_files' bounds (child_rel=[44.0,0.0], child_size=[50.0,52.0], child_end=[94.0,52.0], parent_size=[48.0,52.0], gap=12.0, start_offset=0.0)
[WARN] Layout wrap: 'tree_review_progress' in parent 'changed_files_header' - NoWrap set but would overflow (child_size=128.0, offset=0.0, container=112.0)
[WARN] Layout overflow: 'tree_review_progress' extends outside parent 'changed_files_header' bounds (child_rel=[0.0,0.0], child_size=[128.0,64.0], child_end=[128.0,64.0], parent_size=[112.0,64.0], gap=0.0, start_offset=0.0)
[WARN] Layout wrap: 'tree_review_status:unreviewed' in parent 'commit_changed_file' - NoWrap set but would overflow (child_size=40.0, offset=64.0, container=100.0)
[WARN] Layout overflow: 'tree_review_status:unreviewed' extends outside parent 'commit_changed_file' bounds (child_rel=[64.0,0.0], child_size=[40.0,56.0], child_end=[104.0,56.0], parent_size=[100.0,56.0], gap=8.0, start_offset=0.0)
[WARN] Layout wrap: 'tree_additions' in parent 'commit_changed_file' - NoWrap set but would overflow (child_size=64.0, offset=112.0, container=100.0)
[WARN] Layout overflow: 'tree_additions' extends outside parent 'commit_changed_file' bounds (child_rel=[112.0,0.0], child_size=[64.0,56.0], child_end=[176.0,56.0], parent_size=[100.0,56.0], gap=8.0, start_offset=0.0)
[WARN] Layout wrap: 'history_branch' in parent 'log_header' - NoWrap set but would overflow (child_size=144.0, offset=0.0, container=112.0)
[WARN] Layout overflow: 'history_branch' extends outside parent 'log_header' bounds (child_rel=[0.0,0.0], child_size=[144.0,64.0], child_end=[144.0,64.0], parent_size=[112.0,64.0], gap=0.0, start_offset=0.0)
[WARN] Layout wrap: '' in parent '' - NoWrap set but would overflow (child_size=192.0, offset=16.0, container=96.0)
[WARN] Layout overflow: '' extends outside parent '' bounds (child_rel=[16.0,4.0], child_size=[192.0,40.0], child_end=[208.0,44.0], parent_size=[96.0,48.0], gap=16.0, start_offset=0.0)
[WARN] Layout wrap: 'Review' in parent 'sidebar_review' - NoWrap set but would overflow (child_size=77.0, offset=44.0, container=48.0)
[WARN] Layout overflow: 'Review' extends outside parent 'sidebar_review' bounds (child_rel=[44.0,0.0], child_size=[77.0,52.0], child_end=[121.0,52.0], parent_size=[48.0,52.0], gap=12.0, start_offset=0.0)
[WARN] Layout wrap: 'Files' in parent 'sidebar_working_files' - NoWrap set but would overflow (child_size=50.0, offset=44.0, container=48.0)
[WARN] Layout overflow: 'Files' extends outside parent 'sidebar_working_files' bounds (child_rel=[44.0,0.0], child_size=[50.0,52.0], child_end=[94.0,52.0], parent_size=[48.0,52.0], gap=12.0, start_offset=0.0)
[WARN] Layout wrap: 'tree_review_progress' in parent 'changed_files_header' - NoWrap set but would overflow (child_size=128.0, offset=0.0, container=112.0)
[WARN] Layout overflow: 'tree_review_progress' extends outside parent 'changed_files_header' bounds (child_rel=[0.0,0.0], child_size=[128.0,64.0], child_end=[128.0,64.0], parent_size=[112.0,64.0], gap=0.0, start_offset=0.0)
[WARN] Layout wrap: 'tree_review_status:unreviewed' in parent 'commit_changed_file' - NoWrap set but would overflow (child_size=40.0, offset=64.0, container=100.0)
[WARN] Layout overflow: 'tree_review_status:unreviewed' extends outside parent 'commit_changed_file' bounds (child_rel=[64.0,0.0], child_size=[40.0,56.0], child_end=[104.0,56.0], parent_size=[100.0,56.0], gap=8.0, start_offset=0.0)
[WARN] Layout wrap: 'tree_additions' in parent 'commit_changed_file' - NoWrap set but would overflow (child_size=64.0, offset=112.0, container=100.0)
[WARN] Layout overflow: 'tree_additions' extends outside parent 'commit_changed_file' bounds (child_rel=[112.0,0.0], child_size=[64.0,56.0], child_end=[176.0,56.0], parent_size=[100.0,56.0], gap=8.0, start_offset=0.0)
[WARN] Layout wrap: 'history_branch' in parent 'log_header' - NoWrap set but would overflow (child_size=144.0, offset=0.0, container=112.0)
[WARN] Layout overflow: 'history_branch' extends outside parent 'log_header' bounds (child_rel=[0.0,0.0], child_size=[144.0,64.0], child_end=[144.0,64.0], parent_size=[112.0,64.0], gap=0.0, start_offset=0.0)
[WARN] Layout wrap: '' in parent '' - NoWrap set but would overflow (child_size=192.0, offset=16.0, container=96.0)
[WARN] Layout overflow: '' extends outside parent '' bounds (child_rel=[16.0,4.0], child_size=[192.0,40.0], child_end=[208.0,44.0], parent_size=[96.0,48.0], gap=16.0, start_offset=0.0)
[WARN] Layout wrap: 'Review' in parent 'sidebar_review' - NoWrap set but would overflow (child_size=77.0, offset=44.0, container=48.0)
[WARN] Layout overflow: 'Review' extends outside parent 'sidebar_review' bounds (child_rel=[44.0,0.0], child_size=[77.0,52.0], child_end=[121.0,52.0], parent_size=[48.0,52.0], gap=12.0, start_offset=0.0)
[WARN] Layout wrap: 'Files' in parent 'sidebar_working_files' - NoWrap set but would overflow (child_size=50.0, offset=44.0, container=48.0)
[WARN] Layout overflow: 'Files' extends outside parent 'sidebar_working_files' bounds (child_rel=[44.0,0.0], child_size=[50.0,52.0], child_end=[94.0,52.0], parent_size=[48.0,52.0], gap=12.0, start_offset=0.0)
[WARN] Layout wrap: 'tree_review_progress' in parent 'changed_files_header' - NoWrap set but would overflow (child_size=128.0, offset=0.0, container=112.0)
[WARN] Layout overflow: 'tree_review_progress' extends outside parent 'changed_files_header' bounds (child_rel=[0.0,0.0], child_size=[128.0,64.0], child_end=[128.0,64.0], parent_size=[112.0,64.0], gap=0.0, start_offset=0.0)
[WARN] Layout wrap: 'tree_review_status:unreviewed' in parent 'commit_changed_file' - NoWrap set but would overflow (child_size=40.0, offset=64.0, container=100.0)
[WARN] Layout overflow: 'tree_review_status:unreviewed' extends outside parent 'commit_changed_file' bounds (child_rel=[64.0,0.0], child_size=[40.0,56.0], child_end=[104.0,56.0], parent_size=[100.0,56.0], gap=8.0, start_offset=0.0)
[WARN] Layout wrap: 'tree_additions' in parent 'commit_changed_file' - NoWrap set but would overflow (child_size=64.0, offset=112.0, container=100.0)
[WARN] Layout overflow: 'tree_additions' extends outside parent 'commit_changed_file' bounds (child_rel=[112.0,0.0], child_size=[64.0,56.0], child_end=[176.0,56.0], parent_size=[100.0,56.0], gap=8.0, start_offset=0.0)
[WARN] Layout wrap: 'history_branch' in parent 'log_header' - NoWrap set but would overflow (child_size=144.0, offset=0.0, container=112.0)
[WARN] Layout overflow: 'history_branch' extends outside parent 'log_header' bounds (child_rel=[0.0,0.0], child_size=[144.0,64.0], child_end=[144.0,64.0], parent_size=[112.0,64.0], gap=0.0, start_offset=0.0)
[WARN] Layout wrap: '' in parent '' - NoWrap set but would overflow (child_size=192.0, offset=16.0, container=96.0)
[WARN] Layout overflow: '' extends outside parent '' bounds (child_rel=[16.0,4.0], child_size=[192.0,40.0], child_end=[208.0,44.0], parent_size=[96.0,48.0], gap=16.0, start_offset=0.0)
[WARN] Layout wrap: 'Review' in parent 'sidebar_review' - NoWrap set but would overflow (child_size=77.0, offset=44.0, container=48.0)
[WARN] Layout overflow: 'Review' extends outside parent 'sidebar_review' bounds (child_rel=[44.0,0.0], child_size=[77.0,52.0], child_end=[121.0,52.0], parent_size=[48.0,52.0], gap=12.0, start_offset=0.0)
[WARN] Layout wrap: 'Files' in parent 'sidebar_working_files' - NoWrap set but would overflow (child_size=50.0, offset=44.0, container=48.0)
[WARN] Layout overflow: 'Files' extends outside parent 'sidebar_working_files' bounds (child_rel=[44.0,0.0], child_size=[50.0,52.0], child_end=[94.0,52.0], parent_size=[48.0,52.0], gap=12.0, start_offset=0.0)
[WARN] Layout wrap: 'tree_review_progress' in parent 'changed_files_header' - NoWrap set but would overflow (child_size=128.0, offset=0.0, container=112.0)
[WARN] Layout overflow: 'tree_review_progress' extends outside parent 'changed_files_header' bounds (child_rel=[0.0,0.0], child_size=[128.0,64.0], child_end=[128.0,64.0], parent_size=[112.0,64.0], gap=0.0, start_offset=0.0)
[WARN] Layout wrap: 'tree_review_status:unreviewed' in parent 'commit_changed_file' - NoWrap set but would overflow (child_size=40.0, offset=64.0, container=100.0)
[WARN] Layout overflow: 'tree_review_status:unreviewed' extends outside parent 'commit_changed_file' bounds (child_rel=[64.0,0.0], child_size=[40.0,56.0], child_end=[104.0,56.0], parent_size=[100.0,56.0], gap=8.0, start_offset=0.0)
[WARN] Layout wrap: 'tree_additions' in parent 'commit_changed_file' - NoWrap set but would overflow (child_size=64.0, offset=112.0, container=100.0)
[WARN] Layout overflow: 'tree_additions' extends outside parent 'commit_changed_file' bounds (child_rel=[112.0,0.0], child_size=[64.0,56.0], child_end=[176.0,56.0], parent_size=[100.0,56.0], gap=8.0, start_offset=0.0)
[WARN] Layout wrap: 'history_branch' in parent 'log_header' - NoWrap set but would overflow (child_size=144.0, offset=0.0, container=112.0)
[WARN] Layout overflow: 'history_branch' extends outside parent 'log_header' bounds (child_rel=[0.0,0.0], child_size=[144.0,64.0], child_end=[144.0,64.0], parent_size=[112.0,64.0], gap=0.0, start_offset=0.0)
[WARN] Layout wrap: '' in parent '' - NoWrap set but would overflow (child_size=192.0, offset=16.0, container=96.0)
[WARN] Layout overflow: '' extends outside parent '' bounds (child_rel=[16.0,4.0], child_size=[192.0,40.0], child_end=[208.0,44.0], parent_size=[96.0,48.0], gap=16.0, start_offset=0.0)
[WARN] Layout wrap: 'Review' in parent 'sidebar_review' - NoWrap set but would overflow (child_size=77.0, offset=44.0, container=48.0)
[WARN] Layout overflow: 'Review' extends outside parent 'sidebar_review' bounds (child_rel=[44.0,0.0], child_size=[77.0,52.0], child_end=[121.0,52.0], parent_size=[48.0,52.0], gap=12.0, start_offset=0.0)
[WARN] Layout wrap: 'Files' in parent 'sidebar_working_files' - NoWrap set but would overflow (child_size=50.0, offset=44.0, container=48.0)
[WARN] Layout overflow: 'Files' extends outside parent 'sidebar_working_files' bounds (child_rel=[44.0,0.0], child_size=[50.0,52.0], child_end=[94.0,52.0], parent_size=[48.0,52.0], gap=12.0, start_offset=0.0)
[WARN] Layout wrap: 'tree_review_progress' in parent 'changed_files_header' - NoWrap set but would overflow (child_size=128.0, offset=0.0, container=112.0)
[WARN] Layout overflow: 'tree_review_progress' extends outside parent 'changed_files_header' bounds (child_rel=[0.0,0.0], child_size=[128.0,64.0], child_end=[128.0,64.0], parent_size=[112.0,64.0], gap=0.0, start_offset=0.0)
[WARN] Layout wrap: 'tree_review_status:unreviewed' in parent 'commit_changed_file' - NoWrap set but would overflow (child_size=40.0, offset=64.0, container=100.0)
[WARN] Layout overflow: 'tree_review_status:unreviewed' extends outside parent 'commit_changed_file' bounds (child_rel=[64.0,0.0], child_size=[40.0,56.0], child_end=[104.0,56.0], parent_size=[100.0,56.0], gap=8.0, start_offset=0.0)
[WARN] Layout wrap: 'tree_additions' in parent 'commit_changed_file' - NoWrap set but would overflow (child_size=64.0, offset=112.0, container=100.0)
[WARN] Layout overflow: 'tree_additions' extends outside parent 'commit_changed_file' bounds (child_rel=[112.0,0.0], child_size=[64.0,56.0], child_end=[176.0,56.0], parent_size=[100.0,56.0], gap=8.0, start_offset=0.0)
[WARN] Layout wrap: 'history_branch' in parent 'log_header' - NoWrap set but would overflow (child_size=144.0, offset=0.0, container=112.0)
[WARN] Layout overflow: 'history_branch' extends outside parent 'log_header' bounds (child_rel=[0.0,0.0], child_size=[144.0,64.0], child_end=[144.0,64.0], parent_size=[112.0,64.0], gap=0.0, start_offset=0.0)
[WARN] Layout wrap: '' in parent '' - NoWrap set but would overflow (child_size=192.0, offset=16.0, container=96.0)
[WARN] Layout overflow: '' extends outside parent '' bounds (child_rel=[16.0,4.0], child_size=[192.0,40.0], child_end=[208.0,44.0], parent_size=[96.0,48.0], gap=16.0, start_offset=0.0)
[WARN] Layout wrap: 'Review' in parent 'sidebar_review' - NoWrap set but would overflow (child_size=77.0, offset=44.0, container=48.0)
[WARN] Layout overflow: 'Review' extends outside parent 'sidebar_review' bounds (child_rel=[44.0,0.0], child_size=[77.0,52.0], child_end=[121.0,52.0], parent_size=[48.0,52.0], gap=12.0, start_offset=0.0)
[WARN] Layout wrap: 'Files' in parent 'sidebar_working_files' - NoWrap set but would overflow (child_size=50.0, offset=44.0, container=48.0)
[WARN] Layout overflow: 'Files' extends outside parent 'sidebar_working_files' bounds (child_rel=[44.0,0.0], child_size=[50.0,52.0], child_end=[94.0,52.0], parent_size=[48.0,52.0], gap=12.0, start_offset=0.0)
[WARN] Layout wrap: 'tree_review_progress' in parent 'changed_files_header' - NoWrap set but would overflow (child_size=128.0, offset=0.0, container=112.0)
[WARN] Layout overflow: 'tree_review_progress' extends outside parent 'changed_files_header' bounds (child_rel=[0.0,0.0], child_size=[128.0,64.0], child_end=[128.0,64.0], parent_size=[112.0,64.0], gap=0.0, start_offset=0.0)
[WARN] Layout wrap: 'tree_review_status:unreviewed' in parent 'commit_changed_file' - NoWrap set but would overflow (child_size=40.0, offset=64.0, container=100.0)
[WARN] Layout overflow: 'tree_review_status:unreviewed' extends outside parent 'commit_changed_file' bounds (child_rel=[64.0,0.0], child_size=[40.0,56.0], child_end=[104.0,56.0], parent_size=[100.0,56.0], gap=8.0, start_offset=0.0)
[WARN] Layout wrap: 'tree_additions' in parent 'commit_changed_file' - NoWrap set but would overflow (child_size=64.0, offset=112.0, container=100.0)
[WARN] Layout overflow: 'tree_additions' extends outside parent 'commit_changed_file' bounds (child_rel=[112.0,0.0], child_size=[64.0,56.0], child_end=[176.0,56.0], parent_size=[100.0,56.0], gap=8.0, start_offset=0.0)
[WARN] Layout wrap: 'history_branch' in parent 'log_header' - NoWrap set but would overflow (child_size=144.0, offset=0.0, container=112.0)
[WARN] Layout overflow: 'history_branch' extends outside parent 'log_header' bounds (child_rel=[0.0,0.0], child_size=[144.0,64.0], child_end=[144.0,64.0], parent_size=[112.0,64.0], gap=0.0, start_offset=0.0)
[WARN] Layout wrap: '' in parent '' - NoWrap set but would overflow (child_size=192.0, offset=16.0, container=96.0)
[WARN] Layout overflow: '' extends outside parent '' bounds (child_rel=[16.0,4.0], child_size=[192.0,40.0], child_end=[208.0,44.0], parent_size=[96.0,48.0], gap=16.0, start_offset=0.0)
[WARN] Layout wrap: 'Review' in parent 'sidebar_review' - NoWrap set but would overflow (child_size=77.0, offset=44.0, container=48.0)
[WARN] Layout overflow: 'Review' extends outside parent 'sidebar_review' bounds (child_rel=[44.0,0.0], child_size=[77.0,52.0], child_end=[121.0,52.0], parent_size=[48.0,52.0], gap=12.0, start_offset=0.0)
[WARN] Layout wrap: 'Files' in parent 'sidebar_working_files' - NoWrap set but would overflow (child_size=50.0, offset=44.0, container=48.0)
[WARN] Layout overflow: 'Files' extends outside parent 'sidebar_working_files' bounds (child_rel=[44.0,0.0], child_size=[50.0,52.0], child_end=[94.0,52.0], parent_size=[48.0,52.0], gap=12.0, start_offset=0.0)
[WARN] Layout wrap: 'tree_review_progress' in parent 'changed_files_header' - NoWrap set but would overflow (child_size=128.0, offset=0.0, container=112.0)
[WARN] Layout overflow: 'tree_review_progress' extends outside parent 'changed_files_header' bounds (child_rel=[0.0,0.0], child_size=[128.0,64.0], child_end=[128.0,64.0], parent_size=[112.0,64.0], gap=0.0, start_offset=0.0)
[WARN] Layout wrap: 'tree_review_status:unreviewed' in parent 'commit_changed_file' - NoWrap set but would overflow (child_size=40.0, offset=64.0, container=100.0)
[WARN] Layout overflow: 'tree_review_status:unreviewed' extends outside parent 'commit_changed_file' bounds (child_rel=[64.0,0.0], child_size=[40.0,56.0], child_end=[104.0,56.0], parent_size=[100.0,56.0], gap=8.0, start_offset=0.0)
[WARN] Layout wrap: 'tree_additions' in parent 'commit_changed_file' - NoWrap set but would overflow (child_size=64.0, offset=112.0, container=100.0)
[WARN] Layout overflow: 'tree_additions' extends outside parent 'commit_changed_file' bounds (child_rel=[112.0,0.0], child_size=[64.0,56.0], child_end=[176.0,56.0], parent_size=[100.0,56.0], gap=8.0, start_offset=0.0)
[WARN] Layout wrap: 'history_branch' in parent 'log_header' - NoWrap set but would overflow (child_size=144.0, offset=0.0, container=112.0)
[WARN] Layout overflow: 'history_branch' extends outside parent 'log_header' bounds (child_rel=[0.0,0.0], child_size=[144.0,64.0], child_end=[144.0,64.0], parent_size=[112.0,64.0], gap=0.0, start_offset=0.0)
[WARN] Layout wrap: '' in parent '' - NoWrap set but would overflow (child_size=192.0, offset=16.0, container=96.0)
[WARN] Layout overflow: '' extends outside parent '' bounds (child_rel=[16.0,4.0], child_size=[192.0,40.0], child_end=[208.0,44.0], parent_size=[96.0,48.0], gap=16.0, start_offset=0.0)
[WARN] Layout wrap: 'Review' in parent 'sidebar_review' - NoWrap set but would overflow (child_size=77.0, offset=44.0, container=48.0)
[WARN] Layout overflow: 'Review' extends outside parent 'sidebar_review' bounds (child_rel=[44.0,0.0], child_size=[77.0,52.0], child_end=[121.0,52.0], parent_size=[48.0,52.0], gap=12.0, start_offset=0.0)
[WARN] Layout wrap: 'Files' in parent 'sidebar_working_files' - NoWrap set but would overflow (child_size=50.0, offset=44.0, container=48.0)
[WARN] Layout overflow: 'Files' extends outside parent 'sidebar_working_files' bounds (child_rel=[44.0,0.0], child_size=[50.0,52.0], child_end=[94.0,52.0], parent_size=[48.0,52.0], gap=12.0, start_offset=0.0)
[WARN] Layout wrap: 'tree_review_progress' in parent 'changed_files_header' - NoWrap set but would overflow (child_size=128.0, offset=0.0, container=112.0)
[WARN] Layout overflow: 'tree_review_progress' extends outside parent 'changed_files_header' bounds (child_rel=[0.0,0.0], child_size=[128.0,64.0], child_end=[128.0,64.0], parent_size=[112.0,64.0], gap=0.0, start_offset=0.0)
[WARN] Layout wrap: 'tree_review_status:unreviewed' in parent 'commit_changed_file' - NoWrap set but would overflow (child_size=40.0, offset=64.0, container=100.0)
[WARN] Layout overflow: 'tree_review_status:unreviewed' extends outside parent 'commit_changed_file' bounds (child_rel=[64.0,0.0], child_size=[40.0,56.0], child_end=[104.0,56.0], parent_size=[100.0,56.0], gap=8.0, start_offset=0.0)
[WARN] Layout wrap: 'tree_additions' in parent 'commit_changed_file' - NoWrap set but would overflow (child_size=64.0, offset=112.0, container=100.0)
[WARN] Layout overflow: 'tree_additions' extends outside parent 'commit_changed_file' bounds (child_rel=[112.0,0.0], child_size=[64.0,56.0], child_end=[176.0,56.0], parent_size=[100.0,56.0], gap=8.0, start_offset=0.0)
[WARN] Layout wrap: 'history_branch' in parent 'log_header' - NoWrap set but would overflow (child_size=144.0, offset=0.0, container=112.0)
[WARN] Layout overflow: 'history_branch' extends outside parent 'log_header' bounds (child_rel=[0.0,0.0], child_size=[144.0,64.0], child_end=[144.0,64.0], parent_size=[112.0,64.0], gap=0.0, start_offset=0.0)
[WARN] Layout wrap: '' in parent '' - NoWrap set but would overflow (child_size=192.0, offset=16.0, container=96.0)
[WARN] Layout overflow: '' extends outside parent '' bounds (child_rel=[16.0,4.0], child_size=[192.0,40.0], child_end=[208.0,44.0], parent_size=[96.0,48.0], gap=16.0, start_offset=0.0)
[WARN] Layout wrap: 'Review' in parent 'sidebar_review' - NoWrap set but would overflow (child_size=77.0, offset=44.0, container=48.0)
[WARN] Layout overflow: 'Review' extends outside parent 'sidebar_review' bounds (child_rel=[44.0,0.0], child_size=[77.0,52.0], child_end=[121.0,52.0], parent_size=[48.0,52.0], gap=12.0, start_offset=0.0)
[WARN] Layout wrap: 'Files' in parent 'sidebar_working_files' - NoWrap set but would overflow (child_size=50.0, offset=44.0, container=48.0)
[WARN] Layout overflow: 'Files' extends outside parent 'sidebar_working_files' bounds (child_rel=[44.0,0.0], child_size=[50.0,52.0], child_end=[94.0,52.0], parent_size=[48.0,52.0], gap=12.0, start_offset=0.0)
[WARN] Layout wrap: 'tree_review_progress' in parent 'changed_files_header' - NoWrap set but would overflow (child_size=128.0, offset=0.0, container=112.0)
[WARN] Layout overflow: 'tree_review_progress' extends outside parent 'changed_files_header' bounds (child_rel=[0.0,0.0], child_size=[128.0,64.0], child_end=[128.0,64.0], parent_size=[112.0,64.0], gap=0.0, start_offset=0.0)
[WARN] Layout wrap: 'tree_review_status:unreviewed' in parent 'commit_changed_file' - NoWrap set but would overflow (child_size=40.0, offset=64.0, container=100.0)
[WARN] Layout overflow: 'tree_review_status:unreviewed' extends outside parent 'commit_changed_file' bounds (child_rel=[64.0,0.0], child_size=[40.0,56.0], child_end=[104.0,56.0], parent_size=[100.0,56.0], gap=8.0, start_offset=0.0)
[WARN] Layout wrap: 'tree_additions' in parent 'commit_changed_file' - NoWrap set but would overflow (child_size=64.0, offset=112.0, container=100.0)
[WARN] Layout overflow: 'tree_additions' extends outside parent 'commit_changed_file' bounds (child_rel=[112.0,0.0], child_size=[64.0,56.0], child_end=[176.0,56.0], parent_size=[100.0,56.0], gap=8.0, start_offset=0.0)
[WARN] Layout wrap: 'history_branch' in parent 'log_header' - NoWrap set but would overflow (child_size=144.0, offset=0.0, container=112.0)
[WARN] Layout overflow: 'history_branch' extends outside parent 'log_header' bounds (child_rel=[0.0,0.0], child_size=[144.0,64.0], child_end=[144.0,64.0], parent_size=[112.0,64.0], gap=0.0, start_offset=0.0)
[WARN] Layout wrap: '' in parent '' - NoWrap set but would overflow (child_size=192.0, offset=16.0, container=96.0)
[WARN] Layout overflow: '' extends outside parent '' bounds (child_rel=[16.0,4.0], child_size=[192.0,40.0], child_end=[208.0,44.0], parent_size=[96.0,48.0], gap=16.0, start_offset=0.0)
[WARN] Layout wrap: 'Review' in parent 'sidebar_review' - NoWrap set but would overflow (child_size=77.0, offset=44.0, container=48.0)
[WARN] Layout overflow: 'Review' extends outside parent 'sidebar_review' bounds (child_rel=[44.0,0.0], child_size=[77.0,52.0], child_end=[121.0,52.0], parent_size=[48.0,52.0], gap=12.0, start_offset=0.0)
[WARN] Layout wrap: 'Files' in parent 'sidebar_working_files' - NoWrap set but would overflow (child_size=50.0, offset=44.0, container=48.0)
[WARN] Layout overflow: 'Files' extends outside parent 'sidebar_working_files' bounds (child_rel=[44.0,0.0], child_size=[50.0,52.0], child_end=[94.0,52.0], parent_size=[48.0,52.0], gap=12.0, start_offset=0.0)
[WARN] Layout wrap: 'tree_review_progress' in parent 'changed_files_header' - NoWrap set but would overflow (child_size=128.0, offset=0.0, container=112.0)
[WARN] Layout overflow: 'tree_review_progress' extends outside parent 'changed_files_header' bounds (child_rel=[0.0,0.0], child_size=[128.0,64.0], child_end=[128.0,64.0], parent_size=[112.0,64.0], gap=0.0, start_offset=0.0)
[WARN] Layout wrap: 'tree_review_status:unreviewed' in parent 'commit_changed_file' - NoWrap set but would overflow (child_size=40.0, offset=64.0, container=100.0)
[WARN] Layout overflow: 'tree_review_status:unreviewed' extends outside parent 'commit_changed_file' bounds (child_rel=[64.0,0.0], child_size=[40.0,56.0], child_end=[104.0,56.0], parent_size=[100.0,56.0], gap=8.0, start_offset=0.0)
[WARN] Layout wrap: 'tree_additions' in parent 'commit_changed_file' - NoWrap set but would overflow (child_size=64.0, offset=112.0, container=100.0)
[WARN] Layout overflow: 'tree_additions' extends outside parent 'commit_changed_file' bounds (child_rel=[112.0,0.0], child_size=[64.0,56.0], child_end=[176.0,56.0], parent_size=[100.0,56.0], gap=8.0, start_offset=0.0)
[WARN] Layout wrap: 'history_branch' in parent 'log_header' - NoWrap set but would overflow (child_size=144.0, offset=0.0, container=112.0)
[WARN] Layout overflow: 'history_branch' extends outside parent 'log_header' bounds (child_rel=[0.0,0.0], child_size=[144.0,64.0], child_end=[144.0,64.0], parent_size=[112.0,64.0], gap=0.0, start_offset=0.0)
[WARN] Layout wrap: '' in parent '' - NoWrap set but would overflow (child_size=192.0, offset=16.0, container=96.0)
[WARN] Layout overflow: '' extends outside parent '' bounds (child_rel=[16.0,4.0], child_size=[192.0,40.0], child_end=[208.0,44.0], parent_size=[96.0,48.0], gap=16.0, start_offset=0.0)
[WARN] Layout wrap: 'Review' in parent 'sidebar_review' - NoWrap set but would overflow (child_size=77.0, offset=44.0, container=48.0)
[WARN] Layout overflow: 'Review' extends outside parent 'sidebar_review' bounds (child_rel=[44.0,0.0], child_size=[77.0,52.0], child_end=[121.0,52.0], parent_size=[48.0,52.0], gap=12.0, start_offset=0.0)
[WARN] Layout wrap: 'Files' in parent 'sidebar_working_files' - NoWrap set but would overflow (child_size=50.0, offset=44.0, container=48.0)
[WARN] Layout overflow: 'Files' extends outside parent 'sidebar_working_files' bounds (child_rel=[44.0,0.0], child_size=[50.0,52.0], child_end=[94.0,52.0], parent_size=[48.0,52.0], gap=12.0, start_offset=0.0)
[WARN] Layout wrap: 'tree_review_progress' in parent 'changed_files_header' - NoWrap set but would overflow (child_size=128.0, offset=0.0, container=112.0)
[WARN] Layout overflow: 'tree_review_progress' extends outside parent 'changed_files_header' bounds (child_rel=[0.0,0.0], child_size=[128.0,64.0], child_end=[128.0,64.0], parent_size=[112.0,64.0], gap=0.0, start_offset=0.0)
[WARN] Layout wrap: 'tree_review_status:unreviewed' in parent 'commit_changed_file' - NoWrap set but would overflow (child_size=40.0, offset=64.0, container=100.0)
[WARN] Layout overflow: 'tree_review_status:unreviewed' extends outside parent 'commit_changed_file' bounds (child_rel=[64.0,0.0], child_size=[40.0,56.0], child_end=[104.0,56.0], parent_size=[100.0,56.0], gap=8.0, start_offset=0.0)
[WARN] Layout wrap: 'tree_additions' in parent 'commit_changed_file' - NoWrap set but would overflow (child_size=64.0, offset=112.0, container=100.0)
[WARN] Layout overflow: 'tree_additions' extends outside parent 'commit_changed_file' bounds (child_rel=[112.0,0.0], child_size=[64.0,56.0], child_end=[176.0,56.0], parent_size=[100.0,56.0], gap=8.0, start_offset=0.0)
[WARN] Layout wrap: 'history_branch' in parent 'log_header' - NoWrap set but would overflow (child_size=144.0, offset=0.0, container=112.0)
[WARN] Layout overflow: 'history_branch' extends outside parent 'log_header' bounds (child_rel=[0.0,0.0], child_size=[144.0,64.0], child_end=[144.0,64.0], parent_size=[112.0,64.0], gap=0.0, start_offset=0.0)
[WARN] Layout wrap: '' in parent '' - NoWrap set but would overflow (child_size=192.0, offset=16.0, container=96.0)
[WARN] Layout overflow: '' extends outside parent '' bounds (child_rel=[16.0,4.0], child_size=[192.0,40.0], child_end=[208.0,44.0], parent_size=[96.0,48.0], gap=16.0, start_offset=0.0)
[WARN] Layout wrap: 'Review' in parent 'sidebar_review' - NoWrap set but would overflow (child_size=77.0, offset=44.0, container=48.0)
[WARN] Layout overflow: 'Review' extends outside parent 'sidebar_review' bounds (child_rel=[44.0,0.0], child_size=[77.0,52.0], child_end=[121.0,52.0], parent_size=[48.0,52.0], gap=12.0, start_offset=0.0)
[WARN] Layout wrap: 'Files' in parent 'sidebar_working_files' - NoWrap set but would overflow (child_size=50.0, offset=44.0, container=48.0)
[WARN] Layout overflow: 'Files' extends outside parent 'sidebar_working_files' bounds (child_rel=[44.0,0.0], child_size=[50.0,52.0], child_end=[94.0,52.0], parent_size=[48.0,52.0], gap=12.0, start_offset=0.0)
[WARN] Layout wrap: 'tree_review_progress' in parent 'changed_files_header' - NoWrap set but would overflow (child_size=128.0, offset=0.0, container=112.0)
[WARN] Layout overflow: 'tree_review_progress' extends outside parent 'changed_files_header' bounds (child_rel=[0.0,0.0], child_size=[128.0,64.0], child_end=[128.0,64.0], parent_size=[112.0,64.0], gap=0.0, start_offset=0.0)
[WARN] Layout wrap: 'tree_review_status:unreviewed' in parent 'commit_changed_file' - NoWrap set but would overflow (child_size=40.0, offset=64.0, container=100.0)
[WARN] Layout overflow: 'tree_review_status:unreviewed' extends outside parent 'commit_changed_file' bounds (child_rel=[64.0,0.0], child_size=[40.0,56.0], child_end=[104.0,56.0], parent_size=[100.0,56.0], gap=8.0, start_offset=0.0)
[WARN] Layout wrap: 'tree_additions' in parent 'commit_changed_file' - NoWrap set but would overflow (child_size=64.0, offset=112.0, container=100.0)
[WARN] Layout overflow: 'tree_additions' extends outside parent 'commit_changed_file' bounds (child_rel=[112.0,0.0], child_size=[64.0,56.0], child_end=[176.0,56.0], parent_size=[100.0,56.0], gap=8.0, start_offset=0.0)
[WARN] Layout wrap: 'history_branch' in parent 'log_header' - NoWrap set but would overflow (child_size=144.0, offset=0.0, container=112.0)
[WARN] Layout overflow: 'history_branch' extends outside parent 'log_header' bounds (child_rel=[0.0,0.0], child_size=[144.0,64.0], child_end=[144.0,64.0], parent_size=[112.0,64.0], gap=0.0, start_offset=0.0)
[WARN] Layout wrap: '' in parent '' - NoWrap set but would overflow (child_size=192.0, offset=16.0, container=96.0)
[WARN] Layout overflow: '' extends outside parent '' bounds (child_rel=[16.0,4.0], child_size=[192.0,40.0], child_end=[208.0,44.0], parent_size=[96.0,48.0], gap=16.0, start_offset=0.0)
[WARN] Layout wrap: 'Review' in parent 'sidebar_review' - NoWrap set but would overflow (child_size=77.0, offset=44.0, container=48.0)
[WARN] Layout overflow: 'Review' extends outside parent 'sidebar_review' bounds (child_rel=[44.0,0.0], child_size=[77.0,52.0], child_end=[121.0,52.0], parent_size=[48.0,52.0], gap=12.0, start_offset=0.0)
[WARN] Layout wrap: 'Files' in parent 'sidebar_working_files' - NoWrap set but would overflow (child_size=50.0, offset=44.0, container=48.0)
[WARN] Layout overflow: 'Files' extends outside parent 'sidebar_working_files' bounds (child_rel=[44.0,0.0], child_size=[50.0,52.0], child_end=[94.0,52.0], parent_size=[48.0,52.0], gap=12.0, start_offset=0.0)
[WARN] Layout wrap: 'tree_review_progress' in parent 'changed_files_header' - NoWrap set but would overflow (child_size=128.0, offset=0.0, container=112.0)
[WARN] Layout overflow: 'tree_review_progress' extends outside parent 'changed_files_header' bounds (child_rel=[0.0,0.0], child_size=[128.0,64.0], child_end=[128.0,64.0], parent_size=[112.0,64.0], gap=0.0, start_offset=0.0)
[WARN] Layout wrap: 'tree_review_status:unreviewed' in parent 'commit_changed_file' - NoWrap set but would overflow (child_size=40.0, offset=64.0, container=100.0)
[WARN] Layout overflow: 'tree_review_status:unreviewed' extends outside parent 'commit_changed_file' bounds (child_rel=[64.0,0.0], child_size=[40.0,56.0], child_end=[104.0,56.0], parent_size=[100.0,56.0], gap=8.0, start_offset=0.0)
[WARN] Layout wrap: 'tree_additions' in parent 'commit_changed_file' - NoWrap set but would overflow (child_size=64.0, offset=112.0, container=100.0)
[WARN] Layout overflow: 'tree_additions' extends outside parent 'commit_changed_file' bounds (child_rel=[112.0,0.0], child_size=[64.0,56.0], child_end=[176.0,56.0], parent_size=[100.0,56.0], gap=8.0, start_offset=0.0)
[WARN] Layout wrap: 'history_branch' in parent 'log_header' - NoWrap set but would overflow (child_size=144.0, offset=0.0, container=112.0)
[WARN] Layout overflow: 'history_branch' extends outside parent 'log_header' bounds (child_rel=[0.0,0.0], child_size=[144.0,64.0], child_end=[144.0,64.0], parent_size=[112.0,64.0], gap=0.0, start_offset=0.0)
[WARN] Layout wrap: '' in parent '' - NoWrap set but would overflow (child_size=192.0, offset=16.0, container=96.0)
[WARN] Layout overflow: '' extends outside parent '' bounds (child_rel=[16.0,4.0], child_size=[192.0,40.0], child_end=[208.0,44.0], parent_size=[96.0,48.0], gap=16.0, start_offset=0.0)
[WARN] Layout wrap: 'Review' in parent 'sidebar_review' - NoWrap set but would overflow (child_size=77.0, offset=44.0, container=48.0)
[WARN] Layout overflow: 'Review' extends outside parent 'sidebar_review' bounds (child_rel=[44.0,0.0], child_size=[77.0,52.0], child_end=[121.0,52.0], parent_size=[48.0,52.0], gap=12.0, start_offset=0.0)
[WARN] Layout wrap: 'Files' in parent 'sidebar_working_files' - NoWrap set but would overflow (child_size=50.0, offset=44.0, container=48.0)
[WARN] Layout overflow: 'Files' extends outside parent 'sidebar_working_files' bounds (child_rel=[44.0,0.0], child_size=[50.0,52.0], child_end=[94.0,52.0], parent_size=[48.0,52.0], gap=12.0, start_offset=0.0)
[WARN] Layout wrap: 'tree_review_progress' in parent 'changed_files_header' - NoWrap set but would overflow (child_size=128.0, offset=0.0, container=112.0)
[WARN] Layout overflow: 'tree_review_progress' extends outside parent 'changed_files_header' bounds (child_rel=[0.0,0.0], child_size=[128.0,64.0], child_end=[128.0,64.0], parent_size=[112.0,64.0], gap=0.0, start_offset=0.0)
[WARN] Layout wrap: 'tree_review_status:unreviewed' in parent 'commit_changed_file' - NoWrap set but would overflow (child_size=40.0, offset=64.0, container=100.0)
[WARN] Layout overflow: 'tree_review_status:unreviewed' extends outside parent 'commit_changed_file' bounds (child_rel=[64.0,0.0], child_size=[40.0,56.0], child_end=[104.0,56.0], parent_size=[100.0,56.0], gap=8.0, start_offset=0.0)
[WARN] Layout wrap: 'tree_additions' in parent 'commit_changed_file' - NoWrap set but would overflow (child_size=64.0, offset=112.0, container=100.0)
[WARN] Layout overflow: 'tree_additions' extends outside parent 'commit_changed_file' bounds (child_rel=[112.0,0.0], child_size=[64.0,56.0], child_end=[176.0,56.0], parent_size=[100.0,56.0], gap=8.0, start_offset=0.0)
[WARN] Layout wrap: 'history_branch' in parent 'log_header' - NoWrap set but would overflow (child_size=144.0, offset=0.0, container=112.0)
[WARN] Layout overflow: 'history_branch' extends outside parent 'log_header' bounds (child_rel=[0.0,0.0], child_size=[144.0,64.0], child_end=[144.0,64.0], parent_size=[112.0,64.0], gap=0.0, start_offset=0.0)
[WARN] Layout wrap: '' in parent '' - NoWrap set but would overflow (child_size=192.0, offset=16.0, container=96.0)
[WARN] Layout overflow: '' extends outside parent '' bounds (child_rel=[16.0,4.0], child_size=[192.0,40.0], child_end=[208.0,44.0], parent_size=[96.0,48.0], gap=16.0, start_offset=0.0)
[WARN] Layout wrap: 'Review' in parent 'sidebar_review' - NoWrap set but would overflow (child_size=77.0, offset=44.0, container=48.0)
[WARN] Layout overflow: 'Review' extends outside parent 'sidebar_review' bounds (child_rel=[44.0,0.0], child_size=[77.0,52.0], child_end=[121.0,52.0], parent_size=[48.0,52.0], gap=12.0, start_offset=0.0)
[WARN] Layout wrap: 'Files' in parent 'sidebar_working_files' - NoWrap set but would overflow (child_size=50.0, offset=44.0, container=48.0)
[WARN] Layout overflow: 'Files' extends outside parent 'sidebar_working_files' bounds (child_rel=[44.0,0.0], child_size=[50.0,52.0], child_end=[94.0,52.0], parent_size=[48.0,52.0], gap=12.0, start_offset=0.0)
[WARN] Layout wrap: 'tree_review_progress' in parent 'changed_files_header' - NoWrap set but would overflow (child_size=128.0, offset=0.0, container=112.0)
[WARN] Layout overflow: 'tree_review_progress' extends outside parent 'changed_files_header' bounds (child_rel=[0.0,0.0], child_size=[128.0,64.0], child_end=[128.0,64.0], parent_size=[112.0,64.0], gap=0.0, start_offset=0.0)
[WARN] Layout wrap: 'tree_review_status:unreviewed' in parent 'commit_changed_file' - NoWrap set but would overflow (child_size=40.0, offset=64.0, container=100.0)
[WARN] Layout overflow: 'tree_review_status:unreviewed' extends outside parent 'commit_changed_file' bounds (child_rel=[64.0,0.0], child_size=[40.0,56.0], child_end=[104.0,56.0], parent_size=[100.0,56.0], gap=8.0, start_offset=0.0)
[WARN] Layout wrap: 'tree_additions' in parent 'commit_changed_file' - NoWrap set but would overflow (child_size=64.0, offset=112.0, container=100.0)
[WARN] Layout overflow: 'tree_additions' extends outside parent 'commit_changed_file' bounds (child_rel=[112.0,0.0], child_size=[64.0,56.0], child_end=[176.0,56.0], parent_size=[100.0,56.0], gap=8.0, start_offset=0.0)
[WARN] Layout wrap: 'history_branch' in parent 'log_header' - NoWrap set but would overflow (child_size=144.0, offset=0.0, container=112.0)
[WARN] Layout overflow: 'history_branch' extends outside parent 'log_header' bounds (child_rel=[0.0,0.0], child_size=[144.0,64.0], child_end=[144.0,64.0], parent_size=[112.0,64.0], gap=0.0, start_offset=0.0)
[WARN] Layout wrap: '' in parent '' - NoWrap set but would overflow (child_size=192.0, offset=16.0, container=96.0)
[WARN] Layout overflow: '' extends outside parent '' bounds (child_rel=[16.0,4.0], child_size=[192.0,40.0], child_end=[208.0,44.0], parent_size=[96.0,48.0], gap=16.0, start_offset=0.0)
[WARN] Layout wrap: 'Review' in parent 'sidebar_review' - NoWrap set but would overflow (child_size=77.0, offset=44.0, container=48.0)
[WARN] Layout overflow: 'Review' extends outside parent 'sidebar_review' bounds (child_rel=[44.0,0.0], child_size=[77.0,52.0], child_end=[121.0,52.0], parent_size=[48.0,52.0], gap=12.0, start_offset=0.0)
[WARN] Layout wrap: 'Files' in parent 'sidebar_working_files' - NoWrap set but would overflow (child_size=50.0, offset=44.0, container=48.0)
[WARN] Layout overflow: 'Files' extends outside parent 'sidebar_working_files' bounds (child_rel=[44.0,0.0], child_size=[50.0,52.0], child_end=[94.0,52.0], parent_size=[48.0,52.0], gap=12.0, start_offset=0.0)
[WARN] Layout wrap: 'tree_review_progress' in parent 'changed_files_header' - NoWrap set but would overflow (child_size=128.0, offset=0.0, container=112.0)
[WARN] Layout overflow: 'tree_review_progress' extends outside parent 'changed_files_header' bounds (child_rel=[0.0,0.0], child_size=[128.0,64.0], child_end=[128.0,64.0], parent_size=[112.0,64.0], gap=0.0, start_offset=0.0)
[WARN] Layout wrap: 'tree_review_status:unreviewed' in parent 'commit_changed_file' - NoWrap set but would overflow (child_size=40.0, offset=64.0, container=100.0)
[WARN] Layout overflow: 'tree_review_status:unreviewed' extends outside parent 'commit_changed_file' bounds (child_rel=[64.0,0.0], child_size=[40.0,56.0], child_end=[104.0,56.0], parent_size=[100.0,56.0], gap=8.0, start_offset=0.0)
[WARN] Layout wrap: 'tree_additions' in parent 'commit_changed_file' - NoWrap set but would overflow (child_size=64.0, offset=112.0, container=100.0)
[WARN] Layout overflow: 'tree_additions' extends outside parent 'commit_changed_file' bounds (child_rel=[112.0,0.0], child_size=[64.0,56.0], child_end=[176.0,56.0], parent_size=[100.0,56.0], gap=8.0, start_offset=0.0)
[WARN] Layout wrap: 'history_branch' in parent 'log_header' - NoWrap set but would overflow (child_size=144.0, offset=0.0, container=112.0)
[WARN] Layout overflow: 'history_branch' extends outside parent 'log_header' bounds (child_rel=[0.0,0.0], child_size=[144.0,64.0], child_end=[144.0,64.0], parent_size=[112.0,64.0], gap=0.0, start_offset=0.0)
[WARN] Layout wrap: '' in parent '' - NoWrap set but would overflow (child_size=192.0, offset=16.0, container=96.0)
[WARN] Layout overflow: '' extends outside parent '' bounds (child_rel=[16.0,4.0], child_size=[192.0,40.0], child_end=[208.0,44.0], parent_size=[96.0,48.0], gap=16.0, start_offset=0.0)
[WARN] Layout wrap: 'Review' in parent 'sidebar_review' - NoWrap set but would overflow (child_size=77.0, offset=44.0, container=48.0)
[WARN] Layout overflow: 'Review' extends outside parent 'sidebar_review' bounds (child_rel=[44.0,0.0], child_size=[77.0,52.0], child_end=[121.0,52.0], parent_size=[48.0,52.0], gap=12.0, start_offset=0.0)
[WARN] Layout wrap: 'Files' in parent 'sidebar_working_files' - NoWrap set but would overflow (child_size=50.0, offset=44.0, container=48.0)
[WARN] Layout overflow: 'Files' extends outside parent 'sidebar_working_files' bounds (child_rel=[44.0,0.0], child_size=[50.0,52.0], child_end=[94.0,52.0], parent_size=[48.0,52.0], gap=12.0, start_offset=0.0)
[WARN] Layout wrap: 'tree_review_progress' in parent 'changed_files_header' - NoWrap set but would overflow (child_size=128.0, offset=0.0, container=112.0)
[WARN] Layout overflow: 'tree_review_progress' extends outside parent 'changed_files_header' bounds (child_rel=[0.0,0.0], child_size=[128.0,64.0], child_end=[128.0,64.0], parent_size=[112.0,64.0], gap=0.0, start_offset=0.0)
[WARN] Layout wrap: 'tree_review_status:unreviewed' in parent 'commit_changed_file' - NoWrap set but would overflow (child_size=40.0, offset=64.0, container=100.0)
[WARN] Layout overflow: 'tree_review_status:unreviewed' extends outside parent 'commit_changed_file' bounds (child_rel=[64.0,0.0], child_size=[40.0,56.0], child_end=[104.0,56.0], parent_size=[100.0,56.0], gap=8.0, start_offset=0.0)
[WARN] Layout wrap: 'tree_additions' in parent 'commit_changed_file' - NoWrap set but would overflow (child_size=64.0, offset=112.0, container=100.0)
[WARN] Layout overflow: 'tree_additions' extends outside parent 'commit_changed_file' bounds (child_rel=[112.0,0.0], child_size=[64.0,56.0], child_end=[176.0,56.0], parent_size=[100.0,56.0], gap=8.0, start_offset=0.0)
[WARN] Layout wrap: 'history_branch' in parent 'log_header' - NoWrap set but would overflow (child_size=144.0, offset=0.0, container=112.0)
[WARN] Layout overflow: 'history_branch' extends outside parent 'log_header' bounds (child_rel=[0.0,0.0], child_size=[144.0,64.0], child_end=[144.0,64.0], parent_size=[112.0,64.0], gap=0.0, start_offset=0.0)
[WARN] Layout wrap: '' in parent '' - NoWrap set but would overflow (child_size=192.0, offset=16.0, container=96.0)
[WARN] Layout overflow: '' extends outside parent '' bounds (child_rel=[16.0,4.0], child_size=[192.0,40.0], child_end=[208.0,44.0], parent_size=[96.0,48.0], gap=16.0, start_offset=0.0)
[WARN] Layout wrap: 'Review' in parent 'sidebar_review' - NoWrap set but would overflow (child_size=77.0, offset=44.0, container=48.0)
[WARN] Layout overflow: 'Review' extends outside parent 'sidebar_review' bounds (child_rel=[44.0,0.0], child_size=[77.0,52.0], child_end=[121.0,52.0], parent_size=[48.0,52.0], gap=12.0, start_offset=0.0)
[WARN] Layout wrap: 'Files' in parent 'sidebar_working_files' - NoWrap set but would overflow (child_size=50.0, offset=44.0, container=48.0)
[WARN] Layout overflow: 'Files' extends outside parent 'sidebar_working_files' bounds (child_rel=[44.0,0.0], child_size=[50.0,52.0], child_end=[94.0,52.0], parent_size=[48.0,52.0], gap=12.0, start_offset=0.0)
[WARN] Layout wrap: 'tree_review_progress' in parent 'changed_files_header' - NoWrap set but would overflow (child_size=128.0, offset=0.0, container=112.0)
[WARN] Layout overflow: 'tree_review_progress' extends outside parent 'changed_files_header' bounds (child_rel=[0.0,0.0], child_size=[128.0,64.0], child_end=[128.0,64.0], parent_size=[112.0,64.0], gap=0.0, start_offset=0.0)
[WARN] Layout wrap: 'tree_review_status:unreviewed' in parent 'commit_changed_file' - NoWrap set but would overflow (child_size=40.0, offset=64.0, container=100.0)
[WARN] Layout overflow: 'tree_review_status:unreviewed' extends outside parent 'commit_changed_file' bounds (child_rel=[64.0,0.0], child_size=[40.0,56.0], child_end=[104.0,56.0], parent_size=[100.0,56.0], gap=8.0, start_offset=0.0)
[WARN] Layout wrap: 'tree_additions' in parent 'commit_changed_file' - NoWrap set but would overflow (child_size=64.0, offset=112.0, container=100.0)
[WARN] Layout overflow: 'tree_additions' extends outside parent 'commit_changed_file' bounds (child_rel=[112.0,0.0], child_size=[64.0,56.0], child_end=[176.0,56.0], parent_size=[100.0,56.0], gap=8.0, start_offset=0.0)
[WARN] Layout wrap: 'history_branch' in parent 'log_header' - NoWrap set but would overflow (child_size=144.0, offset=0.0, container=112.0)
[WARN] Layout overflow: 'history_branch' extends outside parent 'log_header' bounds (child_rel=[0.0,0.0], child_size=[144.0,64.0], child_end=[144.0,64.0], parent_size=[112.0,64.0], gap=0.0, start_offset=0.0)
[WARN] Layout wrap: '' in parent '' - NoWrap set but would overflow (child_size=192.0, offset=16.0, container=96.0)
[WARN] Layout overflow: '' extends outside parent '' bounds (child_rel=[16.0,4.0], child_size=[192.0,40.0], child_end=[208.0,44.0], parent_size=[96.0,48.0], gap=16.0, start_offset=0.0)
[WARN] Layout wrap: 'Review' in parent 'sidebar_review' - NoWrap set but would overflow (child_size=77.0, offset=44.0, container=48.0)
[WARN] Layout overflow: 'Review' extends outside parent 'sidebar_review' bounds (child_rel=[44.0,0.0], child_size=[77.0,52.0], child_end=[121.0,52.0], parent_size=[48.0,52.0], gap=12.0, start_offset=0.0)
[WARN] Layout wrap: 'Files' in parent 'sidebar_working_files' - NoWrap set but would overflow (child_size=50.0, offset=44.0, container=48.0)
[WARN] Layout overflow: 'Files' extends outside parent 'sidebar_working_files' bounds (child_rel=[44.0,0.0], child_size=[50.0,52.0], child_end=[94.0,52.0], parent_size=[48.0,52.0], gap=12.0, start_offset=0.0)
[WARN] Layout wrap: 'tree_review_progress' in parent 'changed_files_header' - NoWrap set but would overflow (child_size=128.0, offset=0.0, container=112.0)
[WARN] Layout overflow: 'tree_review_progress' extends outside parent 'changed_files_header' bounds (child_rel=[0.0,0.0], child_size=[128.0,64.0], child_end=[128.0,64.0], parent_size=[112.0,64.0], gap=0.0, start_offset=0.0)
[WARN] Layout wrap: 'tree_review_status:unreviewed' in parent 'commit_changed_file' - NoWrap set but would overflow (child_size=40.0, offset=64.0, container=100.0)
[WARN] Layout overflow: 'tree_review_status:unreviewed' extends outside parent 'commit_changed_file' bounds (child_rel=[64.0,0.0], child_size=[40.0,56.0], child_end=[104.0,56.0], parent_size=[100.0,56.0], gap=8.0, start_offset=0.0)
[WARN] Layout wrap: 'tree_additions' in parent 'commit_changed_file' - NoWrap set but would overflow (child_size=64.0, offset=112.0, container=100.0)
[WARN] Layout overflow: 'tree_additions' extends outside parent 'commit_changed_file' bounds (child_rel=[112.0,0.0], child_size=[64.0,56.0], child_end=[176.0,56.0], parent_size=[100.0,56.0], gap=8.0, start_offset=0.0)
[WARN] Layout wrap: 'history_branch' in parent 'log_header' - NoWrap set but would overflow (child_size=144.0, offset=0.0, container=112.0)
[WARN] Layout overflow: 'history_branch' extends outside parent 'log_header' bounds (child_rel=[0.0,0.0], child_size=[144.0,64.0], child_end=[144.0,64.0], parent_size=[112.0,64.0], gap=0.0, start_offset=0.0)
[WARN] Layout wrap: '' in parent '' - NoWrap set but would overflow (child_size=192.0, offset=16.0, container=96.0)
[WARN] Layout overflow: '' extends outside parent '' bounds (child_rel=[16.0,4.0], child_size=[192.0,40.0], child_end=[208.0,44.0], parent_size=[96.0,48.0], gap=16.0, start_offset=0.0)
[WARN] Layout wrap: 'Review' in parent 'sidebar_review' - NoWrap set but would overflow (child_size=77.0, offset=44.0, container=48.0)
[WARN] Layout overflow: 'Review' extends outside parent 'sidebar_review' bounds (child_rel=[44.0,0.0], child_size=[77.0,52.0], child_end=[121.0,52.0], parent_size=[48.0,52.0], gap=12.0, start_offset=0.0)
[WARN] Layout wrap: 'Files' in parent 'sidebar_working_files' - NoWrap set but would overflow (child_size=50.0, offset=44.0, container=48.0)
[WARN] Layout overflow: 'Files' extends outside parent 'sidebar_working_files' bounds (child_rel=[44.0,0.0], child_size=[50.0,52.0], child_end=[94.0,52.0], parent_size=[48.0,52.0], gap=12.0, start_offset=0.0)
[WARN] Layout wrap: 'tree_review_progress' in parent 'changed_files_header' - NoWrap set but would overflow (child_size=128.0, offset=0.0, container=112.0)
[WARN] Layout overflow: 'tree_review_progress' extends outside parent 'changed_files_header' bounds (child_rel=[0.0,0.0], child_size=[128.0,64.0], child_end=[128.0,64.0], parent_size=[112.0,64.0], gap=0.0, start_offset=0.0)
[WARN] Layout wrap: 'tree_review_status:unreviewed' in parent 'commit_changed_file' - NoWrap set but would overflow (child_size=40.0, offset=64.0, container=100.0)
[WARN] Layout overflow: 'tree_review_status:unreviewed' extends outside parent 'commit_changed_file' bounds (child_rel=[64.0,0.0], child_size=[40.0,56.0], child_end=[104.0,56.0], parent_size=[100.0,56.0], gap=8.0, start_offset=0.0)
[WARN] Layout wrap: 'tree_additions' in parent 'commit_changed_file' - NoWrap set but would overflow (child_size=64.0, offset=112.0, container=100.0)
[WARN] Layout overflow: 'tree_additions' extends outside parent 'commit_changed_file' bounds (child_rel=[112.0,0.0], child_size=[64.0,56.0], child_end=[176.0,56.0], parent_size=[100.0,56.0], gap=8.0, start_offset=0.0)
[WARN] Layout wrap: 'history_branch' in parent 'log_header' - NoWrap set but would overflow (child_size=144.0, offset=0.0, container=112.0)
[WARN] Layout overflow: 'history_branch' extends outside parent 'log_header' bounds (child_rel=[0.0,0.0], child_size=[144.0,64.0], child_end=[144.0,64.0], parent_size=[112.0,64.0], gap=0.0, start_offset=0.0)
[WARN] Layout wrap: '' in parent '' - NoWrap set but would overflow (child_size=192.0, offset=16.0, container=96.0)
[WARN] Layout overflow: '' extends outside parent '' bounds (child_rel=[16.0,4.0], child_size=[192.0,40.0], child_end=[208.0,44.0], parent_size=[96.0,48.0], gap=16.0, start_offset=0.0)
[WARN] Layout wrap: 'Review' in parent 'sidebar_review' - NoWrap set but would overflow (child_size=77.0, offset=44.0, container=48.0)
[WARN] Layout overflow: 'Review' extends outside parent 'sidebar_review' bounds (child_rel=[44.0,0.0], child_size=[77.0,52.0], child_end=[121.0,52.0], parent_size=[48.0,52.0], gap=12.0, start_offset=0.0)
[WARN] Layout wrap: 'Files' in parent 'sidebar_working_files' - NoWrap set but would overflow (child_size=50.0, offset=44.0, container=48.0)
[WARN] Layout overflow: 'Files' extends outside parent 'sidebar_working_files' bounds (child_rel=[44.0,0.0], child_size=[50.0,52.0], child_end=[94.0,52.0], parent_size=[48.0,52.0], gap=12.0, start_offset=0.0)
[WARN] Layout wrap: 'tree_review_progress' in parent 'changed_files_header' - NoWrap set but would overflow (child_size=128.0, offset=0.0, container=112.0)
[WARN] Layout overflow: 'tree_review_progress' extends outside parent 'changed_files_header' bounds (child_rel=[0.0,0.0], child_size=[128.0,64.0], child_end=[128.0,64.0], parent_size=[112.0,64.0], gap=0.0, start_offset=0.0)
[WARN] Layout wrap: 'tree_review_status:unreviewed' in parent 'commit_changed_file' - NoWrap set but would overflow (child_size=40.0, offset=64.0, container=100.0)
[WARN] Layout overflow: 'tree_review_status:unreviewed' extends outside parent 'commit_changed_file' bounds (child_rel=[64.0,0.0], child_size=[40.0,56.0], child_end=[104.0,56.0], parent_size=[100.0,56.0], gap=8.0, start_offset=0.0)
[WARN] Layout wrap: 'tree_additions' in parent 'commit_changed_file' - NoWrap set but would overflow (child_size=64.0, offset=112.0, container=100.0)
[WARN] Layout overflow: 'tree_additions' extends outside parent 'commit_changed_file' bounds (child_rel=[112.0,0.0], child_size=[64.0,56.0], child_end=[176.0,56.0], parent_size=[100.0,56.0], gap=8.0, start_offset=0.0)
[WARN] Layout wrap: 'history_branch' in parent 'log_header' - NoWrap set but would overflow (child_size=144.0, offset=0.0, container=112.0)
[WARN] Layout overflow: 'history_branch' extends outside parent 'log_header' bounds (child_rel=[0.0,0.0], child_size=[144.0,64.0], child_end=[144.0,64.0], parent_size=[112.0,64.0], gap=0.0, start_offset=0.0)
[WARN] Layout wrap: '' in parent '' - NoWrap set but would overflow (child_size=192.0, offset=16.0, container=96.0)
[WARN] Layout overflow: '' extends outside parent '' bounds (child_rel=[16.0,4.0], child_size=[192.0,40.0], child_end=[208.0,44.0], parent_size=[96.0,48.0], gap=16.0, start_offset=0.0)
[WARN] Layout wrap: 'Review' in parent 'sidebar_review' - NoWrap set but would overflow (child_size=77.0, offset=44.0, container=48.0)
[WARN] Layout overflow: 'Review' extends outside parent 'sidebar_review' bounds (child_rel=[44.0,0.0], child_size=[77.0,52.0], child_end=[121.0,52.0], parent_size=[48.0,52.0], gap=12.0, start_offset=0.0)
[WARN] Layout wrap: 'Files' in parent 'sidebar_working_files' - NoWrap set but would overflow (child_size=50.0, offset=44.0, container=48.0)
[WARN] Layout overflow: 'Files' extends outside parent 'sidebar_working_files' bounds (child_rel=[44.0,0.0], child_size=[50.0,52.0], child_end=[94.0,52.0], parent_size=[48.0,52.0], gap=12.0, start_offset=0.0)
[WARN] Layout wrap: 'tree_review_progress' in parent 'changed_files_header' - NoWrap set but would overflow (child_size=128.0, offset=0.0, container=112.0)
[WARN] Layout overflow: 'tree_review_progress' extends outside parent 'changed_files_header' bounds (child_rel=[0.0,0.0], child_size=[128.0,64.0], child_end=[128.0,64.0], parent_size=[112.0,64.0], gap=0.0, start_offset=0.0)
[WARN] Layout wrap: 'tree_review_status:unreviewed' in parent 'commit_changed_file' - NoWrap set but would overflow (child_size=40.0, offset=64.0, container=100.0)
[WARN] Layout overflow: 'tree_review_status:unreviewed' extends outside parent 'commit_changed_file' bounds (child_rel=[64.0,0.0], child_size=[40.0,56.0], child_end=[104.0,56.0], parent_size=[100.0,56.0], gap=8.0, start_offset=0.0)
[WARN] Layout wrap: 'tree_additions' in parent 'commit_changed_file' - NoWrap set but would overflow (child_size=64.0, offset=112.0, container=100.0)
[WARN] Layout overflow: 'tree_additions' extends outside parent 'commit_changed_file' bounds (child_rel=[112.0,0.0], child_size=[64.0,56.0], child_end=[176.0,56.0], parent_size=[100.0,56.0], gap=8.0, start_offset=0.0)
[WARN] Layout wrap: 'history_branch' in parent 'log_header' - NoWrap set but would overflow (child_size=144.0, offset=0.0, container=112.0)
[WARN] Layout overflow: 'history_branch' extends outside parent 'log_header' bounds (child_rel=[0.0,0.0], child_size=[144.0,64.0], child_end=[144.0,64.0], parent_size=[112.0,64.0], gap=0.0, start_offset=0.0)
[WARN] Layout wrap: '' in parent '' - NoWrap set but would overflow (child_size=192.0, offset=16.0, container=96.0)
[WARN] Layout overflow: '' extends outside parent '' bounds (child_rel=[16.0,4.0], child_size=[192.0,40.0], child_end=[208.0,44.0], parent_size=[96.0,48.0], gap=16.0, start_offset=0.0)
[WARN] Layout wrap: 'Review' in parent 'sidebar_review' - NoWrap set but would overflow (child_size=77.0, offset=44.0, container=48.0)
[WARN] Layout overflow: 'Review' extends outside parent 'sidebar_review' bounds (child_rel=[44.0,0.0], child_size=[77.0,52.0], child_end=[121.0,52.0], parent_size=[48.0,52.0], gap=12.0, start_offset=0.0)
[WARN] Layout wrap: 'Files' in parent 'sidebar_working_files' - NoWrap set but would overflow (child_size=50.0, offset=44.0, container=48.0)
[WARN] Layout overflow: 'Files' extends outside parent 'sidebar_working_files' bounds (child_rel=[44.0,0.0], child_size=[50.0,52.0], child_end=[94.0,52.0], parent_size=[48.0,52.0], gap=12.0, start_offset=0.0)
[WARN] Layout wrap: 'tree_review_progress' in parent 'changed_files_header' - NoWrap set but would overflow (child_size=128.0, offset=0.0, container=112.0)
[WARN] Layout overflow: 'tree_review_progress' extends outside parent 'changed_files_header' bounds (child_rel=[0.0,0.0], child_size=[128.0,64.0], child_end=[128.0,64.0], parent_size=[112.0,64.0], gap=0.0, start_offset=0.0)
[WARN] Layout wrap: 'tree_review_status:unreviewed' in parent 'commit_changed_file' - NoWrap set but would overflow (child_size=40.0, offset=64.0, container=100.0)
[WARN] Layout overflow: 'tree_review_status:unreviewed' extends outside parent 'commit_changed_file' bounds (child_rel=[64.0,0.0], child_size=[40.0,56.0], child_end=[104.0,56.0], parent_size=[100.0,56.0], gap=8.0, start_offset=0.0)
[WARN] Layout wrap: 'tree_additions' in parent 'commit_changed_file' - NoWrap set but would overflow (child_size=64.0, offset=112.0, container=100.0)
[WARN] Layout overflow: 'tree_additions' extends outside parent 'commit_changed_file' bounds (child_rel=[112.0,0.0], child_size=[64.0,56.0], child_end=[176.0,56.0], parent_size=[100.0,56.0], gap=8.0, start_offset=0.0)
[WARN] Layout wrap: 'history_branch' in parent 'log_header' - NoWrap set but would overflow (child_size=144.0, offset=0.0, container=112.0)
[WARN] Layout overflow: 'history_branch' extends outside parent 'log_header' bounds (child_rel=[0.0,0.0], child_size=[144.0,64.0], child_end=[144.0,64.0], parent_size=[112.0,64.0], gap=0.0, start_offset=0.0)
[WARN] Layout wrap: '' in parent '' - NoWrap set but would overflow (child_size=192.0, offset=16.0, container=96.0)
[WARN] Layout overflow: '' extends outside parent '' bounds (child_rel=[16.0,4.0], child_size=[192.0,40.0], child_end=[208.0,44.0], parent_size=[96.0,48.0], gap=16.0, start_offset=0.0)
[WARN] Layout wrap: 'Review' in parent 'sidebar_review' - NoWrap set but would overflow (child_size=77.0, offset=44.0, container=48.0)
[WARN] Layout overflow: 'Review' extends outside parent 'sidebar_review' bounds (child_rel=[44.0,0.0], child_size=[77.0,52.0], child_end=[121.0,52.0], parent_size=[48.0,52.0], gap=12.0, start_offset=0.0)
[WARN] Layout wrap: 'Files' in parent 'sidebar_working_files' - NoWrap set but would overflow (child_size=50.0, offset=44.0, container=48.0)
[WARN] Layout overflow: 'Files' extends outside parent 'sidebar_working_files' bounds (child_rel=[44.0,0.0], child_size=[50.0,52.0], child_end=[94.0,52.0], parent_size=[48.0,52.0], gap=12.0, start_offset=0.0)
[WARN] Layout wrap: 'tree_review_progress' in parent 'changed_files_header' - NoWrap set but would overflow (child_size=128.0, offset=0.0, container=112.0)
[WARN] Layout overflow: 'tree_review_progress' extends outside parent 'changed_files_header' bounds (child_rel=[0.0,0.0], child_size=[128.0,64.0], child_end=[128.0,64.0], parent_size=[112.0,64.0], gap=0.0, start_offset=0.0)
[WARN] Layout wrap: 'tree_review_status:unreviewed' in parent 'commit_changed_file' - NoWrap set but would overflow (child_size=40.0, offset=64.0, container=100.0)
[WARN] Layout overflow: 'tree_review_status:unreviewed' extends outside parent 'commit_changed_file' bounds (child_rel=[64.0,0.0], child_size=[40.0,56.0], child_end=[104.0,56.0], parent_size=[100.0,56.0], gap=8.0, start_offset=0.0)
[WARN] Layout wrap: 'tree_additions' in parent 'commit_changed_file' - NoWrap set but would overflow (child_size=64.0, offset=112.0, container=100.0)
[WARN] Layout overflow: 'tree_additions' extends outside parent 'commit_changed_file' bounds (child_rel=[112.0,0.0], child_size=[64.0,56.0], child_end=[176.0,56.0], parent_size=[100.0,56.0], gap=8.0, start_offset=0.0)
[WARN] Layout wrap: 'history_branch' in parent 'log_header' - NoWrap set but would overflow (child_size=144.0, offset=0.0, container=112.0)
[WARN] Layout overflow: 'history_branch' extends outside parent 'log_header' bounds (child_rel=[0.0,0.0], child_size=[144.0,64.0], child_end=[144.0,64.0], parent_size=[112.0,64.0], gap=0.0, start_offset=0.0)
[WARN] Layout wrap: '' in parent '' - NoWrap set but would overflow (child_size=192.0, offset=16.0, container=96.0)
[WARN] Layout overflow: '' extends outside parent '' bounds (child_rel=[16.0,4.0], child_size=[192.0,40.0], child_end=[208.0,44.0], parent_size=[96.0,48.0], gap=16.0, start_offset=0.0)
[WARN] Layout wrap: 'Review' in parent 'sidebar_review' - NoWrap set but would overflow (child_size=77.0, offset=44.0, container=48.0)
[WARN] Layout overflow: 'Review' extends outside parent 'sidebar_review' bounds (child_rel=[44.0,0.0], child_size=[77.0,52.0], child_end=[121.0,52.0], parent_size=[48.0,52.0], gap=12.0, start_offset=0.0)
[WARN] Layout wrap: 'Files' in parent 'sidebar_working_files' - NoWrap set but would overflow (child_size=50.0, offset=44.0, container=48.0)
[WARN] Layout overflow: 'Files' extends outside parent 'sidebar_working_files' bounds (child_rel=[44.0,0.0], child_size=[50.0,52.0], child_end=[94.0,52.0], parent_size=[48.0,52.0], gap=12.0, start_offset=0.0)
[WARN] Layout wrap: 'tree_review_progress' in parent 'changed_files_header' - NoWrap set but would overflow (child_size=128.0, offset=0.0, container=112.0)
[WARN] Layout overflow: 'tree_review_progress' extends outside parent 'changed_files_header' bounds (child_rel=[0.0,0.0], child_size=[128.0,64.0], child_end=[128.0,64.0], parent_size=[112.0,64.0], gap=0.0, start_offset=0.0)
[WARN] Layout wrap: 'tree_review_status:unreviewed' in parent 'commit_changed_file' - NoWrap set but would overflow (child_size=40.0, offset=64.0, container=100.0)
[WARN] Layout overflow: 'tree_review_status:unreviewed' extends outside parent 'commit_changed_file' bounds (child_rel=[64.0,0.0], child_size=[40.0,56.0], child_end=[104.0,56.0], parent_size=[100.0,56.0], gap=8.0, start_offset=0.0)
[WARN] Layout wrap: 'tree_additions' in parent 'commit_changed_file' - NoWrap set but would overflow (child_size=64.0, offset=112.0, container=100.0)
[WARN] Layout overflow: 'tree_additions' extends outside parent 'commit_changed_file' bounds (child_rel=[112.0,0.0], child_size=[64.0,56.0], child_end=[176.0,56.0], parent_size=[100.0,56.0], gap=8.0, start_offset=0.0)
[WARN] Layout wrap: 'history_branch' in parent 'log_header' - NoWrap set but would overflow (child_size=144.0, offset=0.0, container=112.0)
[WARN] Layout overflow: 'history_branch' extends outside parent 'log_header' bounds (child_rel=[0.0,0.0], child_size=[144.0,64.0], child_end=[144.0,64.0], parent_size=[112.0,64.0], gap=0.0, start_offset=0.0)
[WARN] Layout wrap: '' in parent '' - NoWrap set but would overflow (child_size=192.0, offset=16.0, container=96.0)
[WARN] Layout overflow: '' extends outside parent '' bounds (child_rel=[16.0,4.0], child_size=[192.0,40.0], child_end=[208.0,44.0], parent_size=[96.0,48.0], gap=16.0, start_offset=0.0)
[WARN] Layout wrap: 'Review' in parent 'sidebar_review' - NoWrap set but would overflow (child_size=77.0, offset=44.0, container=48.0)
[WARN] Layout overflow: 'Review' extends outside parent 'sidebar_review' bounds (child_rel=[44.0,0.0], child_size=[77.0,52.0], child_end=[121.0,52.0], parent_size=[48.0,52.0], gap=12.0, start_offset=0.0)
[WARN] Layout wrap: 'Files' in parent 'sidebar_working_files' - NoWrap set but would overflow (child_size=50.0, offset=44.0, container=48.0)
[WARN] Layout overflow: 'Files' extends outside parent 'sidebar_working_files' bounds (child_rel=[44.0,0.0], child_size=[50.0,52.0], child_end=[94.0,52.0], parent_size=[48.0,52.0], gap=12.0, start_offset=0.0)
[WARN] Layout wrap: 'tree_review_progress' in parent 'changed_files_header' - NoWrap set but would overflow (child_size=128.0, offset=0.0, container=112.0)
[WARN] Layout overflow: 'tree_review_progress' extends outside parent 'changed_files_header' bounds (child_rel=[0.0,0.0], child_size=[128.0,64.0], child_end=[128.0,64.0], parent_size=[112.0,64.0], gap=0.0, start_offset=0.0)
[WARN] Layout wrap: 'tree_review_status:unreviewed' in parent 'commit_changed_file' - NoWrap set but would overflow (child_size=40.0, offset=64.0, container=100.0)
[WARN] Layout overflow: 'tree_review_status:unreviewed' extends outside parent 'commit_changed_file' bounds (child_rel=[64.0,0.0], child_size=[40.0,56.0], child_end=[104.0,56.0], parent_size=[100.0,56.0], gap=8.0, start_offset=0.0)
[WARN] Layout wrap: 'tree_additions' in parent 'commit_changed_file' - NoWrap set but would overflow (child_size=64.0, offset=112.0, container=100.0)
[WARN] Layout overflow: 'tree_additions' extends outside parent 'commit_changed_file' bounds (child_rel=[112.0,0.0], child_size=[64.0,56.0], child_end=[176.0,56.0], parent_size=[100.0,56.0], gap=8.0, start_offset=0.0)
[WARN] Layout wrap: 'history_branch' in parent 'log_header' - NoWrap set but would overflow (child_size=144.0, offset=0.0, container=112.0)
[WARN] Layout overflow: 'history_branch' extends outside parent 'log_header' bounds (child_rel=[0.0,0.0], child_size=[144.0,64.0], child_end=[144.0,64.0], parent_size=[112.0,64.0], gap=0.0, start_offset=0.0)
[WARN] Layout wrap: '' in parent '' - NoWrap set but would overflow (child_size=192.0, offset=16.0, container=96.0)
[WARN] Layout overflow: '' extends outside parent '' bounds (child_rel=[16.0,4.0], child_size=[192.0,40.0], child_end=[208.0,44.0], parent_size=[96.0,48.0], gap=16.0, start_offset=0.0)
[WARN] Layout wrap: 'Review' in parent 'sidebar_review' - NoWrap set but would overflow (child_size=77.0, offset=44.0, container=48.0)
[WARN] Layout overflow: 'Review' extends outside parent 'sidebar_review' bounds (child_rel=[44.0,0.0], child_size=[77.0,52.0], child_end=[121.0,52.0], parent_size=[48.0,52.0], gap=12.0, start_offset=0.0)
[WARN] Layout wrap: 'Files' in parent 'sidebar_working_files' - NoWrap set but would overflow (child_size=50.0, offset=44.0, container=48.0)
[WARN] Layout overflow: 'Files' extends outside parent 'sidebar_working_files' bounds (child_rel=[44.0,0.0], child_size=[50.0,52.0], child_end=[94.0,52.0], parent_size=[48.0,52.0], gap=12.0, start_offset=0.0)
[WARN] Layout wrap: 'tree_review_progress' in parent 'changed_files_header' - NoWrap set but would overflow (child_size=128.0, offset=0.0, container=112.0)
[WARN] Layout overflow: 'tree_review_progress' extends outside parent 'changed_files_header' bounds (child_rel=[0.0,0.0], child_size=[128.0,64.0], child_end=[128.0,64.0], parent_size=[112.0,64.0], gap=0.0, start_offset=0.0)
[WARN] Layout wrap: 'tree_review_status:unreviewed' in parent 'commit_changed_file' - NoWrap set but would overflow (child_size=40.0, offset=64.0, container=100.0)
[WARN] Layout overflow: 'tree_review_status:unreviewed' extends outside parent 'commit_changed_file' bounds (child_rel=[64.0,0.0], child_size=[40.0,56.0], child_end=[104.0,56.0], parent_size=[100.0,56.0], gap=8.0, start_offset=0.0)
[WARN] Layout wrap: 'tree_additions' in parent 'commit_changed_file' - NoWrap set but would overflow (child_size=64.0, offset=112.0, container=100.0)
[WARN] Layout overflow: 'tree_additions' extends outside parent 'commit_changed_file' bounds (child_rel=[112.0,0.0], child_size=[64.0,56.0], child_end=[176.0,56.0], parent_size=[100.0,56.0], gap=8.0, start_offset=0.0)
[WARN] Layout wrap: 'history_branch' in parent 'log_header' - NoWrap set but would overflow (child_size=144.0, offset=0.0, container=112.0)
[WARN] Layout overflow: 'history_branch' extends outside parent 'log_header' bounds (child_rel=[0.0,0.0], child_size=[144.0,64.0], child_end=[144.0,64.0], parent_size=[112.0,64.0], gap=0.0, start_offset=0.0)
[WARN] Layout wrap: '' in parent '' - NoWrap set but would overflow (child_size=192.0, offset=16.0, container=96.0)
[WARN] Layout overflow: '' extends outside parent '' bounds (child_rel=[16.0,4.0], child_size=[192.0,40.0], child_end=[208.0,44.0], parent_size=[96.0,48.0], gap=16.0, start_offset=0.0)
[WARN] Layout wrap: 'Review' in parent 'sidebar_review' - NoWrap set but would overflow (child_size=77.0, offset=44.0, container=48.0)
[WARN] Layout overflow: 'Review' extends outside parent 'sidebar_review' bounds (child_rel=[44.0,0.0], child_size=[77.0,52.0], child_end=[121.0,52.0], parent_size=[48.0,52.0], gap=12.0, start_offset=0.0)
[WARN] Layout wrap: 'Files' in parent 'sidebar_working_files' - NoWrap set but would overflow (child_size=50.0, offset=44.0, container=48.0)
[WARN] Layout overflow: 'Files' extends outside parent 'sidebar_working_files' bounds (child_rel=[44.0,0.0], child_size=[50.0,52.0], child_end=[94.0,52.0], parent_size=[48.0,52.0], gap=12.0, start_offset=0.0)
[WARN] Layout wrap: 'tree_review_progress' in parent 'changed_files_header' - NoWrap set but would overflow (child_size=128.0, offset=0.0, container=112.0)
[WARN] Layout overflow: 'tree_review_progress' extends outside parent 'changed_files_header' bounds (child_rel=[0.0,0.0], child_size=[128.0,64.0], child_end=[128.0,64.0], parent_size=[112.0,64.0], gap=0.0, start_offset=0.0)
[WARN] Layout wrap: 'tree_review_status:unreviewed' in parent 'commit_changed_file' - NoWrap set but would overflow (child_size=40.0, offset=64.0, container=100.0)
[WARN] Layout overflow: 'tree_review_status:unreviewed' extends outside parent 'commit_changed_file' bounds (child_rel=[64.0,0.0], child_size=[40.0,56.0], child_end=[104.0,56.0], parent_size=[100.0,56.0], gap=8.0, start_offset=0.0)
[WARN] Layout wrap: 'tree_additions' in parent 'commit_changed_file' - NoWrap set but would overflow (child_size=64.0, offset=112.0, container=100.0)
[WARN] Layout overflow: 'tree_additions' extends outside parent 'commit_changed_file' bounds (child_rel=[112.0,0.0], child_size=[64.0,56.0], child_end=[176.0,56.0], parent_size=[100.0,56.0], gap=8.0, start_offset=0.0)
[WARN] Layout wrap: 'history_branch' in parent 'log_header' - NoWrap set but would overflow (child_size=144.0, offset=0.0, container=112.0)
[WARN] Layout overflow: 'history_branch' extends outside parent 'log_header' bounds (child_rel=[0.0,0.0], child_size=[144.0,64.0], child_end=[144.0,64.0], parent_size=[112.0,64.0], gap=0.0, start_offset=0.0)
[WARN] Layout wrap: '' in parent '' - NoWrap set but would overflow (child_size=192.0, offset=16.0, container=96.0)
[WARN] Layout overflow: '' extends outside parent '' bounds (child_rel=[16.0,4.0], child_size=[192.0,40.0], child_end=[208.0,44.0], parent_size=[96.0,48.0], gap=16.0, start_offset=0.0)
[WARN] Layout wrap: 'Review' in parent 'sidebar_review' - NoWrap set but would overflow (child_size=77.0, offset=44.0, container=48.0)
[WARN] Layout overflow: 'Review' extends outside parent 'sidebar_review' bounds (child_rel=[44.0,0.0], child_size=[77.0,52.0], child_end=[121.0,52.0], parent_size=[48.0,52.0], gap=12.0, start_offset=0.0)
[WARN] Layout wrap: 'Files' in parent 'sidebar_working_files' - NoWrap set but would overflow (child_size=50.0, offset=44.0, container=48.0)
[WARN] Layout overflow: 'Files' extends outside parent 'sidebar_working_files' bounds (child_rel=[44.0,0.0], child_size=[50.0,52.0], child_end=[94.0,52.0], parent_size=[48.0,52.0], gap=12.0, start_offset=0.0)
[WARN] Layout wrap: 'tree_review_progress' in parent 'changed_files_header' - NoWrap set but would overflow (child_size=128.0, offset=0.0, container=112.0)
[WARN] Layout overflow: 'tree_review_progress' extends outside parent 'changed_files_header' bounds (child_rel=[0.0,0.0], child_size=[128.0,64.0], child_end=[128.0,64.0], parent_size=[112.0,64.0], gap=0.0, start_offset=0.0)
[WARN] Layout wrap: 'tree_review_status:unreviewed' in parent 'commit_changed_file' - NoWrap set but would overflow (child_size=40.0, offset=64.0, container=100.0)
[WARN] Layout overflow: 'tree_review_status:unreviewed' extends outside parent 'commit_changed_file' bounds (child_rel=[64.0,0.0], child_size=[40.0,56.0], child_end=[104.0,56.0], parent_size=[100.0,56.0], gap=8.0, start_offset=0.0)
[WARN] Layout wrap: 'tree_additions' in parent 'commit_changed_file' - NoWrap set but would overflow (child_size=64.0, offset=112.0, container=100.0)
[WARN] Layout overflow: 'tree_additions' extends outside parent 'commit_changed_file' bounds (child_rel=[112.0,0.0], child_size=[64.0,56.0], child_end=[176.0,56.0], parent_size=[100.0,56.0], gap=8.0, start_offset=0.0)
[WARN] Layout wrap: 'history_branch' in parent 'log_header' - NoWrap set but would overflow (child_size=144.0, offset=0.0, container=112.0)
[WARN] Layout overflow: 'history_branch' extends outside parent 'log_header' bounds (child_rel=[0.0,0.0], child_size=[144.0,64.0], child_end=[144.0,64.0], parent_size=[112.0,64.0], gap=0.0, start_offset=0.0)
[WARN] Layout wrap: '' in parent '' - NoWrap set but would overflow (child_size=192.0, offset=16.0, container=96.0)
[WARN] Layout overflow: '' extends outside parent '' bounds (child_rel=[16.0,4.0], child_size=[192.0,40.0], child_end=[208.0,44.0], parent_size=[96.0,48.0], gap=16.0, start_offset=0.0)
[WARN] Layout wrap: 'Review' in parent 'sidebar_review' - NoWrap set but would overflow (child_size=77.0, offset=44.0, container=48.0)
[WARN] Layout overflow: 'Review' extends outside parent 'sidebar_review' bounds (child_rel=[44.0,0.0], child_size=[77.0,52.0], child_end=[121.0,52.0], parent_size=[48.0,52.0], gap=12.0, start_offset=0.0)
[WARN] Layout wrap: 'Files' in parent 'sidebar_working_files' - NoWrap set but would overflow (child_size=50.0, offset=44.0, container=48.0)
[WARN] Layout overflow: 'Files' extends outside parent 'sidebar_working_files' bounds (child_rel=[44.0,0.0], child_size=[50.0,52.0], child_end=[94.0,52.0], parent_size=[48.0,52.0], gap=12.0, start_offset=0.0)
[WARN] Layout wrap: 'tree_review_progress' in parent 'changed_files_header' - NoWrap set but would overflow (child_size=128.0, offset=0.0, container=112.0)
[WARN] Layout overflow: 'tree_review_progress' extends outside parent 'changed_files_header' bounds (child_rel=[0.0,0.0], child_size=[128.0,64.0], child_end=[128.0,64.0], parent_size=[112.0,64.0], gap=0.0, start_offset=0.0)
[WARN] Layout wrap: 'tree_review_status:unreviewed' in parent 'commit_changed_file' - NoWrap set but would overflow (child_size=40.0, offset=64.0, container=100.0)
[WARN] Layout overflow: 'tree_review_status:unreviewed' extends outside parent 'commit_changed_file' bounds (child_rel=[64.0,0.0], child_size=[40.0,56.0], child_end=[104.0,56.0], parent_size=[100.0,56.0], gap=8.0, start_offset=0.0)
[WARN] Layout wrap: 'tree_additions' in parent 'commit_changed_file' - NoWrap set but would overflow (child_size=64.0, offset=112.0, container=100.0)
[WARN] Layout overflow: 'tree_additions' extends outside parent 'commit_changed_file' bounds (child_rel=[112.0,0.0], child_size=[64.0,56.0], child_end=[176.0,56.0], parent_size=[100.0,56.0], gap=8.0, start_offset=0.0)
[WARN] Layout wrap: 'history_branch' in parent 'log_header' - NoWrap set but would overflow (child_size=144.0, offset=0.0, container=112.0)
[WARN] Layout overflow: 'history_branch' extends outside parent 'log_header' bounds (child_rel=[0.0,0.0], child_size=[144.0,64.0], child_end=[144.0,64.0], parent_size=[112.0,64.0], gap=0.0, start_offset=0.0)
[WARN] Layout wrap: '' in parent '' - NoWrap set but would overflow (child_size=192.0, offset=16.0, container=96.0)
[WARN] Layout overflow: '' extends outside parent '' bounds (child_rel=[16.0,4.0], child_size=[192.0,40.0], child_end=[208.0,44.0], parent_size=[96.0,48.0], gap=16.0, start_offset=0.0)
[WARN] Layout wrap: 'Review' in parent 'sidebar_review' - NoWrap set but would overflow (child_size=77.0, offset=44.0, container=48.0)
[WARN] Layout overflow: 'Review' extends outside parent 'sidebar_review' bounds (child_rel=[44.0,0.0], child_size=[77.0,52.0], child_end=[121.0,52.0], parent_size=[48.0,52.0], gap=12.0, start_offset=0.0)
[WARN] Layout wrap: 'Files' in parent 'sidebar_working_files' - NoWrap set but would overflow (child_size=50.0, offset=44.0, container=48.0)
[WARN] Layout overflow: 'Files' extends outside parent 'sidebar_working_files' bounds (child_rel=[44.0,0.0], child_size=[50.0,52.0], child_end=[94.0,52.0], parent_size=[48.0,52.0], gap=12.0, start_offset=0.0)
[WARN] Layout wrap: 'tree_review_progress' in parent 'changed_files_header' - NoWrap set but would overflow (child_size=128.0, offset=0.0, container=112.0)
[WARN] Layout overflow: 'tree_review_progress' extends outside parent 'changed_files_header' bounds (child_rel=[0.0,0.0], child_size=[128.0,64.0], child_end=[128.0,64.0], parent_size=[112.0,64.0], gap=0.0, start_offset=0.0)
[WARN] Layout wrap: 'tree_review_status:unreviewed' in parent 'commit_changed_file' - NoWrap set but would overflow (child_size=40.0, offset=64.0, container=100.0)
[WARN] Layout overflow: 'tree_review_status:unreviewed' extends outside parent 'commit_changed_file' bounds (child_rel=[64.0,0.0], child_size=[40.0,56.0], child_end=[104.0,56.0], parent_size=[100.0,56.0], gap=8.0, start_offset=0.0)
[WARN] Layout wrap: 'tree_additions' in parent 'commit_changed_file' - NoWrap set but would overflow (child_size=64.0, offset=112.0, container=100.0)
[WARN] Layout overflow: 'tree_additions' extends outside parent 'commit_changed_file' bounds (child_rel=[112.0,0.0], child_size=[64.0,56.0], child_end=[176.0,56.0], parent_size=[100.0,56.0], gap=8.0, start_offset=0.0)
[WARN] Layout wrap: 'history_branch' in parent 'log_header' - NoWrap set but would overflow (child_size=144.0, offset=0.0, container=112.0)
[WARN] Layout overflow: 'history_branch' extends outside parent 'log_header' bounds (child_rel=[0.0,0.0], child_size=[144.0,64.0], child_end=[144.0,64.0], parent_size=[112.0,64.0], gap=0.0, start_offset=0.0)
[WARN] Layout wrap: '' in parent '' - NoWrap set but would overflow (child_size=192.0, offset=16.0, container=96.0)
[WARN] Layout overflow: '' extends outside parent '' bounds (child_rel=[16.0,4.0], child_size=[192.0,40.0], child_end=[208.0,44.0], parent_size=[96.0,48.0], gap=16.0, start_offset=0.0)
[WARN] Layout wrap: 'Review' in parent 'sidebar_review' - NoWrap set but would overflow (child_size=77.0, offset=44.0, container=48.0)
[WARN] Layout overflow: 'Review' extends outside parent 'sidebar_review' bounds (child_rel=[44.0,0.0], child_size=[77.0,52.0], child_end=[121.0,52.0], parent_size=[48.0,52.0], gap=12.0, start_offset=0.0)
[WARN] Layout wrap: 'Files' in parent 'sidebar_working_files' - NoWrap set but would overflow (child_size=50.0, offset=44.0, container=48.0)
[WARN] Layout overflow: 'Files' extends outside parent 'sidebar_working_files' bounds (child_rel=[44.0,0.0], child_size=[50.0,52.0], child_end=[94.0,52.0], parent_size=[48.0,52.0], gap=12.0, start_offset=0.0)
[WARN] Layout wrap: 'tree_review_progress' in parent 'changed_files_header' - NoWrap set but would overflow (child_size=128.0, offset=0.0, container=112.0)
[WARN] Layout overflow: 'tree_review_progress' extends outside parent 'changed_files_header' bounds (child_rel=[0.0,0.0], child_size=[128.0,64.0], child_end=[128.0,64.0], parent_size=[112.0,64.0], gap=0.0, start_offset=0.0)
[WARN] Layout wrap: 'tree_review_status:unreviewed' in parent 'commit_changed_file' - NoWrap set but would overflow (child_size=40.0, offset=64.0, container=100.0)
[WARN] Layout overflow: 'tree_review_status:unreviewed' extends outside parent 'commit_changed_file' bounds (child_rel=[64.0,0.0], child_size=[40.0,56.0], child_end=[104.0,56.0], parent_size=[100.0,56.0], gap=8.0, start_offset=0.0)
[WARN] Layout wrap: 'tree_additions' in parent 'commit_changed_file' - NoWrap set but would overflow (child_size=64.0, offset=112.0, container=100.0)
[WARN] Layout overflow: 'tree_additions' extends outside parent 'commit_changed_file' bounds (child_rel=[112.0,0.0], child_size=[64.0,56.0], child_end=[176.0,56.0], parent_size=[100.0,56.0], gap=8.0, start_offset=0.0)
[WARN] Layout wrap: 'history_branch' in parent 'log_header' - NoWrap set but would overflow (child_size=144.0, offset=0.0, container=112.0)
[WARN] Layout overflow: 'history_branch' extends outside parent 'log_header' bounds (child_rel=[0.0,0.0], child_size=[144.0,64.0], child_end=[144.0,64.0], parent_size=[112.0,64.0], gap=0.0, start_offset=0.0)
[WARN] Layout wrap: '' in parent '' - NoWrap set but would overflow (child_size=192.0, offset=16.0, container=96.0)
[WARN] Layout overflow: '' extends outside parent '' bounds (child_rel=[16.0,4.0], child_size=[192.0,40.0], child_end=[208.0,44.0], parent_size=[96.0,48.0], gap=16.0, start_offset=0.0)
[WARN] Layout wrap: 'Review' in parent 'sidebar_review' - NoWrap set but would overflow (child_size=77.0, offset=44.0, container=48.0)
[WARN] Layout overflow: 'Review' extends outside parent 'sidebar_review' bounds (child_rel=[44.0,0.0], child_size=[77.0,52.0], child_end=[121.0,52.0], parent_size=[48.0,52.0], gap=12.0, start_offset=0.0)
[WARN] Layout wrap: 'Files' in parent 'sidebar_working_files' - NoWrap set but would overflow (child_size=50.0, offset=44.0, container=48.0)
[WARN] Layout overflow: 'Files' extends outside parent 'sidebar_working_files' bounds (child_rel=[44.0,0.0], child_size=[50.0,52.0], child_end=[94.0,52.0], parent_size=[48.0,52.0], gap=12.0, start_offset=0.0)
[WARN] Layout wrap: 'tree_review_progress' in parent 'changed_files_header' - NoWrap set but would overflow (child_size=128.0, offset=0.0, container=112.0)
[WARN] Layout overflow: 'tree_review_progress' extends outside parent 'changed_files_header' bounds (child_rel=[0.0,0.0], child_size=[128.0,64.0], child_end=[128.0,64.0], parent_size=[112.0,64.0], gap=0.0, start_offset=0.0)
[WARN] Layout wrap: 'tree_review_status:unreviewed' in parent 'commit_changed_file' - NoWrap set but would overflow (child_size=40.0, offset=64.0, container=100.0)
[WARN] Layout overflow: 'tree_review_status:unreviewed' extends outside parent 'commit_changed_file' bounds (child_rel=[64.0,0.0], child_size=[40.0,56.0], child_end=[104.0,56.0], parent_size=[100.0,56.0], gap=8.0, start_offset=0.0)
[WARN] Layout wrap: 'tree_additions' in parent 'commit_changed_file' - NoWrap set but would overflow (child_size=64.0, offset=112.0, container=100.0)
[WARN] Layout overflow: 'tree_additions' extends outside parent 'commit_changed_file' bounds (child_rel=[112.0,0.0], child_size=[64.0,56.0], child_end=[176.0,56.0], parent_size=[100.0,56.0], gap=8.0, start_offset=0.0)
[WARN] Layout wrap: 'history_branch' in parent 'log_header' - NoWrap set but would overflow (child_size=144.0, offset=0.0, container=112.0)
[WARN] Layout overflow: 'history_branch' extends outside parent 'log_header' bounds (child_rel=[0.0,0.0], child_size=[144.0,64.0], child_end=[144.0,64.0], parent_size=[112.0,64.0], gap=0.0, start_offset=0.0)
[WARN] Layout wrap: '' in parent '' - NoWrap set but would overflow (child_size=192.0, offset=16.0, container=96.0)
[WARN] Layout overflow: '' extends outside parent '' bounds (child_rel=[16.0,4.0], child_size=[192.0,40.0], child_end=[208.0,44.0], parent_size=[96.0,48.0], gap=16.0, start_offset=0.0)
[WARN] Layout wrap: 'Review' in parent 'sidebar_review' - NoWrap set but would overflow (child_size=77.0, offset=44.0, container=48.0)
[WARN] Layout overflow: 'Review' extends outside parent 'sidebar_review' bounds (child_rel=[44.0,0.0], child_size=[77.0,52.0], child_end=[121.0,52.0], parent_size=[48.0,52.0], gap=12.0, start_offset=0.0)
[WARN] Layout wrap: 'Files' in parent 'sidebar_working_files' - NoWrap set but would overflow (child_size=50.0, offset=44.0, container=48.0)
[WARN] Layout overflow: 'Files' extends outside parent 'sidebar_working_files' bounds (child_rel=[44.0,0.0], child_size=[50.0,52.0], child_end=[94.0,52.0], parent_size=[48.0,52.0], gap=12.0, start_offset=0.0)
[WARN] Layout wrap: 'tree_review_progress' in parent 'changed_files_header' - NoWrap set but would overflow (child_size=128.0, offset=0.0, container=112.0)
[WARN] Layout overflow: 'tree_review_progress' extends outside parent 'changed_files_header' bounds (child_rel=[0.0,0.0], child_size=[128.0,64.0], child_end=[128.0,64.0], parent_size=[112.0,64.0], gap=0.0, start_offset=0.0)
[WARN] Layout wrap: 'tree_review_status:unreviewed' in parent 'commit_changed_file' - NoWrap set but would overflow (child_size=40.0, offset=64.0, container=100.0)
[WARN] Layout overflow: 'tree_review_status:unreviewed' extends outside parent 'commit_changed_file' bounds (child_rel=[64.0,0.0], child_size=[40.0,56.0], child_end=[104.0,56.0], parent_size=[100.0,56.0], gap=8.0, start_offset=0.0)
[WARN] Layout wrap: 'tree_additions' in parent 'commit_changed_file' - NoWrap set but would overflow (child_size=64.0, offset=112.0, container=100.0)
[WARN] Layout overflow: 'tree_additions' extends outside parent 'commit_changed_file' bounds (child_rel=[112.0,0.0], child_size=[64.0,56.0], child_end=[176.0,56.0], parent_size=[100.0,56.0], gap=8.0, start_offset=0.0)
[WARN] Layout wrap: 'history_branch' in parent 'log_header' - NoWrap set but would overflow (child_size=144.0, offset=0.0, container=112.0)
[WARN] Layout overflow: 'history_branch' extends outside parent 'log_header' bounds (child_rel=[0.0,0.0], child_size=[144.0,64.0], child_end=[144.0,64.0], parent_size=[112.0,64.0], gap=0.0, start_offset=0.0)
[WARN] Layout wrap: '' in parent '' - NoWrap set but would overflow (child_size=192.0, offset=16.0, container=96.0)
[WARN] Layout overflow: '' extends outside parent '' bounds (child_rel=[16.0,4.0], child_size=[192.0,40.0], child_end=[208.0,44.0], parent_size=[96.0,48.0], gap=16.0, start_offset=0.0)
[INFO] git: 72 ms (waited 0 ms for lock): git rev-parse
[INFO] git: 82 ms (waited 0 ms for lock): git rev-parse
[INFO] git: 92 ms (waited 0 ms for lock): git diff
[INFO] git: 33 ms (waited 0 ms for lock): git rev-parse
[INFO] git: 84 ms (waited 0 ms for lock): git rev-parse
[INFO] commit patch cache hit for 0669b1622ab491ac63c7b99933b63bba249951ce
[INFO] git: 111 ms (waited 0 ms for lock): git rev-parse
[INFO] git: 90 ms (waited 0 ms for lock): git cat-file
[INFO] bench_frames: 120 frames, 117 entities: avg 1.29 ms  p50 1.11  p99 3.87  max 4.71
[INFO]     0.24 ms/frame  afterhours::ui::UIPluginRenderBridge<InputAction>
[INFO]     0.13 ms/frame  ecs::SidebarSystem
[INFO]     0.11 ms/frame  afterhours::ui::UIPluginPostUpdateBridge<InputAction>
[INFO]     0.08 ms/frame  ecs::MainContentSystem
[INFO]     0.06 ms/frame  ecs::TabSyncSystem
[INFO]     0.03 ms/frame  ui::RenderWrappedTooltip<InputAction>
[INFO]     0.02 ms/frame  afterhours::ui::validation::ValidateComponentContrast
[INFO]     0.02 ms/frame  ecs::MenuBarSystem
[INFO] expect_p99_below: 3.87ms <= 20.00ms (PASS)
[INFO] E2E finished in 3.20 seconds
[INFO] git: 108 ms (waited 0 ms for lock): git ls-tree
