RUN ['python3', 'tests/sidebar_splitter.py', '--output', 'output/step07-splitter-final']
PASS review 100%: divider follows rendered pointer, holds steady, reverses at both limits, footer stays fixed
PASS files 100%: divider follows rendered pointer, holds steady, reverses at both limits, footer stays fixed
PASS review 140%: divider follows rendered pointer, holds steady, reverses at both limits, footer stays fixed
PASS files 140%: divider follows rendered pointer, holds steady, reverses at both limits, footer stays fixed
PASS review 200%: divider follows rendered pointer, holds steady, reverses at both limits, footer stays fixed
PASS files 200%: divider follows rendered pointer, holds steady, reverses at both limits, footer stays fixed
RUN ['python3', 'tests/sidebar_footer.py', '--output', 'output/step07-footer-final']
PASS clean 100%: no duplicate sidebar status, history reaches the fixed footer in dock and expanded views
PASS clean 140%: no duplicate sidebar status, history reaches the fixed footer in dock and expanded views
PASS clean 200%: no duplicate sidebar status, history reaches the fixed footer in dock and expanded views
PASS changed 100%: no duplicate sidebar status, history reaches the fixed footer in dock and expanded views
PASS changed 140%: no duplicate sidebar status, history reaches the fixed footer in dock and expanded views
PASS changed 200%: no duplicate sidebar status, history reaches the fixed footer in dock and expanded views
RUN ['python3', 'tests/close_tabs.py', '--output', 'output/step07-close-final']
PASS 100%: inactive close, Cmd+W, Cmd+Shift+T, nearest neighbor, exact scroll restoration, working-changes fallback
PASS 140%: inactive close, Cmd+W, Cmd+Shift+T, nearest neighbor, exact scroll restoration, working-changes fallback
PASS 200%: inactive close, Cmd+W, Cmd+Shift+T, nearest neighbor, exact scroll restoration, working-changes fallback
RUN ['bash', 'tests/check_reading_position.sh']
[INFO] Process start to main: 24 ms
[INFO] Registered singleton 0 for afterhours::files::ProvidesResourcePaths (0)
[INFO] Settings loaded from /Users/gabeochoa/Library/Application Support/floatinghotel/settings.json
[INFO] Pre-graphics init: 1 ms
[INFO]   Window+GPU init: 86 ms
[INFO] Registered singleton 1 for afterhours::input::InputCollector (1)
[INFO] Registered singleton 1 for afterhours::input::ProvidesMaxGamepadID (2)
[INFO] Registered singleton 1 for afterhours::input::ProvidesInputMapping (3)
[INFO] Registered singleton 1 for afterhours::input::ProvidesInputConfig (4)
[WARN] try_load_gamepad_mappings: no backend configured
[INFO] Registered singleton 1 for afterhours::window_manager::ProvidesTargetFPS (5)
[INFO] Registered singleton 1 for afterhours::window_manager::ProvidesCurrentResolution (6)
[INFO] Registered singleton 1 for afterhours::window_manager::ProvidesAvailableWindowResolutions (7)
[INFO] Registered singleton 2 for afterhours::ui::UIContext<InputAction> (8)
[INFO] Registered singleton 2 for afterhours::ui::FontManager (9)
[INFO] Registered singleton 2 for afterhours::ui::TextMeasureCache (10)
[INFO] Registered singleton 2 for afterhours::ui::UIEntityMappingCache (11)
[INFO] Registered singleton 2 for afterhours::ui::DragGroupState (12)
[INFO]   Preload+fonts: 1 ms
[INFO] Registered singleton 6 for afterhours::modal::ModalRoot (28)
[INFO] Registered singleton 7 for afterhours::ui::TooltipState (29)
[INFO]   Systems registration: 0 ms
[INFO] Startup time: 87 ms (from graphics::run to app_init done)
[INFO] [Validation] No UI violations detected
[INFO] git: 84 ms (waited 0 ms for lock): git ls-files
[INFO] git: 85 ms (waited 0 ms for lock): git log
[INFO] commits loaded: 2 commits, 86 ms after refresh requested, 200 ms since process start
[INFO] git: 89 ms (waited 0 ms for lock): git status
[INFO] refresh: status ready at 91 ms
[INFO] git: 124 ms (waited 0 ms for lock): git diff
[INFO] refresh: diff ready at 209 ms
[INFO] git: 121 ms (waited 0 ms for lock): git diff
[INFO] git: 127 ms (waited 0 ms for lock): git branch
[INFO] refresh: branches ready at 214 ms
[INFO] refresh: done in 214 ms
[WARN] Layout wrap: 'review_primary_toolbar' in parent 'main_content' - NoWrap set but would overflow (child_size=72.0, offset=0.0, container=0.0)
[WARN] Layout overflow: 'review_primary_toolbar' extends outside parent 'main_content' bounds (child_rel=[0.0,0.0], child_size=[0.0,72.0], child_end=[0.0,72.0], parent_size=[0.0,0.0], gap=0.0, start_offset=0.0)
[WARN] Layout wrap: 'diff_stats_label' in parent '' - NoWrap set but would overflow (child_size=75.0, offset=0.0, container=0.0)
[WARN] Layout overflow: 'diff_stats_label' extends outside parent '' bounds (child_rel=[0.0,0.0], child_size=[75.0,30.0], child_end=[75.0,30.0], parent_size=[0.0,30.0], gap=8.0, start_offset=0.0)
[WARN] Layout wrap: 'diff_additions' in parent '' - NoWrap set but would overflow (child_size=30.0, offset=83.0, container=0.0)
[WARN] Layout overflow: 'diff_additions' extends outside parent '' bounds (child_rel=[83.0,0.0], child_size=[30.0,30.0], child_end=[113.0,30.0], parent_size=[0.0,30.0], gap=8.0, start_offset=0.0)
[WARN] Layout wrap: 'diff_deletions' in parent '' - NoWrap set but would overflow (child_size=30.0, offset=121.0, container=0.0)
[WARN] Layout overflow: 'diff_deletions' extends outside parent '' bounds (child_rel=[121.0,0.0], child_size=[30.0,30.0], child_end=[151.0,30.0], parent_size=[0.0,30.0], gap=8.0, start_offset=0.0)
[WARN] Layout wrap: 'review_segments' in parent 'diff_mode_toggle' - NoWrap set but would overflow (child_size=108.0, offset=0.0, container=0.0)
[WARN] Layout overflow: 'review_segments' extends outside parent 'diff_mode_toggle' bounds (child_rel=[0.0,0.0], child_size=[108.0,32.0], child_end=[108.0,32.0], parent_size=[0.0,32.0], gap=6.0, start_offset=0.0)
[WARN] Layout wrap: 'basket_toggle_btn' in parent 'diff_mode_toggle' - NoWrap set but would overflow (child_size=0.0, offset=114.0, container=0.0)
[WARN] Layout overflow: 'basket_toggle_btn' extends outside parent 'diff_mode_toggle' bounds (child_rel=[114.0,1.0], child_size=[0.0,30.0], child_end=[114.0,31.0], parent_size=[0.0,32.0], gap=6.0, start_offset=0.0)
[WARN] Layout wrap: 'feedback_icon' in parent 'basket_toggle_btn' - NoWrap set but would overflow (child_size=16.0, offset=0.0, container=0.0)
[WARN] Layout overflow: 'feedback_icon' extends outside parent 'basket_toggle_btn' bounds (child_rel=[0.0,7.0], child_size=[16.0,16.0], child_end=[16.0,23.0], parent_size=[0.0,30.0], gap=6.0, start_offset=0.0)
[WARN] Layout wrap: 'Feedback 0' in parent 'basket_toggle_btn' - NoWrap set but would overflow (child_size=0.0, offset=22.0, container=0.0)
[WARN] Layout overflow: 'Feedback 0' extends outside parent 'basket_toggle_btn' bounds (child_rel=[22.0,1.0], child_size=[0.0,28.0], child_end=[22.0,29.0], parent_size=[0.0,30.0], gap=6.0, start_offset=0.0)
[WARN] Layout wrap: 'finish_review' in parent 'diff_mode_toggle' - NoWrap set but would overflow (child_size=104.0, offset=120.0, container=0.0)
[WARN] Layout overflow: 'finish_review' extends outside parent 'diff_mode_toggle' bounds (child_rel=[120.0,1.0], child_size=[104.0,30.0], child_end=[224.0,31.0], parent_size=[0.0,32.0], gap=6.0, start_offset=0.0)
[WARN] Layout wrap: 'diff_options_toggle' in parent 'diff_mode_toggle' - NoWrap set but would overflow (child_size=32.0, offset=230.0, container=0.0)
[WARN] Layout overflow: 'diff_options_toggle' extends outside parent 'diff_mode_toggle' bounds (child_rel=[230.0,1.0], child_size=[32.0,30.0], child_end=[262.0,31.0], parent_size=[0.0,32.0], gap=6.0, start_offset=0.0)
[WARN] Layout wrap: '' in parent 'main_content' - NoWrap set but would overflow (child_size=24.0, offset=72.0, container=0.0)
[WARN] Layout overflow: '' extends outside parent 'main_content' bounds (child_rel=[0.0,72.0], child_size=[0.0,24.0], child_end=[0.0,96.0], parent_size=[0.0,0.0], gap=0.0, start_offset=0.0)
[WARN] Layout wrap: 'diff_scroll' in parent 'main_content' - NoWrap set but would overflow (child_size=0.0, offset=96.0, container=0.0)
[WARN] Layout overflow: 'diff_scroll' extends outside parent 'main_content' bounds (child_rel=[0.0,96.0], child_size=[0.0,0.0], child_end=[0.0,96.0], parent_size=[0.0,0.0], gap=0.0, start_offset=0.0)
[WARN] Layout wrap: 'fold_file:first.txt' in parent '' - NoWrap set but would overflow (child_size=28.0, offset=0.0, container=0.0)
[WARN] Layout overflow: 'fold_file:first.txt' extends outside parent '' bounds (child_rel=[0.0,2.0], child_size=[28.0,28.0], child_end=[28.0,30.0], parent_size=[0.0,32.0], gap=0.0, start_offset=0.0)
[WARN] Layout wrap: 'file_header_label' in parent '' - NoWrap set but would overflow (child_size=0.0, offset=28.0, container=0.0)
[WARN] Layout overflow: 'file_header_label' extends outside parent '' bounds (child_rel=[28.0,0.0], child_size=[0.0,32.0], child_end=[28.0,32.0], parent_size=[0.0,32.0], gap=0.0, start_offset=0.0)
[WARN] Layout overflow: 'file_additions' extends outside parent 'file_header_btns' bounds (child_rel=[0.0,18.0], child_size=[25.0,28.0], child_end=[25.0,46.0], parent_size=[0.0,64.0], gap=6.0, start_offset=0.0)
[WARN] Layout overflow: 'file_deletions' extends outside parent 'file_header_btns' bounds (child_rel=[0.0,46.0], child_size=[25.0,28.0], child_end=[25.0,74.0], parent_size=[0.0,64.0], gap=6.0, start_offset=0.0)
[WARN] Layout overflow: 'open_full_file' extends outside parent 'file_header_btns' bounds (child_rel=[0.0,74.0], child_size=[56.0,28.0], child_end=[56.0,102.0], parent_size=[0.0,64.0], gap=6.0, start_offset=0.0)
[WARN] Layout overflow: 'approve_file_btn' extends outside parent 'file_header_btns' bounds (child_rel=[0.0,102.0], child_size=[78.0,28.0], child_end=[78.0,130.0], parent_size=[0.0,64.0], gap=6.0, start_offset=0.0)
[WARN] Layout overflow: 'stage_file_btn' extends outside parent 'file_header_btns' bounds (child_rel=[0.0,130.0], child_size=[58.0,28.0], child_end=[58.0,158.0], parent_size=[0.0,64.0], gap=6.0, start_offset=0.0)
[WARN] Layout overflow: 'copy_file_diff_btn' extends outside parent 'file_header_btns' bounds (child_rel=[0.0,158.0], child_size=[60.0,28.0], child_end=[60.0,186.0], parent_size=[0.0,64.0], gap=6.0, start_offset=0.0)
[INFO] git: 71 ms (waited 0 ms for lock): git rev-parse
[INFO] git: 120 ms (waited 0 ms for lock): git show
[INFO] git: 105 ms (waited 0 ms for lock): git show
[INFO] git: 85 ms (waited 0 ms for lock): git rev-parse
[INFO] git: 88 ms (waited 0 ms for lock): git rev-parse
[INFO] git: 111 ms (waited 0 ms for lock): git rev-parse
[INFO] git: 73 ms (waited 0 ms for lock): git rev-parse
[INFO] git: 144 ms (waited 0 ms for lock): git show
[INFO] git: 126 ms (waited 0 ms for lock): git show
[INFO] git: 117 ms (waited 0 ms for lock): git rev-parse
[INFO] git: 98 ms (waited 0 ms for lock): git rev-parse
[INFO] commit patch cache hit for 376136454b61b18070d0b33ffa358f2ec6c12bda
[INFO] git: 58 ms (waited 0 ms for lock): git rev-parse
[INFO] git: 117 ms (waited 0 ms for lock): git rev-parse
[INFO] git: 102 ms (waited 0 ms for lock): git rev-parse
[INFO] git: 81 ms (waited 0 ms for lock): git rev-parse
[INFO] E2E finished in 0.72 seconds
[INFO] Process start to main: 35 ms
[INFO] Registered singleton 0 for afterhours::files::ProvidesResourcePaths (0)
[INFO] Settings loaded from /Users/gabeochoa/Library/Application Support/floatinghotel/settings.json
[INFO] Pre-graphics init: 2 ms
[INFO]   Window+GPU init: 98 ms
[INFO] Registered singleton 1 for afterhours::input::InputCollector (1)
[INFO] Registered singleton 1 for afterhours::input::ProvidesMaxGamepadID (2)
[INFO] Registered singleton 1 for afterhours::input::ProvidesInputMapping (3)
[INFO] Registered singleton 1 for afterhours::input::ProvidesInputConfig (4)
[WARN] try_load_gamepad_mappings: no backend configured
[INFO] Registered singleton 1 for afterhours::window_manager::ProvidesTargetFPS (5)
[INFO] Registered singleton 1 for afterhours::window_manager::ProvidesCurrentResolution (6)
[INFO] Registered singleton 1 for afterhours::window_manager::ProvidesAvailableWindowResolutions (7)
[INFO] Registered singleton 2 for afterhours::ui::UIContext<InputAction> (8)
[INFO] Registered singleton 2 for afterhours::ui::FontManager (9)
[INFO] Registered singleton 2 for afterhours::ui::TextMeasureCache (10)
[INFO] Registered singleton 2 for afterhours::ui::UIEntityMappingCache (11)
[INFO] Registered singleton 2 for afterhours::ui::DragGroupState (12)
[INFO]   Preload+fonts: 1 ms
[INFO] Registered singleton 6 for afterhours::modal::ModalRoot (28)
[INFO] Registered singleton 7 for afterhours::ui::TooltipState (29)
[INFO]   Systems registration: 0 ms
[INFO] Startup time: 99 ms (from graphics::run to app_init done)
[INFO] [Validation] No UI violations detected
[INFO] git: 205 ms (waited 0 ms for lock): git ls-files
[INFO] git: 422 ms (waited 0 ms for lock): git diff
[INFO] refresh: diff ready at 628 ms
[INFO] git: 668 ms (waited 0 ms for lock): git status
[INFO] refresh: status ready at 668 ms
[INFO] git: 114 ms (waited 0 ms for lock): git diff
[INFO] git: 166 ms (waited 0 ms for lock): git branch
[INFO] refresh: branches ready at 796 ms
[INFO] git: 1046 ms (waited 0 ms for lock): git log
[INFO] commits loaded: 100 commits, 1047 ms after refresh requested, 1187 ms since process start
[INFO] refresh: done in 1048 ms
[WARN] Layout wrap: 'commit_heading' in parent 'main_content' - NoWrap set but would overflow (child_size=60.0, offset=0.0, container=0.0)
[WARN] Layout overflow: 'commit_heading' extends outside parent 'main_content' bounds (child_rel=[0.0,0.0], child_size=[0.0,60.0], child_end=[0.0,60.0], parent_size=[0.0,0.0], gap=0.0, start_offset=0.0)
[WARN] Layout wrap: 'commit_sticky_revision' in parent 'commit_heading' - NoWrap set but would overflow (child_size=88.0, offset=0.0, container=0.0)
[WARN] Layout overflow: 'commit_sticky_revision' extends outside parent 'commit_heading' bounds (child_rel=[0.0,0.0], child_size=[88.0,52.0], child_end=[88.0,52.0], parent_size=[0.0,52.0], gap=0.0, start_offset=0.0)
[WARN] Layout wrap: 'commit_find_host' in parent 'main_content' - NoWrap set but would overflow (child_size=72.0, offset=60.0, container=0.0)
[WARN] Layout overflow: 'commit_find_host' extends outside parent 'main_content' bounds (child_rel=[0.0,60.0], child_size=[0.0,72.0], child_end=[0.0,132.0], parent_size=[0.0,0.0], gap=0.0, start_offset=0.0)
[WARN] Layout wrap: 'commit_detail_scroll' in parent 'main_content' - NoWrap set but would overflow (child_size=0.0, offset=132.0, container=0.0)
[WARN] Layout overflow: 'commit_detail_scroll' extends outside parent 'main_content' bounds (child_rel=[0.0,132.0], child_size=[0.0,0.0], child_end=[0.0,132.0], parent_size=[0.0,0.0], gap=0.0, start_offset=0.0)
[WARN] Layout wrap: 'commit_relative_date' in parent 'commit_meta_compact' - NoWrap set but would overflow (child_size=65.0, offset=6.0, container=0.0)
[WARN] Layout overflow: 'commit_relative_date' extends outside parent 'commit_meta_compact' bounds (child_rel=[6.0,2.0], child_size=[65.0,28.0], child_end=[71.0,30.0], parent_size=[0.0,32.0], gap=6.0, start_offset=0.0)
[WARN] Layout wrap: 'commit_short_hash' in parent 'commit_meta_compact' - NoWrap set but would overflow (child_size=84.0, offset=77.0, container=0.0)
[WARN] Layout overflow: 'commit_short_hash' extends outside parent 'commit_meta_compact' bounds (child_rel=[77.0,2.0], child_size=[84.0,28.0], child_end=[161.0,30.0], parent_size=[0.0,32.0], gap=6.0, start_offset=0.0)
[WARN] Layout wrap: 'commit_meta_toggle' in parent 'commit_meta_compact' - NoWrap set but would overflow (child_size=80.0, offset=167.0, container=0.0)
[WARN] Layout overflow: 'commit_meta_toggle' extends outside parent 'commit_meta_compact' bounds (child_rel=[167.0,2.0], child_size=[80.0,28.0], child_end=[247.0,30.0], parent_size=[0.0,32.0], gap=6.0, start_offset=0.0)
[INFO] git: 141 ms (waited 0 ms for lock): git rev-parse
[INFO] git: 623 ms (waited 0 ms for lock): git show
[INFO] git: 112 ms (waited 0 ms for lock): git show
[INFO] git: 79 ms (waited 0 ms for lock): git rev-parse
[INFO] git: 77 ms (waited 0 ms for lock): git rev-parse
[INFO] git: 88 ms (waited 0 ms for lock): git rev-parse
[INFO] git: 121 ms (waited 0 ms for lock): git rev-parse
[INFO] git: 141 ms (waited 0 ms for lock): git cat-file
[INFO] git: 168 ms (waited 0 ms for lock): git rev-parse
[INFO] git: 221 ms (waited 0 ms for lock): git cat-file
[INFO] git: 200 ms (waited 0 ms for lock): git cat-file
[INFO] git: 176 ms (waited 0 ms for lock): git cat-file
[INFO] git: 166 ms (waited 0 ms for lock): git rev-parse
[INFO] git: 118 ms (waited 0 ms for lock): git cat-file
[WARN] [E2E ERROR] click_ui (line 21): Visible click target not found: commit_back_btn
[INFO] git: 211 ms (waited 0 ms for lock): git cat-file
[INFO] git: 162 ms (waited 0 ms for lock): git rev-parse
[INFO] git: 153 ms (waited 0 ms for lock): git rev-parse
[INFO] git: 166 ms (waited 0 ms for lock): git rev-parse
[WARN] Layout wrap: 'image_mode_label' in parent 'image_controls' - NoWrap set but would overflow (child_size=170.0, offset=285.0, container=323.8)
[WARN] Layout overflow: 'image_mode_label' extends outside parent 'image_controls' bounds (child_rel=[285.0,0.0], child_size=[170.0,28.0], child_end=[455.0,28.0], parent_size=[323.8,34.0], gap=6.0, start_offset=0.0)
[WARN] Layout wrap: 'image_zoom_in' in parent 'image_controls' - NoWrap set but would overflow (child_size=36.0, offset=461.0, container=323.8)
[WARN] Layout overflow: 'image_zoom_in' extends outside parent 'image_controls' bounds (child_rel=[461.0,0.0], child_size=[36.0,28.0], child_end=[497.0,28.0], parent_size=[323.8,34.0], gap=6.0, start_offset=0.0)
[WARN] Layout wrap: 'image_mode_label' in parent 'image_controls' - NoWrap set but would overflow (child_size=170.0, offset=285.0, container=323.8)
[WARN] Layout overflow: 'image_mode_label' extends outside parent 'image_controls' bounds (child_rel=[285.0,0.0], child_size=[170.0,28.0], child_end=[455.0,28.0], parent_size=[323.8,34.0], gap=6.0, start_offset=0.0)
[WARN] Layout wrap: 'image_zoom_in' in parent 'image_controls' - NoWrap set but would overflow (child_size=36.0, offset=461.0, container=323.8)
[WARN] Layout overflow: 'image_zoom_in' extends outside parent 'image_controls' bounds (child_rel=[461.0,0.0], child_size=[36.0,28.0], child_end=[497.0,28.0], parent_size=[323.8,34.0], gap=6.0, start_offset=0.0)
[WARN] Layout wrap: 'image_mode_label' in parent 'image_controls' - NoWrap set but would overflow (child_size=170.0, offset=285.0, container=323.8)
[WARN] Layout overflow: 'image_mode_label' extends outside parent 'image_controls' bounds (child_rel=[285.0,0.0], child_size=[170.0,28.0], child_end=[455.0,28.0], parent_size=[323.8,34.0], gap=6.0, start_offset=0.0)
[WARN] Layout wrap: 'image_zoom_in' in parent 'image_controls' - NoWrap set but would overflow (child_size=36.0, offset=461.0, container=323.8)
[WARN] Layout overflow: 'image_zoom_in' extends outside parent 'image_controls' bounds (child_rel=[461.0,0.0], child_size=[36.0,28.0], child_end=[497.0,28.0], parent_size=[323.8,34.0], gap=6.0, start_offset=0.0)
[WARN] Layout wrap: 'image_mode_label' in parent 'image_controls' - NoWrap set but would overflow (child_size=170.0, offset=285.0, container=323.8)
[WARN] Layout overflow: 'image_mode_label' extends outside parent 'image_controls' bounds (child_rel=[285.0,0.0], child_size=[170.0,28.0], child_end=[455.0,28.0], parent_size=[323.8,34.0], gap=6.0, start_offset=0.0)
[WARN] Layout wrap: 'image_zoom_in' in parent 'image_controls' - NoWrap set but would overflow (child_size=36.0, offset=461.0, container=323.8)
[WARN] Layout overflow: 'image_zoom_in' extends outside parent 'image_controls' bounds (child_rel=[461.0,0.0], child_size=[36.0,28.0], child_end=[497.0,28.0], parent_size=[323.8,34.0], gap=6.0, start_offset=0.0)
[WARN] Layout wrap: 'image_mode_label' in parent 'image_controls' - NoWrap set but would overflow (child_size=170.0, offset=285.0, container=323.8)
[WARN] Layout overflow: 'image_mode_label' extends outside parent 'image_controls' bounds (child_rel=[285.0,0.0], child_size=[170.0,28.0], child_end=[455.0,28.0], parent_size=[323.8,34.0], gap=6.0, start_offset=0.0)
[WARN] Layout wrap: 'image_zoom_in' in parent 'image_controls' - NoWrap set but would overflow (child_size=36.0, offset=461.0, container=323.8)
[WARN] Layout overflow: 'image_zoom_in' extends outside parent 'image_controls' bounds (child_rel=[461.0,0.0], child_size=[36.0,28.0], child_end=[497.0,28.0], parent_size=[323.8,34.0], gap=6.0, start_offset=0.0)
[WARN] Layout wrap: 'image_mode_label' in parent 'image_controls' - NoWrap set but would overflow (child_size=170.0, offset=285.0, container=323.8)
[WARN] Layout overflow: 'image_mode_label' extends outside parent 'image_controls' bounds (child_rel=[285.0,0.0], child_size=[170.0,28.0], child_end=[455.0,28.0], parent_size=[323.8,34.0], gap=6.0, start_offset=0.0)
[WARN] Layout wrap: 'image_zoom_in' in parent 'image_controls' - NoWrap set but would overflow (child_size=36.0, offset=461.0, container=323.8)
[WARN] Layout overflow: 'image_zoom_in' extends outside parent 'image_controls' bounds (child_rel=[461.0,0.0], child_size=[36.0,28.0], child_end=[497.0,28.0], parent_size=[323.8,34.0], gap=6.0, start_offset=0.0)
[WARN] Layout wrap: 'image_mode_label' in parent 'image_controls' - NoWrap set but would overflow (child_size=170.0, offset=285.0, container=323.8)
[WARN] Layout overflow: 'image_mode_label' extends outside parent 'image_controls' bounds (child_rel=[285.0,0.0], child_size=[170.0,28.0], child_end=[455.0,28.0], parent_size=[323.8,34.0], gap=6.0, start_offset=0.0)
[WARN] Layout wrap: 'image_zoom_in' in parent 'image_controls' - NoWrap set but would overflow (child_size=36.0, offset=461.0, container=323.8)
[WARN] Layout overflow: 'image_zoom_in' extends outside parent 'image_controls' bounds (child_rel=[461.0,0.0], child_size=[36.0,28.0], child_end=[497.0,28.0], parent_size=[323.8,34.0], gap=6.0, start_offset=0.0)
[WARN] Layout wrap: 'image_mode_label' in parent 'image_controls' - NoWrap set but would overflow (child_size=170.0, offset=285.0, container=323.8)
[WARN] Layout overflow: 'image_mode_label' extends outside parent 'image_controls' bounds (child_rel=[285.0,0.0], child_size=[170.0,28.0], child_end=[455.0,28.0], parent_size=[323.8,34.0], gap=6.0, start_offset=0.0)
[WARN] Layout wrap: 'image_zoom_in' in parent 'image_controls' - NoWrap set but would overflow (child_size=36.0, offset=461.0, container=323.8)
[WARN] Layout overflow: 'image_zoom_in' extends outside parent 'image_controls' bounds (child_rel=[461.0,0.0], child_size=[36.0,28.0], child_end=[497.0,28.0], parent_size=[323.8,34.0], gap=6.0, start_offset=0.0)
[WARN] Layout wrap: 'image_mode_label' in parent 'image_controls' - NoWrap set but would overflow (child_size=170.0, offset=285.0, container=323.8)
[WARN] Layout overflow: 'image_mode_label' extends outside parent 'image_controls' bounds (child_rel=[285.0,0.0], child_size=[170.0,28.0], child_end=[455.0,28.0], parent_size=[323.8,34.0], gap=6.0, start_offset=0.0)
[WARN] Layout wrap: 'image_zoom_in' in parent 'image_controls' - NoWrap set but would overflow (child_size=36.0, offset=461.0, container=323.8)
[WARN] Layout overflow: 'image_zoom_in' extends outside parent 'image_controls' bounds (child_rel=[461.0,0.0], child_size=[36.0,28.0], child_end=[497.0,28.0], parent_size=[323.8,34.0], gap=6.0, start_offset=0.0)
[WARN] Layout wrap: 'image_mode_label' in parent 'image_controls' - NoWrap set but would overflow (child_size=170.0, offset=285.0, container=323.8)
[WARN] Layout overflow: 'image_mode_label' extends outside parent 'image_controls' bounds (child_rel=[285.0,0.0], child_size=[170.0,28.0], child_end=[455.0,28.0], parent_size=[323.8,34.0], gap=6.0, start_offset=0.0)
[WARN] Layout wrap: 'image_zoom_in' in parent 'image_controls' - NoWrap set but would overflow (child_size=36.0, offset=461.0, container=323.8)
[WARN] Layout overflow: 'image_zoom_in' extends outside parent 'image_controls' bounds (child_rel=[461.0,0.0], child_size=[36.0,28.0], child_end=[497.0,28.0], parent_size=[323.8,34.0], gap=6.0, start_offset=0.0)
[WARN] Layout wrap: 'image_mode_label' in parent 'image_controls' - NoWrap set but would overflow (child_size=170.0, offset=285.0, container=323.8)
[WARN] Layout overflow: 'image_mode_label' extends outside parent 'image_controls' bounds (child_rel=[285.0,0.0], child_size=[170.0,28.0], child_end=[455.0,28.0], parent_size=[323.8,34.0], gap=6.0, start_offset=0.0)
[WARN] Layout wrap: 'image_zoom_in' in parent 'image_controls' - NoWrap set but would overflow (child_size=36.0, offset=461.0, container=323.8)
[WARN] Layout overflow: 'image_zoom_in' extends outside parent 'image_controls' bounds (child_rel=[461.0,0.0], child_size=[36.0,28.0], child_end=[497.0,28.0], parent_size=[323.8,34.0], gap=6.0, start_offset=0.0)
[WARN] Layout wrap: 'image_mode_label' in parent 'image_controls' - NoWrap set but would overflow (child_size=170.0, offset=285.0, container=323.8)
[WARN] Layout overflow: 'image_mode_label' extends outside parent 'image_controls' bounds (child_rel=[285.0,0.0], child_size=[170.0,28.0], child_end=[455.0,28.0], parent_size=[323.8,34.0], gap=6.0, start_offset=0.0)
[WARN] Layout wrap: 'image_zoom_in' in parent 'image_controls' - NoWrap set but would overflow (child_size=36.0, offset=461.0, container=323.8)
[WARN] Layout overflow: 'image_zoom_in' extends outside parent 'image_controls' bounds (child_rel=[461.0,0.0], child_size=[36.0,28.0], child_end=[497.0,28.0], parent_size=[323.8,34.0], gap=6.0, start_offset=0.0)
[WARN] Layout wrap: 'image_mode_label' in parent 'image_controls' - NoWrap set but would overflow (child_size=170.0, offset=285.0, container=323.8)
[WARN] Layout overflow: 'image_mode_label' extends outside parent 'image_controls' bounds (child_rel=[285.0,0.0], child_size=[170.0,28.0], child_end=[455.0,28.0], parent_size=[323.8,34.0], gap=6.0, start_offset=0.0)
[WARN] Layout wrap: 'image_zoom_in' in parent 'image_controls' - NoWrap set but would overflow (child_size=36.0, offset=461.0, container=323.8)
[WARN] Layout overflow: 'image_zoom_in' extends outside parent 'image_controls' bounds (child_rel=[461.0,0.0], child_size=[36.0,28.0], child_end=[497.0,28.0], parent_size=[323.8,34.0], gap=6.0, start_offset=0.0)
[WARN] Layout wrap: 'image_mode_label' in parent 'image_controls' - NoWrap set but would overflow (child_size=170.0, offset=285.0, container=323.8)
[WARN] Layout overflow: 'image_mode_label' extends outside parent 'image_controls' bounds (child_rel=[285.0,0.0], child_size=[170.0,28.0], child_end=[455.0,28.0], parent_size=[323.8,34.0], gap=6.0, start_offset=0.0)
[WARN] Layout wrap: 'image_zoom_in' in parent 'image_controls' - NoWrap set but would overflow (child_size=36.0, offset=461.0, container=323.8)
[WARN] Layout overflow: 'image_zoom_in' extends outside parent 'image_controls' bounds (child_rel=[461.0,0.0], child_size=[36.0,28.0], child_end=[497.0,28.0], parent_size=[323.8,34.0], gap=6.0, start_offset=0.0)
[WARN] Layout wrap: 'image_mode_label' in parent 'image_controls' - NoWrap set but would overflow (child_size=170.0, offset=285.0, container=323.8)
[WARN] Layout overflow: 'image_mode_label' extends outside parent 'image_controls' bounds (child_rel=[285.0,0.0], child_size=[170.0,28.0], child_end=[455.0,28.0], parent_size=[323.8,34.0], gap=6.0, start_offset=0.0)
[WARN] Layout wrap: 'image_zoom_in' in parent 'image_controls' - NoWrap set but would overflow (child_size=36.0, offset=461.0, container=323.8)
[WARN] Layout overflow: 'image_zoom_in' extends outside parent 'image_controls' bounds (child_rel=[461.0,0.0], child_size=[36.0,28.0], child_end=[497.0,28.0], parent_size=[323.8,34.0], gap=6.0, start_offset=0.0)
[WARN] Layout wrap: 'image_mode_label' in parent 'image_controls' - NoWrap set but would overflow (child_size=170.0, offset=285.0, container=323.8)
[WARN] Layout overflow: 'image_mode_label' extends outside parent 'image_controls' bounds (child_rel=[285.0,0.0], child_size=[170.0,28.0], child_end=[455.0,28.0], parent_size=[323.8,34.0], gap=6.0, start_offset=0.0)
[WARN] Layout wrap: 'image_zoom_in' in parent 'image_controls' - NoWrap set but would overflow (child_size=36.0, offset=461.0, container=323.8)
[WARN] Layout overflow: 'image_zoom_in' extends outside parent 'image_controls' bounds (child_rel=[461.0,0.0], child_size=[36.0,28.0], child_end=[497.0,28.0], parent_size=[323.8,34.0], gap=6.0, start_offset=0.0)
[WARN] Layout wrap: 'image_mode_label' in parent 'image_controls' - NoWrap set but would overflow (child_size=170.0, offset=285.0, container=323.8)
[WARN] Layout overflow: 'image_mode_label' extends outside parent 'image_controls' bounds (child_rel=[285.0,0.0], child_size=[170.0,28.0], child_end=[455.0,28.0], parent_size=[323.8,34.0], gap=6.0, start_offset=0.0)
[WARN] Layout wrap: 'image_zoom_in' in parent 'image_controls' - NoWrap set but would overflow (child_size=36.0, offset=461.0, container=323.8)
[WARN] Layout overflow: 'image_zoom_in' extends outside parent 'image_controls' bounds (child_rel=[461.0,0.0], child_size=[36.0,28.0], child_end=[497.0,28.0], parent_size=[323.8,34.0], gap=6.0, start_offset=0.0)
[WARN] Layout wrap: 'image_mode_label' in parent 'image_controls' - NoWrap set but would overflow (child_size=170.0, offset=285.0, container=323.8)
[WARN] Layout overflow: 'image_mode_label' extends outside parent 'image_controls' bounds (child_rel=[285.0,0.0], child_size=[170.0,28.0], child_end=[455.0,28.0], parent_size=[323.8,34.0], gap=6.0, start_offset=0.0)
[WARN] Layout wrap: 'image_zoom_in' in parent 'image_controls' - NoWrap set but would overflow (child_size=36.0, offset=461.0, container=323.8)
[WARN] Layout overflow: 'image_zoom_in' extends outside parent 'image_controls' bounds (child_rel=[461.0,0.0], child_size=[36.0,28.0], child_end=[497.0,28.0], parent_size=[323.8,34.0], gap=6.0, start_offset=0.0)
[WARN] Layout wrap: 'image_mode_label' in parent 'image_controls' - NoWrap set but would overflow (child_size=170.0, offset=285.0, container=323.8)
[WARN] Layout overflow: 'image_mode_label' extends outside parent 'image_controls' bounds (child_rel=[285.0,0.0], child_size=[170.0,28.0], child_end=[455.0,28.0], parent_size=[323.8,34.0], gap=6.0, start_offset=0.0)
[WARN] Layout wrap: 'image_zoom_in' in parent 'image_controls' - NoWrap set but would overflow (child_size=36.0, offset=461.0, container=323.8)
[WARN] Layout overflow: 'image_zoom_in' extends outside parent 'image_controls' bounds (child_rel=[461.0,0.0], child_size=[36.0,28.0], child_end=[497.0,28.0], parent_size=[323.8,34.0], gap=6.0, start_offset=0.0)
[WARN] Layout wrap: 'image_mode_label' in parent 'image_controls' - NoWrap set but would overflow (child_size=170.0, offset=285.0, container=323.8)
[WARN] Layout overflow: 'image_mode_label' extends outside parent 'image_controls' bounds (child_rel=[285.0,0.0], child_size=[170.0,28.0], child_end=[455.0,28.0], parent_size=[323.8,34.0], gap=6.0, start_offset=0.0)
[WARN] Layout wrap: 'image_zoom_in' in parent 'image_controls' - NoWrap set but would overflow (child_size=36.0, offset=461.0, container=323.8)
[WARN] Layout overflow: 'image_zoom_in' extends outside parent 'image_controls' bounds (child_rel=[461.0,0.0], child_size=[36.0,28.0], child_end=[497.0,28.0], parent_size=[323.8,34.0], gap=6.0, start_offset=0.0)
[WARN] Layout wrap: 'image_mode_label' in parent 'image_controls' - NoWrap set but would overflow (child_size=170.0, offset=285.0, container=323.8)
[WARN] Layout overflow: 'image_mode_label' extends outside parent 'image_controls' bounds (child_rel=[285.0,0.0], child_size=[170.0,28.0], child_end=[455.0,28.0], parent_size=[323.8,34.0], gap=6.0, start_offset=0.0)
[WARN] Layout wrap: 'image_zoom_in' in parent 'image_controls' - NoWrap set but would overflow (child_size=36.0, offset=461.0, container=323.8)
[WARN] Layout overflow: 'image_zoom_in' extends outside parent 'image_controls' bounds (child_rel=[461.0,0.0], child_size=[36.0,28.0], child_end=[497.0,28.0], parent_size=[323.8,34.0], gap=6.0, start_offset=0.0)
[WARN] Layout wrap: 'image_mode_label' in parent 'image_controls' - NoWrap set but would overflow (child_size=170.0, offset=285.0, container=323.8)
[WARN] Layout overflow: 'image_mode_label' extends outside parent 'image_controls' bounds (child_rel=[285.0,0.0], child_size=[170.0,28.0], child_end=[455.0,28.0], parent_size=[323.8,34.0], gap=6.0, start_offset=0.0)
[WARN] Layout wrap: 'image_zoom_in' in parent 'image_controls' - NoWrap set but would overflow (child_size=36.0, offset=461.0, container=323.8)
[WARN] Layout overflow: 'image_zoom_in' extends outside parent 'image_controls' bounds (child_rel=[461.0,0.0], child_size=[36.0,28.0], child_end=[497.0,28.0], parent_size=[323.8,34.0], gap=6.0, start_offset=0.0)
[WARN] Layout wrap: 'image_mode_label' in parent 'image_controls' - NoWrap set but would overflow (child_size=170.0, offset=285.0, container=323.8)
[WARN] Layout overflow: 'image_mode_label' extends outside parent 'image_controls' bounds (child_rel=[285.0,0.0], child_size=[170.0,28.0], child_end=[455.0,28.0], parent_size=[323.8,34.0], gap=6.0, start_offset=0.0)
[WARN] Layout wrap: 'image_zoom_in' in parent 'image_controls' - NoWrap set but would overflow (child_size=36.0, offset=461.0, container=323.8)
[WARN] Layout overflow: 'image_zoom_in' extends outside parent 'image_controls' bounds (child_rel=[461.0,0.0], child_size=[36.0,28.0], child_end=[497.0,28.0], parent_size=[323.8,34.0], gap=6.0, start_offset=0.0)
[WARN] Layout wrap: 'image_mode_label' in parent 'image_controls' - NoWrap set but would overflow (child_size=170.0, offset=285.0, container=323.8)
[WARN] Layout overflow: 'image_mode_label' extends outside parent 'image_controls' bounds (child_rel=[285.0,0.0], child_size=[170.0,28.0], child_end=[455.0,28.0], parent_size=[323.8,34.0], gap=6.0, start_offset=0.0)
[WARN] Layout wrap: 'image_zoom_in' in parent 'image_controls' - NoWrap set but would overflow (child_size=36.0, offset=461.0, container=323.8)
[WARN] Layout overflow: 'image_zoom_in' extends outside parent 'image_controls' bounds (child_rel=[461.0,0.0], child_size=[36.0,28.0], child_end=[497.0,28.0], parent_size=[323.8,34.0], gap=6.0, start_offset=0.0)
[WARN] Layout wrap: 'image_mode_label' in parent 'image_controls' - NoWrap set but would overflow (child_size=170.0, offset=285.0, container=323.8)
[WARN] Layout overflow: 'image_mode_label' extends outside parent 'image_controls' bounds (child_rel=[285.0,0.0], child_size=[170.0,28.0], child_end=[455.0,28.0], parent_size=[323.8,34.0], gap=6.0, start_offset=0.0)
[WARN] Layout wrap: 'image_zoom_in' in parent 'image_controls' - NoWrap set but would overflow (child_size=36.0, offset=461.0, container=323.8)
[WARN] Layout overflow: 'image_zoom_in' extends outside parent 'image_controls' bounds (child_rel=[461.0,0.0], child_size=[36.0,28.0], child_end=[497.0,28.0], parent_size=[323.8,34.0], gap=6.0, start_offset=0.0)
[WARN] Layout wrap: 'image_mode_label' in parent 'image_controls' - NoWrap set but would overflow (child_size=170.0, offset=285.0, container=323.8)
[WARN] Layout overflow: 'image_mode_label' extends outside parent 'image_controls' bounds (child_rel=[285.0,0.0], child_size=[170.0,28.0], child_end=[455.0,28.0], parent_size=[323.8,34.0], gap=6.0, start_offset=0.0)
[WARN] Layout wrap: 'image_zoom_in' in parent 'image_controls' - NoWrap set but would overflow (child_size=36.0, offset=461.0, container=323.8)
[WARN] Layout overflow: 'image_zoom_in' extends outside parent 'image_controls' bounds (child_rel=[461.0,0.0], child_size=[36.0,28.0], child_end=[497.0,28.0], parent_size=[323.8,34.0], gap=6.0, start_offset=0.0)
[WARN] Layout wrap: 'image_mode_label' in parent 'image_controls' - NoWrap set but would overflow (child_size=170.0, offset=285.0, container=323.8)
[WARN] Layout overflow: 'image_mode_label' extends outside parent 'image_controls' bounds (child_rel=[285.0,0.0], child_size=[170.0,28.0], child_end=[455.0,28.0], parent_size=[323.8,34.0], gap=6.0, start_offset=0.0)
[WARN] Layout wrap: 'image_zoom_in' in parent 'image_controls' - NoWrap set but would overflow (child_size=36.0, offset=461.0, container=323.8)
[WARN] Layout overflow: 'image_zoom_in' extends outside parent 'image_controls' bounds (child_rel=[461.0,0.0], child_size=[36.0,28.0], child_end=[497.0,28.0], parent_size=[323.8,34.0], gap=6.0, start_offset=0.0)
[WARN] Layout wrap: 'image_mode_label' in parent 'image_controls' - NoWrap set but would overflow (child_size=170.0, offset=285.0, container=323.8)
[WARN] Layout overflow: 'image_mode_label' extends outside parent 'image_controls' bounds (child_rel=[285.0,0.0], child_size=[170.0,28.0], child_end=[455.0,28.0], parent_size=[323.8,34.0], gap=6.0, start_offset=0.0)
[WARN] Layout wrap: 'image_zoom_in' in parent 'image_controls' - NoWrap set but would overflow (child_size=36.0, offset=461.0, container=323.8)
[WARN] Layout overflow: 'image_zoom_in' extends outside parent 'image_controls' bounds (child_rel=[461.0,0.0], child_size=[36.0,28.0], child_end=[497.0,28.0], parent_size=[323.8,34.0], gap=6.0, start_offset=0.0)
[WARN] Layout wrap: 'image_mode_label' in parent 'image_controls' - NoWrap set but would overflow (child_size=170.0, offset=285.0, container=323.8)
[WARN] Layout overflow: 'image_mode_label' extends outside parent 'image_controls' bounds (child_rel=[285.0,0.0], child_size=[170.0,28.0], child_end=[455.0,28.0], parent_size=[323.8,34.0], gap=6.0, start_offset=0.0)
[WARN] Layout wrap: 'image_zoom_in' in parent 'image_controls' - NoWrap set but would overflow (child_size=36.0, offset=461.0, container=323.8)
[WARN] Layout overflow: 'image_zoom_in' extends outside parent 'image_controls' bounds (child_rel=[461.0,0.0], child_size=[36.0,28.0], child_end=[497.0,28.0], parent_size=[323.8,34.0], gap=6.0, start_offset=0.0)
[WARN] Layout wrap: 'image_mode_label' in parent 'image_controls' - NoWrap set but would overflow (child_size=170.0, offset=285.0, container=323.8)
[WARN] Layout overflow: 'image_mode_label' extends outside parent 'image_controls' bounds (child_rel=[285.0,0.0], child_size=[170.0,28.0], child_end=[455.0,28.0], parent_size=[323.8,34.0], gap=6.0, start_offset=0.0)
[WARN] Layout wrap: 'image_zoom_in' in parent 'image_controls' - NoWrap set but would overflow (child_size=36.0, offset=461.0, container=323.8)
[WARN] Layout overflow: 'image_zoom_in' extends outside parent 'image_controls' bounds (child_rel=[461.0,0.0], child_size=[36.0,28.0], child_end=[497.0,28.0], parent_size=[323.8,34.0], gap=6.0, start_offset=0.0)
[WARN] Layout wrap: 'image_mode_label' in parent 'image_controls' - NoWrap set but would overflow (child_size=170.0, offset=285.0, container=323.8)
[WARN] Layout overflow: 'image_mode_label' extends outside parent 'image_controls' bounds (child_rel=[285.0,0.0], child_size=[170.0,28.0], child_end=[455.0,28.0], parent_size=[323.8,34.0], gap=6.0, start_offset=0.0)
[WARN] Layout wrap: 'image_zoom_in' in parent 'image_controls' - NoWrap set but would overflow (child_size=36.0, offset=461.0, container=323.8)
[WARN] Layout overflow: 'image_zoom_in' extends outside parent 'image_controls' bounds (child_rel=[461.0,0.0], child_size=[36.0,28.0], child_end=[497.0,28.0], parent_size=[323.8,34.0], gap=6.0, start_offset=0.0)
[WARN] Layout wrap: 'image_mode_label' in parent 'image_controls' - NoWrap set but would overflow (child_size=170.0, offset=285.0, container=323.8)
[WARN] Layout overflow: 'image_mode_label' extends outside parent 'image_controls' bounds (child_rel=[285.0,0.0], child_size=[170.0,28.0], child_end=[455.0,28.0], parent_size=[323.8,34.0], gap=6.0, start_offset=0.0)
[WARN] Layout wrap: 'image_zoom_in' in parent 'image_controls' - NoWrap set but would overflow (child_size=36.0, offset=461.0, container=323.8)
[WARN] Layout overflow: 'image_zoom_in' extends outside parent 'image_controls' bounds (child_rel=[461.0,0.0], child_size=[36.0,28.0], child_end=[497.0,28.0], parent_size=[323.8,34.0], gap=6.0, start_offset=0.0)
[WARN] Layout wrap: 'image_mode_label' in parent 'image_controls' - NoWrap set but would overflow (child_size=170.0, offset=285.0, container=323.8)
[WARN] Layout overflow: 'image_mode_label' extends outside parent 'image_controls' bounds (child_rel=[285.0,0.0], child_size=[170.0,28.0], child_end=[455.0,28.0], parent_size=[323.8,34.0], gap=6.0, start_offset=0.0)
[WARN] Layout wrap: 'image_zoom_in' in parent 'image_controls' - NoWrap set but would overflow (child_size=36.0, offset=461.0, container=323.8)
[WARN] Layout overflow: 'image_zoom_in' extends outside parent 'image_controls' bounds (child_rel=[461.0,0.0], child_size=[36.0,28.0], child_end=[497.0,28.0], parent_size=[323.8,34.0], gap=6.0, start_offset=0.0)
[WARN] Layout wrap: 'image_mode_label' in parent 'image_controls' - NoWrap set but would overflow (child_size=170.0, offset=285.0, container=323.8)
[WARN] Layout overflow: 'image_mode_label' extends outside parent 'image_controls' bounds (child_rel=[285.0,0.0], child_size=[170.0,28.0], child_end=[455.0,28.0], parent_size=[323.8,34.0], gap=6.0, start_offset=0.0)
[WARN] Layout wrap: 'image_zoom_in' in parent 'image_controls' - NoWrap set but would overflow (child_size=36.0, offset=461.0, container=323.8)
[WARN] Layout overflow: 'image_zoom_in' extends outside parent 'image_controls' bounds (child_rel=[461.0,0.0], child_size=[36.0,28.0], child_end=[497.0,28.0], parent_size=[323.8,34.0], gap=6.0, start_offset=0.0)
[WARN] Layout wrap: 'image_mode_label' in parent 'image_controls' - NoWrap set but would overflow (child_size=170.0, offset=285.0, container=323.8)
[WARN] Layout overflow: 'image_mode_label' extends outside parent 'image_controls' bounds (child_rel=[285.0,0.0], child_size=[170.0,28.0], child_end=[455.0,28.0], parent_size=[323.8,34.0], gap=6.0, start_offset=0.0)
[WARN] Layout wrap: 'image_zoom_in' in parent 'image_controls' - NoWrap set but would overflow (child_size=36.0, offset=461.0, container=323.8)
[WARN] Layout overflow: 'image_zoom_in' extends outside parent 'image_controls' bounds (child_rel=[461.0,0.0], child_size=[36.0,28.0], child_end=[497.0,28.0], parent_size=[323.8,34.0], gap=6.0, start_offset=0.0)
[WARN] Layout wrap: 'image_mode_label' in parent 'image_controls' - NoWrap set but would overflow (child_size=170.0, offset=285.0, container=323.8)
[WARN] Layout overflow: 'image_mode_label' extends outside parent 'image_controls' bounds (child_rel=[285.0,0.0], child_size=[170.0,28.0], child_end=[455.0,28.0], parent_size=[323.8,34.0], gap=6.0, start_offset=0.0)
[WARN] Layout wrap: 'image_zoom_in' in parent 'image_controls' - NoWrap set but would overflow (child_size=36.0, offset=461.0, container=323.8)
[WARN] Layout overflow: 'image_zoom_in' extends outside parent 'image_controls' bounds (child_rel=[461.0,0.0], child_size=[36.0,28.0], child_end=[497.0,28.0], parent_size=[323.8,34.0], gap=6.0, start_offset=0.0)
[WARN] Layout wrap: 'image_mode_label' in parent 'image_controls' - NoWrap set but would overflow (child_size=170.0, offset=285.0, container=323.8)
[WARN] Layout overflow: 'image_mode_label' extends outside parent 'image_controls' bounds (child_rel=[285.0,0.0], child_size=[170.0,28.0], child_end=[455.0,28.0], parent_size=[323.8,34.0], gap=6.0, start_offset=0.0)
[WARN] Layout wrap: 'image_zoom_in' in parent 'image_controls' - NoWrap set but would overflow (child_size=36.0, offset=461.0, container=323.8)
[WARN] Layout overflow: 'image_zoom_in' extends outside parent 'image_controls' bounds (child_rel=[461.0,0.0], child_size=[36.0,28.0], child_end=[497.0,28.0], parent_size=[323.8,34.0], gap=6.0, start_offset=0.0)
[WARN] Layout wrap: 'image_mode_label' in parent 'image_controls' - NoWrap set but would overflow (child_size=170.0, offset=285.0, container=323.8)
[WARN] Layout overflow: 'image_mode_label' extends outside parent 'image_controls' bounds (child_rel=[285.0,0.0], child_size=[170.0,28.0], child_end=[455.0,28.0], parent_size=[323.8,34.0], gap=6.0, start_offset=0.0)
[WARN] Layout wrap: 'image_zoom_in' in parent 'image_controls' - NoWrap set but would overflow (child_size=36.0, offset=461.0, container=323.8)
[WARN] Layout overflow: 'image_zoom_in' extends outside parent 'image_controls' bounds (child_rel=[461.0,0.0], child_size=[36.0,28.0], child_end=[497.0,28.0], parent_size=[323.8,34.0], gap=6.0, start_offset=0.0)
[WARN] Layout wrap: 'image_mode_label' in parent 'image_controls' - NoWrap set but would overflow (child_size=170.0, offset=285.0, container=323.8)
[WARN] Layout overflow: 'image_mode_label' extends outside parent 'image_controls' bounds (child_rel=[285.0,0.0], child_size=[170.0,28.0], child_end=[455.0,28.0], parent_size=[323.8,34.0], gap=6.0, start_offset=0.0)
[WARN] Layout wrap: 'image_zoom_in' in parent 'image_controls' - NoWrap set but would overflow (child_size=36.0, offset=461.0, container=323.8)
[WARN] Layout overflow: 'image_zoom_in' extends outside parent 'image_controls' bounds (child_rel=[461.0,0.0], child_size=[36.0,28.0], child_end=[497.0,28.0], parent_size=[323.8,34.0], gap=6.0, start_offset=0.0)
[WARN] Layout wrap: 'image_mode_label' in parent 'image_controls' - NoWrap set but would overflow (child_size=170.0, offset=285.0, container=323.8)
[WARN] Layout overflow: 'image_mode_label' extends outside parent 'image_controls' bounds (child_rel=[285.0,0.0], child_size=[170.0,28.0], child_end=[455.0,28.0], parent_size=[323.8,34.0], gap=6.0, start_offset=0.0)
[WARN] Layout wrap: 'image_zoom_in' in parent 'image_controls' - NoWrap set but would overflow (child_size=36.0, offset=461.0, container=323.8)
[WARN] Layout overflow: 'image_zoom_in' extends outside parent 'image_controls' bounds (child_rel=[461.0,0.0], child_size=[36.0,28.0], child_end=[497.0,28.0], parent_size=[323.8,34.0], gap=6.0, start_offset=0.0)
[WARN] Layout wrap: 'image_mode_label' in parent 'image_controls' - NoWrap set but would overflow (child_size=170.0, offset=285.0, container=323.8)
[WARN] Layout overflow: 'image_mode_label' extends outside parent 'image_controls' bounds (child_rel=[285.0,0.0], child_size=[170.0,28.0], child_end=[455.0,28.0], parent_size=[323.8,34.0], gap=6.0, start_offset=0.0)
[WARN] Layout wrap: 'image_zoom_in' in parent 'image_controls' - NoWrap set but would overflow (child_size=36.0, offset=461.0, container=323.8)
[WARN] Layout overflow: 'image_zoom_in' extends outside parent 'image_controls' bounds (child_rel=[461.0,0.0], child_size=[36.0,28.0], child_end=[497.0,28.0], parent_size=[323.8,34.0], gap=6.0, start_offset=0.0)
[WARN] Layout wrap: 'image_mode_label' in parent 'image_controls' - NoWrap set but would overflow (child_size=170.0, offset=285.0, container=323.8)
[WARN] Layout overflow: 'image_mode_label' extends outside parent 'image_controls' bounds (child_rel=[285.0,0.0], child_size=[170.0,28.0], child_end=[455.0,28.0], parent_size=[323.8,34.0], gap=6.0, start_offset=0.0)
[WARN] Layout wrap: 'image_zoom_in' in parent 'image_controls' - NoWrap set but would overflow (child_size=36.0, offset=461.0, container=323.8)
[WARN] Layout overflow: 'image_zoom_in' extends outside parent 'image_controls' bounds (child_rel=[461.0,0.0], child_size=[36.0,28.0], child_end=[497.0,28.0], parent_size=[323.8,34.0], gap=6.0, start_offset=0.0)
[WARN] Layout wrap: 'image_mode_label' in parent 'image_controls' - NoWrap set but would overflow (child_size=170.0, offset=285.0, container=323.8)
[WARN] Layout overflow: 'image_mode_label' extends outside parent 'image_controls' bounds (child_rel=[285.0,0.0], child_size=[170.0,28.0], child_end=[455.0,28.0], parent_size=[323.8,34.0], gap=6.0, start_offset=0.0)
[WARN] Layout wrap: 'image_zoom_in' in parent 'image_controls' - NoWrap set but would overflow (child_size=36.0, offset=461.0, container=323.8)
[WARN] Layout overflow: 'image_zoom_in' extends outside parent 'image_controls' bounds (child_rel=[461.0,0.0], child_size=[36.0,28.0], child_end=[497.0,28.0], parent_size=[323.8,34.0], gap=6.0, start_offset=0.0)
[WARN] Layout wrap: 'image_mode_label' in parent 'image_controls' - NoWrap set but would overflow (child_size=170.0, offset=285.0, container=323.8)
[WARN] Layout overflow: 'image_mode_label' extends outside parent 'image_controls' bounds (child_rel=[285.0,0.0], child_size=[170.0,28.0], child_end=[455.0,28.0], parent_size=[323.8,34.0], gap=6.0, start_offset=0.0)
[WARN] Layout wrap: 'image_zoom_in' in parent 'image_controls' - NoWrap set but would overflow (child_size=36.0, offset=461.0, container=323.8)
[WARN] Layout overflow: 'image_zoom_in' extends outside parent 'image_controls' bounds (child_rel=[461.0,0.0], child_size=[36.0,28.0], child_end=[497.0,28.0], parent_size=[323.8,34.0], gap=6.0, start_offset=0.0)
[WARN] Layout wrap: 'image_mode_label' in parent 'image_controls' - NoWrap set but would overflow (child_size=170.0, offset=285.0, container=323.8)
[WARN] Layout overflow: 'image_mode_label' extends outside parent 'image_controls' bounds (child_rel=[285.0,0.0], child_size=[170.0,28.0], child_end=[455.0,28.0], parent_size=[323.8,34.0], gap=6.0, start_offset=0.0)
[WARN] Layout wrap: 'image_zoom_in' in parent 'image_controls' - NoWrap set but would overflow (child_size=36.0, offset=461.0, container=323.8)
[WARN] Layout overflow: 'image_zoom_in' extends outside parent 'image_controls' bounds (child_rel=[461.0,0.0], child_size=[36.0,28.0], child_end=[497.0,28.0], parent_size=[323.8,34.0], gap=6.0, start_offset=0.0)
[WARN] Layout wrap: 'image_mode_label' in parent 'image_controls' - NoWrap set but would overflow (child_size=170.0, offset=285.0, container=323.8)
[WARN] Layout overflow: 'image_mode_label' extends outside parent 'image_controls' bounds (child_rel=[285.0,0.0], child_size=[170.0,28.0], child_end=[455.0,28.0], parent_size=[323.8,34.0], gap=6.0, start_offset=0.0)
[WARN] Layout wrap: 'image_zoom_in' in parent 'image_controls' - NoWrap set but would overflow (child_size=36.0, offset=461.0, container=323.8)
[WARN] Layout overflow: 'image_zoom_in' extends outside parent 'image_controls' bounds (child_rel=[461.0,0.0], child_size=[36.0,28.0], child_end=[497.0,28.0], parent_size=[323.8,34.0], gap=6.0, start_offset=0.0)
[WARN] Layout wrap: 'image_mode_label' in parent 'image_controls' - NoWrap set but would overflow (child_size=170.0, offset=285.0, container=323.8)
[WARN] Layout overflow: 'image_mode_label' extends outside parent 'image_controls' bounds (child_rel=[285.0,0.0], child_size=[170.0,28.0], child_end=[455.0,28.0], parent_size=[323.8,34.0], gap=6.0, start_offset=0.0)
[WARN] Layout wrap: 'image_zoom_in' in parent 'image_controls' - NoWrap set but would overflow (child_size=36.0, offset=461.0, container=323.8)
[WARN] Layout overflow: 'image_zoom_in' extends outside parent 'image_controls' bounds (child_rel=[461.0,0.0], child_size=[36.0,28.0], child_end=[497.0,28.0], parent_size=[323.8,34.0], gap=6.0, start_offset=0.0)
[WARN] Layout wrap: 'image_mode_label' in parent 'image_controls' - NoWrap set but would overflow (child_size=170.0, offset=285.0, container=323.8)
[WARN] Layout overflow: 'image_mode_label' extends outside parent 'image_controls' bounds (child_rel=[285.0,0.0], child_size=[170.0,28.0], child_end=[455.0,28.0], parent_size=[323.8,34.0], gap=6.0, start_offset=0.0)
[WARN] Layout wrap: 'image_zoom_in' in parent 'image_controls' - NoWrap set but would overflow (child_size=36.0, offset=461.0, container=323.8)
[WARN] Layout overflow: 'image_zoom_in' extends outside parent 'image_controls' bounds (child_rel=[461.0,0.0], child_size=[36.0,28.0], child_end=[497.0,28.0], parent_size=[323.8,34.0], gap=6.0, start_offset=0.0)
[WARN] Layout wrap: 'image_mode_label' in parent 'image_controls' - NoWrap set but would overflow (child_size=170.0, offset=285.0, container=323.8)
[WARN] Layout overflow: 'image_mode_label' extends outside parent 'image_controls' bounds (child_rel=[285.0,0.0], child_size=[170.0,28.0], child_end=[455.0,28.0], parent_size=[323.8,34.0], gap=6.0, start_offset=0.0)
[WARN] Layout wrap: 'image_zoom_in' in parent 'image_controls' - NoWrap set but would overflow (child_size=36.0, offset=461.0, container=323.8)
[WARN] Layout overflow: 'image_zoom_in' extends outside parent 'image_controls' bounds (child_rel=[461.0,0.0], child_size=[36.0,28.0], child_end=[497.0,28.0], parent_size=[323.8,34.0], gap=6.0, start_offset=0.0)
[WARN] Layout wrap: 'image_mode_label' in parent 'image_controls' - NoWrap set but would overflow (child_size=170.0, offset=285.0, container=323.8)
[WARN] Layout overflow: 'image_mode_label' extends outside parent 'image_controls' bounds (child_rel=[285.0,0.0], child_size=[170.0,28.0], child_end=[455.0,28.0], parent_size=[323.8,34.0], gap=6.0, start_offset=0.0)
[WARN] Layout wrap: 'image_zoom_in' in parent 'image_controls' - NoWrap set but would overflow (child_size=36.0, offset=461.0, container=323.8)
[WARN] Layout overflow: 'image_zoom_in' extends outside parent 'image_controls' bounds (child_rel=[461.0,0.0], child_size=[36.0,28.0], child_end=[497.0,28.0], parent_size=[323.8,34.0], gap=6.0, start_offset=0.0)
[WARN] Layout wrap: 'image_mode_label' in parent 'image_controls' - NoWrap set but would overflow (child_size=170.0, offset=285.0, container=323.8)
[WARN] Layout overflow: 'image_mode_label' extends outside parent 'image_controls' bounds (child_rel=[285.0,0.0], child_size=[170.0,28.0], child_end=[455.0,28.0], parent_size=[323.8,34.0], gap=6.0, start_offset=0.0)
[WARN] Layout wrap: 'image_zoom_in' in parent 'image_controls' - NoWrap set but would overflow (child_size=36.0, offset=461.0, container=323.8)
[WARN] Layout overflow: 'image_zoom_in' extends outside parent 'image_controls' bounds (child_rel=[461.0,0.0], child_size=[36.0,28.0], child_end=[497.0,28.0], parent_size=[323.8,34.0], gap=6.0, start_offset=0.0)
[WARN] Layout wrap: 'image_mode_label' in parent 'image_controls' - NoWrap set but would overflow (child_size=170.0, offset=285.0, container=323.8)
[WARN] Layout overflow: 'image_mode_label' extends outside parent 'image_controls' bounds (child_rel=[285.0,0.0], child_size=[170.0,28.0], child_end=[455.0,28.0], parent_size=[323.8,34.0], gap=6.0, start_offset=0.0)
[WARN] Layout wrap: 'image_zoom_in' in parent 'image_controls' - NoWrap set but would overflow (child_size=36.0, offset=461.0, container=323.8)
[WARN] Layout overflow: 'image_zoom_in' extends outside parent 'image_controls' bounds (child_rel=[461.0,0.0], child_size=[36.0,28.0], child_end=[497.0,28.0], parent_size=[323.8,34.0], gap=6.0, start_offset=0.0)
[WARN] Layout wrap: 'image_mode_label' in parent 'image_controls' - NoWrap set but would overflow (child_size=170.0, offset=285.0, container=323.8)
[WARN] Layout overflow: 'image_mode_label' extends outside parent 'image_controls' bounds (child_rel=[285.0,0.0], child_size=[170.0,28.0], child_end=[455.0,28.0], parent_size=[323.8,34.0], gap=6.0, start_offset=0.0)
[WARN] Layout wrap: 'image_zoom_in' in parent 'image_controls' - NoWrap set but would overflow (child_size=36.0, offset=461.0, container=323.8)
[WARN] Layout overflow: 'image_zoom_in' extends outside parent 'image_controls' bounds (child_rel=[461.0,0.0], child_size=[36.0,28.0], child_end=[497.0,28.0], parent_size=[323.8,34.0], gap=6.0, start_offset=0.0)
[WARN] Layout wrap: 'image_mode_label' in parent 'image_controls' - NoWrap set but would overflow (child_size=170.0, offset=285.0, container=323.8)
[WARN] Layout overflow: 'image_mode_label' extends outside parent 'image_controls' bounds (child_rel=[285.0,0.0], child_size=[170.0,28.0], child_end=[455.0,28.0], parent_size=[323.8,34.0], gap=6.0, start_offset=0.0)
[WARN] Layout wrap: 'image_zoom_in' in parent 'image_controls' - NoWrap set but would overflow (child_size=36.0, offset=461.0, container=323.8)
[WARN] Layout overflow: 'image_zoom_in' extends outside parent 'image_controls' bounds (child_rel=[461.0,0.0], child_size=[36.0,28.0], child_end=[497.0,28.0], parent_size=[323.8,34.0], gap=6.0, start_offset=0.0)
[WARN] Layout wrap: 'image_mode_label' in parent 'image_controls' - NoWrap set but would overflow (child_size=170.0, offset=285.0, container=323.8)
[WARN] Layout overflow: 'image_mode_label' extends outside parent 'image_controls' bounds (child_rel=[285.0,0.0], child_size=[170.0,28.0], child_end=[455.0,28.0], parent_size=[323.8,34.0], gap=6.0, start_offset=0.0)
[WARN] Layout wrap: 'image_zoom_in' in parent 'image_controls' - NoWrap set but would overflow (child_size=36.0, offset=461.0, container=323.8)
[WARN] Layout overflow: 'image_zoom_in' extends outside parent 'image_controls' bounds (child_rel=[461.0,0.0], child_size=[36.0,28.0], child_end=[497.0,28.0], parent_size=[323.8,34.0], gap=6.0, start_offset=0.0)
[WARN] Layout wrap: 'image_mode_label' in parent 'image_controls' - NoWrap set but would overflow (child_size=170.0, offset=285.0, container=323.8)
[WARN] Layout overflow: 'image_mode_label' extends outside parent 'image_controls' bounds (child_rel=[285.0,0.0], child_size=[170.0,28.0], child_end=[455.0,28.0], parent_size=[323.8,34.0], gap=6.0, start_offset=0.0)
[WARN] Layout wrap: 'image_zoom_in' in parent 'image_controls' - NoWrap set but would overflow (child_size=36.0, offset=461.0, container=323.8)
[WARN] Layout overflow: 'image_zoom_in' extends outside parent 'image_controls' bounds (child_rel=[461.0,0.0], child_size=[36.0,28.0], child_end=[497.0,28.0], parent_size=[323.8,34.0], gap=6.0, start_offset=0.0)
[WARN] Layout wrap: 'image_mode_label' in parent 'image_controls' - NoWrap set but would overflow (child_size=170.0, offset=285.0, container=323.8)
[WARN] Layout overflow: 'image_mode_label' extends outside parent 'image_controls' bounds (child_rel=[285.0,0.0], child_size=[170.0,28.0], child_end=[455.0,28.0], parent_size=[323.8,34.0], gap=6.0, start_offset=0.0)
[WARN] Layout wrap: 'image_zoom_in' in parent 'image_controls' - NoWrap set but would overflow (child_size=36.0, offset=461.0, container=323.8)
[WARN] Layout overflow: 'image_zoom_in' extends outside parent 'image_controls' bounds (child_rel=[461.0,0.0], child_size=[36.0,28.0], child_end=[497.0,28.0], parent_size=[323.8,34.0], gap=6.0, start_offset=0.0)
[WARN] Layout wrap: 'image_mode_label' in parent 'image_controls' - NoWrap set but would overflow (child_size=170.0, offset=285.0, container=323.8)
[WARN] Layout overflow: 'image_mode_label' extends outside parent 'image_controls' bounds (child_rel=[285.0,0.0], child_size=[170.0,28.0], child_end=[455.0,28.0], parent_size=[323.8,34.0], gap=6.0, start_offset=0.0)
[WARN] Layout wrap: 'image_zoom_in' in parent 'image_controls' - NoWrap set but would overflow (child_size=36.0, offset=461.0, container=323.8)
[WARN] Layout overflow: 'image_zoom_in' extends outside parent 'image_controls' bounds (child_rel=[461.0,0.0], child_size=[36.0,28.0], child_end=[497.0,28.0], parent_size=[323.8,34.0], gap=6.0, start_offset=0.0)
[WARN] Layout wrap: 'image_mode_label' in parent 'image_controls' - NoWrap set but would overflow (child_size=170.0, offset=285.0, container=323.8)
[WARN] Layout overflow: 'image_mode_label' extends outside parent 'image_controls' bounds (child_rel=[285.0,0.0], child_size=[170.0,28.0], child_end=[455.0,28.0], parent_size=[323.8,34.0], gap=6.0, start_offset=0.0)
[WARN] Layout wrap: 'image_zoom_in' in parent 'image_controls' - NoWrap set but would overflow (child_size=36.0, offset=461.0, container=323.8)
[WARN] Layout overflow: 'image_zoom_in' extends outside parent 'image_controls' bounds (child_rel=[461.0,0.0], child_size=[36.0,28.0], child_end=[497.0,28.0], parent_size=[323.8,34.0], gap=6.0, start_offset=0.0)
[WARN] Layout wrap: 'image_mode_label' in parent 'image_controls' - NoWrap set but would overflow (child_size=170.0, offset=285.0, container=323.8)
[WARN] Layout overflow: 'image_mode_label' extends outside parent 'image_controls' bounds (child_rel=[285.0,0.0], child_size=[170.0,28.0], child_end=[455.0,28.0], parent_size=[323.8,34.0], gap=6.0, start_offset=0.0)
[WARN] Layout wrap: 'image_zoom_in' in parent 'image_controls' - NoWrap set but would overflow (child_size=36.0, offset=461.0, container=323.8)
[WARN] Layout overflow: 'image_zoom_in' extends outside parent 'image_controls' bounds (child_rel=[461.0,0.0], child_size=[36.0,28.0], child_end=[497.0,28.0], parent_size=[323.8,34.0], gap=6.0, start_offset=0.0)
[WARN] Layout wrap: 'image_mode_label' in parent 'image_controls' - NoWrap set but would overflow (child_size=170.0, offset=285.0, container=323.8)
[WARN] Layout overflow: 'image_mode_label' extends outside parent 'image_controls' bounds (child_rel=[285.0,0.0], child_size=[170.0,28.0], child_end=[455.0,28.0], parent_size=[323.8,34.0], gap=6.0, start_offset=0.0)
[WARN] Layout wrap: 'image_zoom_in' in parent 'image_controls' - NoWrap set but would overflow (child_size=36.0, offset=461.0, container=323.8)
[WARN] Layout overflow: 'image_zoom_in' extends outside parent 'image_controls' bounds (child_rel=[461.0,0.0], child_size=[36.0,28.0], child_end=[497.0,28.0], parent_size=[323.8,34.0], gap=6.0, start_offset=0.0)
[WARN] Layout wrap: 'image_mode_label' in parent 'image_controls' - NoWrap set but would overflow (child_size=170.0, offset=285.0, container=323.8)
[WARN] Layout overflow: 'image_mode_label' extends outside parent 'image_controls' bounds (child_rel=[285.0,0.0], child_size=[170.0,28.0], child_end=[455.0,28.0], parent_size=[323.8,34.0], gap=6.0, start_offset=0.0)
[WARN] Layout wrap: 'image_zoom_in' in parent 'image_controls' - NoWrap set but would overflow (child_size=36.0, offset=461.0, container=323.8)
[WARN] Layout overflow: 'image_zoom_in' extends outside parent 'image_controls' bounds (child_rel=[461.0,0.0], child_size=[36.0,28.0], child_end=[497.0,28.0], parent_size=[323.8,34.0], gap=6.0, start_offset=0.0)
[WARN] Layout wrap: 'image_mode_label' in parent 'image_controls' - NoWrap set but would overflow (child_size=170.0, offset=285.0, container=323.8)
[WARN] Layout overflow: 'image_mode_label' extends outside parent 'image_controls' bounds (child_rel=[285.0,0.0], child_size=[170.0,28.0], child_end=[455.0,28.0], parent_size=[323.8,34.0], gap=6.0, start_offset=0.0)
[WARN] Layout wrap: 'image_zoom_in' in parent 'image_controls' - NoWrap set but would overflow (child_size=36.0, offset=461.0, container=323.8)
[WARN] Layout overflow: 'image_zoom_in' extends outside parent 'image_controls' bounds (child_rel=[461.0,0.0], child_size=[36.0,28.0], child_end=[497.0,28.0], parent_size=[323.8,34.0], gap=6.0, start_offset=0.0)
[WARN] Layout wrap: 'image_mode_label' in parent 'image_controls' - NoWrap set but would overflow (child_size=170.0, offset=285.0, container=323.8)
[WARN] Layout overflow: 'image_mode_label' extends outside parent 'image_controls' bounds (child_rel=[285.0,0.0], child_size=[170.0,28.0], child_end=[455.0,28.0], parent_size=[323.8,34.0], gap=6.0, start_offset=0.0)
[WARN] Layout wrap: 'image_zoom_in' in parent 'image_controls' - NoWrap set but would overflow (child_size=36.0, offset=461.0, container=323.8)
[WARN] Layout overflow: 'image_zoom_in' extends outside parent 'image_controls' bounds (child_rel=[461.0,0.0], child_size=[36.0,28.0], child_end=[497.0,28.0], parent_size=[323.8,34.0], gap=6.0, start_offset=0.0)
[WARN] Layout wrap: 'image_mode_label' in parent 'image_controls' - NoWrap set but would overflow (child_size=170.0, offset=285.0, container=323.8)
[WARN] Layout overflow: 'image_mode_label' extends outside parent 'image_controls' bounds (child_rel=[285.0,0.0], child_size=[170.0,28.0], child_end=[455.0,28.0], parent_size=[323.8,34.0], gap=6.0, start_offset=0.0)
[WARN] Layout wrap: 'image_zoom_in' in parent 'image_controls' - NoWrap set but would overflow (child_size=36.0, offset=461.0, container=323.8)
[WARN] Layout overflow: 'image_zoom_in' extends outside parent 'image_controls' bounds (child_rel=[461.0,0.0], child_size=[36.0,28.0], child_end=[497.0,28.0], parent_size=[323.8,34.0], gap=6.0, start_offset=0.0)
[WARN] Layout wrap: 'image_mode_label' in parent 'image_controls' - NoWrap set but would overflow (child_size=170.0, offset=285.0, container=323.8)
[WARN] Layout overflow: 'image_mode_label' extends outside parent 'image_controls' bounds (child_rel=[285.0,0.0], child_size=[170.0,28.0], child_end=[455.0,28.0], parent_size=[323.8,34.0], gap=6.0, start_offset=0.0)
[WARN] Layout wrap: 'image_zoom_in' in parent 'image_controls' - NoWrap set but would overflow (child_size=36.0, offset=461.0, container=323.8)
[WARN] Layout overflow: 'image_zoom_in' extends outside parent 'image_controls' bounds (child_rel=[461.0,0.0], child_size=[36.0,28.0], child_end=[497.0,28.0], parent_size=[323.8,34.0], gap=6.0, start_offset=0.0)
[WARN] Layout wrap: 'image_mode_label' in parent 'image_controls' - NoWrap set but would overflow (child_size=170.0, offset=285.0, container=323.8)
[WARN] Layout overflow: 'image_mode_label' extends outside parent 'image_controls' bounds (child_rel=[285.0,0.0], child_size=[170.0,28.0], child_end=[455.0,28.0], parent_size=[323.8,34.0], gap=6.0, start_offset=0.0)
[WARN] Layout wrap: 'image_zoom_in' in parent 'image_controls' - NoWrap set but would overflow (child_size=36.0, offset=461.0, container=323.8)
[WARN] Layout overflow: 'image_zoom_in' extends outside parent 'image_controls' bounds (child_rel=[461.0,0.0], child_size=[36.0,28.0], child_end=[497.0,28.0], parent_size=[323.8,34.0], gap=6.0, start_offset=0.0)
[WARN] Layout wrap: 'image_mode_label' in parent 'image_controls' - NoWrap set but would overflow (child_size=170.0, offset=285.0, container=323.8)
[WARN] Layout overflow: 'image_mode_label' extends outside parent 'image_controls' bounds (child_rel=[285.0,0.0], child_size=[170.0,28.0], child_end=[455.0,28.0], parent_size=[323.8,34.0], gap=6.0, start_offset=0.0)
[WARN] Layout wrap: 'image_zoom_in' in parent 'image_controls' - NoWrap set but would overflow (child_size=36.0, offset=461.0, container=323.8)
[WARN] Layout overflow: 'image_zoom_in' extends outside parent 'image_controls' bounds (child_rel=[461.0,0.0], child_size=[36.0,28.0], child_end=[497.0,28.0], parent_size=[323.8,34.0], gap=6.0, start_offset=0.0)
[WARN] Layout wrap: 'image_mode_label' in parent 'image_controls' - NoWrap set but would overflow (child_size=170.0, offset=285.0, container=323.8)
[WARN] Layout overflow: 'image_mode_label' extends outside parent 'image_controls' bounds (child_rel=[285.0,0.0], child_size=[170.0,28.0], child_end=[455.0,28.0], parent_size=[323.8,34.0], gap=6.0, start_offset=0.0)
[WARN] Layout wrap: 'image_zoom_in' in parent 'image_controls' - NoWrap set but would overflow (child_size=36.0, offset=461.0, container=323.8)
[WARN] Layout overflow: 'image_zoom_in' extends outside parent 'image_controls' bounds (child_rel=[461.0,0.0], child_size=[36.0,28.0], child_end=[497.0,28.0], parent_size=[323.8,34.0], gap=6.0, start_offset=0.0)
[WARN] Layout wrap: 'image_mode_label' in parent 'image_controls' - NoWrap set but would overflow (child_size=170.0, offset=285.0, container=323.8)
[WARN] Layout overflow: 'image_mode_label' extends outside parent 'image_controls' bounds (child_rel=[285.0,0.0], child_size=[170.0,28.0], child_end=[455.0,28.0], parent_size=[323.8,34.0], gap=6.0, start_offset=0.0)
[WARN] Layout wrap: 'image_zoom_in' in parent 'image_controls' - NoWrap set but would overflow (child_size=36.0, offset=461.0, container=323.8)
[WARN] Layout overflow: 'image_zoom_in' extends outside parent 'image_controls' bounds (child_rel=[461.0,0.0], child_size=[36.0,28.0], child_end=[497.0,28.0], parent_size=[323.8,34.0], gap=6.0, start_offset=0.0)
[WARN] Layout wrap: 'image_mode_label' in parent 'image_controls' - NoWrap set but would overflow (child_size=170.0, offset=285.0, container=323.8)
[WARN] Layout overflow: 'image_mode_label' extends outside parent 'image_controls' bounds (child_rel=[285.0,0.0], child_size=[170.0,28.0], child_end=[455.0,28.0], parent_size=[323.8,34.0], gap=6.0, start_offset=0.0)
[WARN] Layout wrap: 'image_zoom_in' in parent 'image_controls' - NoWrap set but would overflow (child_size=36.0, offset=461.0, container=323.8)
[WARN] Layout overflow: 'image_zoom_in' extends outside parent 'image_controls' bounds (child_rel=[461.0,0.0], child_size=[36.0,28.0], child_end=[497.0,28.0], parent_size=[323.8,34.0], gap=6.0, start_offset=0.0)
[WARN] Layout wrap: 'image_mode_label' in parent 'image_controls' - NoWrap set but would overflow (child_size=170.0, offset=285.0, container=323.8)
[WARN] Layout overflow: 'image_mode_label' extends outside parent 'image_controls' bounds (child_rel=[285.0,0.0], child_size=[170.0,28.0], child_end=[455.0,28.0], parent_size=[323.8,34.0], gap=6.0, start_offset=0.0)
[WARN] Layout wrap: 'image_zoom_in' in parent 'image_controls' - NoWrap set but would overflow (child_size=36.0, offset=461.0, container=323.8)
[WARN] Layout overflow: 'image_zoom_in' extends outside parent 'image_controls' bounds (child_rel=[461.0,0.0], child_size=[36.0,28.0], child_end=[497.0,28.0], parent_size=[323.8,34.0], gap=6.0, start_offset=0.0)
[WARN] Layout wrap: 'image_mode_label' in parent 'image_controls' - NoWrap set but would overflow (child_size=170.0, offset=285.0, container=323.8)
[WARN] Layout overflow: 'image_mode_label' extends outside parent 'image_controls' bounds (child_rel=[285.0,0.0], child_size=[170.0,28.0], child_end=[455.0,28.0], parent_size=[323.8,34.0], gap=6.0, start_offset=0.0)
[WARN] Layout wrap: 'image_zoom_in' in parent 'image_controls' - NoWrap set but would overflow (child_size=36.0, offset=461.0, container=323.8)
[WARN] Layout overflow: 'image_zoom_in' extends outside parent 'image_controls' bounds (child_rel=[461.0,0.0], child_size=[36.0,28.0], child_end=[497.0,28.0], parent_size=[323.8,34.0], gap=6.0, start_offset=0.0)
[WARN] Layout wrap: 'image_mode_label' in parent 'image_controls' - NoWrap set but would overflow (child_size=170.0, offset=285.0, container=323.8)
[WARN] Layout overflow: 'image_mode_label' extends outside parent 'image_controls' bounds (child_rel=[285.0,0.0], child_size=[170.0,28.0], child_end=[455.0,28.0], parent_size=[323.8,34.0], gap=6.0, start_offset=0.0)
[WARN] Layout wrap: 'image_zoom_in' in parent 'image_controls' - NoWrap set but would overflow (child_size=36.0, offset=461.0, container=323.8)
[WARN] Layout overflow: 'image_zoom_in' extends outside parent 'image_controls' bounds (child_rel=[461.0,0.0], child_size=[36.0,28.0], child_end=[497.0,28.0], parent_size=[323.8,34.0], gap=6.0, start_offset=0.0)
[WARN] Layout wrap: 'image_mode_label' in parent 'image_controls' - NoWrap set but would overflow (child_size=170.0, offset=285.0, container=323.8)
[WARN] Layout overflow: 'image_mode_label' extends outside parent 'image_controls' bounds (child_rel=[285.0,0.0], child_size=[170.0,28.0], child_end=[455.0,28.0], parent_size=[323.8,34.0], gap=6.0, start_offset=0.0)
[WARN] Layout wrap: 'image_zoom_in' in parent 'image_controls' - NoWrap set but would overflow (child_size=36.0, offset=461.0, container=323.8)
[WARN] Layout overflow: 'image_zoom_in' extends outside parent 'image_controls' bounds (child_rel=[461.0,0.0], child_size=[36.0,28.0], child_end=[497.0,28.0], parent_size=[323.8,34.0], gap=6.0, start_offset=0.0)
[WARN] Layout wrap: 'image_mode_label' in parent 'image_controls' - NoWrap set but would overflow (child_size=170.0, offset=285.0, container=323.8)
[WARN] Layout overflow: 'image_mode_label' extends outside parent 'image_controls' bounds (child_rel=[285.0,0.0], child_size=[170.0,28.0], child_end=[455.0,28.0], parent_size=[323.8,34.0], gap=6.0, start_offset=0.0)
[WARN] Layout wrap: 'image_zoom_in' in parent 'image_controls' - NoWrap set but would overflow (child_size=36.0, offset=461.0, container=323.8)
[WARN] Layout overflow: 'image_zoom_in' extends outside parent 'image_controls' bounds (child_rel=[461.0,0.0], child_size=[36.0,28.0], child_end=[497.0,28.0], parent_size=[323.8,34.0], gap=6.0, start_offset=0.0)
[INFO] git: 128 ms (waited 0 ms for lock): git rev-parse
[WARN] Layout wrap: 'image_mode_label' in parent 'image_controls' - NoWrap set but would overflow (child_size=170.0, offset=285.0, container=323.8)
[WARN] Layout overflow: 'image_mode_label' extends outside parent 'image_controls' bounds (child_rel=[285.0,0.0], child_size=[170.0,28.0], child_end=[455.0,28.0], parent_size=[323.8,34.0], gap=6.0, start_offset=0.0)
[WARN] Layout wrap: 'image_zoom_in' in parent 'image_controls' - NoWrap set but would overflow (child_size=36.0, offset=461.0, container=323.8)
[WARN] Layout overflow: 'image_zoom_in' extends outside parent 'image_controls' bounds (child_rel=[461.0,0.0], child_size=[36.0,28.0], child_end=[497.0,28.0], parent_size=[323.8,34.0], gap=6.0, start_offset=0.0)
[WARN] Layout wrap: 'image_mode_label' in parent 'image_controls' - NoWrap set but would overflow (child_size=170.0, offset=285.0, container=323.8)
[WARN] Layout overflow: 'image_mode_label' extends outside parent 'image_controls' bounds (child_rel=[285.0,0.0], child_size=[170.0,28.0], child_end=[455.0,28.0], parent_size=[323.8,34.0], gap=6.0, start_offset=0.0)
[WARN] Layout wrap: 'image_zoom_in' in parent 'image_controls' - NoWrap set but would overflow (child_size=36.0, offset=461.0, container=323.8)
[WARN] Layout overflow: 'image_zoom_in' extends outside parent 'image_controls' bounds (child_rel=[461.0,0.0], child_size=[36.0,28.0], child_end=[497.0,28.0], parent_size=[323.8,34.0], gap=6.0, start_offset=0.0)
[WARN] Layout wrap: 'image_mode_label' in parent 'image_controls' - NoWrap set but would overflow (child_size=170.0, offset=285.0, container=323.8)
[WARN] Layout overflow: 'image_mode_label' extends outside parent 'image_controls' bounds (child_rel=[285.0,0.0], child_size=[170.0,28.0], child_end=[455.0,28.0], parent_size=[323.8,34.0], gap=6.0, start_offset=0.0)
[WARN] Layout wrap: 'image_zoom_in' in parent 'image_controls' - NoWrap set but would overflow (child_size=36.0, offset=461.0, container=323.8)
[WARN] Layout overflow: 'image_zoom_in' extends outside parent 'image_controls' bounds (child_rel=[461.0,0.0], child_size=[36.0,28.0], child_end=[497.0,28.0], parent_size=[323.8,34.0], gap=6.0, start_offset=0.0)
[WARN] Layout wrap: 'image_mode_label' in parent 'image_controls' - NoWrap set but would overflow (child_size=170.0, offset=285.0, container=323.8)
[WARN] Layout overflow: 'image_mode_label' extends outside parent 'image_controls' bounds (child_rel=[285.0,0.0], child_size=[170.0,28.0], child_end=[455.0,28.0], parent_size=[323.8,34.0], gap=6.0, start_offset=0.0)
[WARN] Layout wrap: 'image_zoom_in' in parent 'image_controls' - NoWrap set but would overflow (child_size=36.0, offset=461.0, container=323.8)
[WARN] Layout overflow: 'image_zoom_in' extends outside parent 'image_controls' bounds (child_rel=[461.0,0.0], child_size=[36.0,28.0], child_end=[497.0,28.0], parent_size=[323.8,34.0], gap=6.0, start_offset=0.0)
[WARN] Layout wrap: 'image_mode_label' in parent 'image_controls' - NoWrap set but would overflow (child_size=170.0, offset=285.0, container=323.8)
[WARN] Layout overflow: 'image_mode_label' extends outside parent 'image_controls' bounds (child_rel=[285.0,0.0], child_size=[170.0,28.0], child_end=[455.0,28.0], parent_size=[323.8,34.0], gap=6.0, start_offset=0.0)
[WARN] Layout wrap: 'image_zoom_in' in parent 'image_controls' - NoWrap set but would overflow (child_size=36.0, offset=461.0, container=323.8)
[WARN] Layout overflow: 'image_zoom_in' extends outside parent 'image_controls' bounds (child_rel=[461.0,0.0], child_size=[36.0,28.0], child_end=[497.0,28.0], parent_size=[323.8,34.0], gap=6.0, start_offset=0.0)
[WARN] Layout wrap: 'image_mode_label' in parent 'image_controls' - NoWrap set but would overflow (child_size=170.0, offset=285.0, container=323.8)
[WARN] Layout overflow: 'image_mode_label' extends outside parent 'image_controls' bounds (child_rel=[285.0,0.0], child_size=[170.0,28.0], child_end=[455.0,28.0], parent_size=[323.8,34.0], gap=6.0, start_offset=0.0)
[WARN] Layout wrap: 'image_zoom_in' in parent 'image_controls' - NoWrap set but would overflow (child_size=36.0, offset=461.0, container=323.8)
[WARN] Layout overflow: 'image_zoom_in' extends outside parent 'image_controls' bounds (child_rel=[461.0,0.0], child_size=[36.0,28.0], child_end=[497.0,28.0], parent_size=[323.8,34.0], gap=6.0, start_offset=0.0)
[WARN] Layout wrap: 'image_mode_label' in parent 'image_controls' - NoWrap set but would overflow (child_size=170.0, offset=285.0, container=323.8)
[WARN] Layout overflow: 'image_mode_label' extends outside parent 'image_controls' bounds (child_rel=[285.0,0.0], child_size=[170.0,28.0], child_end=[455.0,28.0], parent_size=[323.8,34.0], gap=6.0, start_offset=0.0)
[WARN] Layout wrap: 'image_zoom_in' in parent 'image_controls' - NoWrap set but would overflow (child_size=36.0, offset=461.0, container=323.8)
[WARN] Layout overflow: 'image_zoom_in' extends outside parent 'image_controls' bounds (child_rel=[461.0,0.0], child_size=[36.0,28.0], child_end=[497.0,28.0], parent_size=[323.8,34.0], gap=6.0, start_offset=0.0)
[WARN] Layout wrap: 'image_mode_label' in parent 'image_controls' - NoWrap set but would overflow (child_size=170.0, offset=285.0, container=323.8)
[WARN] Layout overflow: 'image_mode_label' extends outside parent 'image_controls' bounds (child_rel=[285.0,0.0], child_size=[170.0,28.0], child_end=[455.0,28.0], parent_size=[323.8,34.0], gap=6.0, start_offset=0.0)
[WARN] Layout wrap: 'image_zoom_in' in parent 'image_controls' - NoWrap set but would overflow (child_size=36.0, offset=461.0, container=323.8)
[WARN] Layout overflow: 'image_zoom_in' extends outside parent 'image_controls' bounds (child_rel=[461.0,0.0], child_size=[36.0,28.0], child_end=[497.0,28.0], parent_size=[323.8,34.0], gap=6.0, start_offset=0.0)
[WARN] Layout wrap: 'image_mode_label' in parent 'image_controls' - NoWrap set but would overflow (child_size=170.0, offset=285.0, container=323.8)
[WARN] Layout overflow: 'image_mode_label' extends outside parent 'image_controls' bounds (child_rel=[285.0,0.0], child_size=[170.0,28.0], child_end=[455.0,28.0], parent_size=[323.8,34.0], gap=6.0, start_offset=0.0)
[WARN] Layout wrap: 'image_zoom_in' in parent 'image_controls' - NoWrap set but would overflow (child_size=36.0, offset=461.0, container=323.8)
[WARN] Layout overflow: 'image_zoom_in' extends outside parent 'image_controls' bounds (child_rel=[461.0,0.0], child_size=[36.0,28.0], child_end=[497.0,28.0], parent_size=[323.8,34.0], gap=6.0, start_offset=0.0)
[WARN] Layout wrap: 'image_mode_label' in parent 'image_controls' - NoWrap set but would overflow (child_size=170.0, offset=285.0, container=323.8)
[WARN] Layout overflow: 'image_mode_label' extends outside parent 'image_controls' bounds (child_rel=[285.0,0.0], child_size=[170.0,28.0], child_end=[455.0,28.0], parent_size=[323.8,34.0], gap=6.0, start_offset=0.0)
[WARN] Layout wrap: 'image_zoom_in' in parent 'image_controls' - NoWrap set but would overflow (child_size=36.0, offset=461.0, container=323.8)
[WARN] Layout overflow: 'image_zoom_in' extends outside parent 'image_controls' bounds (child_rel=[461.0,0.0], child_size=[36.0,28.0], child_end=[497.0,28.0], parent_size=[323.8,34.0], gap=6.0, start_offset=0.0)
[WARN] Layout wrap: 'image_mode_label' in parent 'image_controls' - NoWrap set but would overflow (child_size=170.0, offset=285.0, container=323.8)
[WARN] Layout overflow: 'image_mode_label' extends outside parent 'image_controls' bounds (child_rel=[285.0,0.0], child_size=[170.0,28.0], child_end=[455.0,28.0], parent_size=[323.8,34.0], gap=6.0, start_offset=0.0)
[WARN] Layout wrap: 'image_zoom_in' in parent 'image_controls' - NoWrap set but would overflow (child_size=36.0, offset=461.0, container=323.8)
[WARN] Layout overflow: 'image_zoom_in' extends outside parent 'image_controls' bounds (child_rel=[461.0,0.0], child_size=[36.0,28.0], child_end=[497.0,28.0], parent_size=[323.8,34.0], gap=6.0, start_offset=0.0)
[WARN] Layout wrap: 'image_mode_label' in parent 'image_controls' - NoWrap set but would overflow (child_size=170.0, offset=285.0, container=323.8)
[WARN] Layout overflow: 'image_mode_label' extends outside parent 'image_controls' bounds (child_rel=[285.0,0.0], child_size=[170.0,28.0], child_end=[455.0,28.0], parent_size=[323.8,34.0], gap=6.0, start_offset=0.0)
[WARN] Layout wrap: 'image_zoom_in' in parent 'image_controls' - NoWrap set but would overflow (child_size=36.0, offset=461.0, container=323.8)
[WARN] Layout overflow: 'image_zoom_in' extends outside parent 'image_controls' bounds (child_rel=[461.0,0.0], child_size=[36.0,28.0], child_end=[497.0,28.0], parent_size=[323.8,34.0], gap=6.0, start_offset=0.0)
[WARN] Layout wrap: 'image_mode_label' in parent 'image_controls' - NoWrap set but would overflow (child_size=170.0, offset=285.0, container=323.8)
[WARN] Layout overflow: 'image_mode_label' extends outside parent 'image_controls' bounds (child_rel=[285.0,0.0], child_size=[170.0,28.0], child_end=[455.0,28.0], parent_size=[323.8,34.0], gap=6.0, start_offset=0.0)
[WARN] Layout wrap: 'image_zoom_in' in parent 'image_controls' - NoWrap set but would overflow (child_size=36.0, offset=461.0, container=323.8)
[WARN] Layout overflow: 'image_zoom_in' extends outside parent 'image_controls' bounds (child_rel=[461.0,0.0], child_size=[36.0,28.0], child_end=[497.0,28.0], parent_size=[323.8,34.0], gap=6.0, start_offset=0.0)
[WARN] Layout wrap: 'image_mode_label' in parent 'image_controls' - NoWrap set but would overflow (child_size=170.0, offset=285.0, container=323.8)
[WARN] Layout overflow: 'image_mode_label' extends outside parent 'image_controls' bounds (child_rel=[285.0,0.0], child_size=[170.0,28.0], child_end=[455.0,28.0], parent_size=[323.8,34.0], gap=6.0, start_offset=0.0)
[WARN] Layout wrap: 'image_zoom_in' in parent 'image_controls' - NoWrap set but would overflow (child_size=36.0, offset=461.0, container=323.8)
[WARN] Layout overflow: 'image_zoom_in' extends outside parent 'image_controls' bounds (child_rel=[461.0,0.0], child_size=[36.0,28.0], child_end=[497.0,28.0], parent_size=[323.8,34.0], gap=6.0, start_offset=0.0)
[WARN] Layout wrap: 'image_mode_label' in parent 'image_controls' - NoWrap set but would overflow (child_size=170.0, offset=285.0, container=323.8)
[WARN] Layout overflow: 'image_mode_label' extends outside parent 'image_controls' bounds (child_rel=[285.0,0.0], child_size=[170.0,28.0], child_end=[455.0,28.0], parent_size=[323.8,34.0], gap=6.0, start_offset=0.0)
[WARN] Layout wrap: 'image_zoom_in' in parent 'image_controls' - NoWrap set but would overflow (child_size=36.0, offset=461.0, container=323.8)
[WARN] Layout overflow: 'image_zoom_in' extends outside parent 'image_controls' bounds (child_rel=[461.0,0.0], child_size=[36.0,28.0], child_end=[497.0,28.0], parent_size=[323.8,34.0], gap=6.0, start_offset=0.0)
[WARN] Layout wrap: 'image_mode_label' in parent 'image_controls' - NoWrap set but would overflow (child_size=170.0, offset=285.0, container=323.8)
[WARN] Layout overflow: 'image_mode_label' extends outside parent 'image_controls' bounds (child_rel=[285.0,0.0], child_size=[170.0,28.0], child_end=[455.0,28.0], parent_size=[323.8,34.0], gap=6.0, start_offset=0.0)
[WARN] Layout wrap: 'image_zoom_in' in parent 'image_controls' - NoWrap set but would overflow (child_size=36.0, offset=461.0, container=323.8)
[WARN] Layout overflow: 'image_zoom_in' extends outside parent 'image_controls' bounds (child_rel=[461.0,0.0], child_size=[36.0,28.0], child_end=[497.0,28.0], parent_size=[323.8,34.0], gap=6.0, start_offset=0.0)
[WARN] Layout wrap: 'image_mode_label' in parent 'image_controls' - NoWrap set but would overflow (child_size=170.0, offset=285.0, container=323.8)
[WARN] Layout overflow: 'image_mode_label' extends outside parent 'image_controls' bounds (child_rel=[285.0,0.0], child_size=[170.0,28.0], child_end=[455.0,28.0], parent_size=[323.8,34.0], gap=6.0, start_offset=0.0)
[WARN] Layout wrap: 'image_zoom_in' in parent 'image_controls' - NoWrap set but would overflow (child_size=36.0, offset=461.0, container=323.8)
[WARN] Layout overflow: 'image_zoom_in' extends outside parent 'image_controls' bounds (child_rel=[461.0,0.0], child_size=[36.0,28.0], child_end=[497.0,28.0], parent_size=[323.8,34.0], gap=6.0, start_offset=0.0)
[WARN] Layout wrap: 'image_mode_label' in parent 'image_controls' - NoWrap set but would overflow (child_size=170.0, offset=285.0, container=323.8)
[WARN] Layout overflow: 'image_mode_label' extends outside parent 'image_controls' bounds (child_rel=[285.0,0.0], child_size=[170.0,28.0], child_end=[455.0,28.0], parent_size=[323.8,34.0], gap=6.0, start_offset=0.0)
[WARN] Layout wrap: 'image_zoom_in' in parent 'image_controls' - NoWrap set but would overflow (child_size=36.0, offset=461.0, container=323.8)
[WARN] Layout overflow: 'image_zoom_in' extends outside parent 'image_controls' bounds (child_rel=[461.0,0.0], child_size=[36.0,28.0], child_end=[497.0,28.0], parent_size=[323.8,34.0], gap=6.0, start_offset=0.0)
[WARN] Layout wrap: 'image_mode_label' in parent 'image_controls' - NoWrap set but would overflow (child_size=170.0, offset=285.0, container=323.8)
[WARN] Layout overflow: 'image_mode_label' extends outside parent 'image_controls' bounds (child_rel=[285.0,0.0], child_size=[170.0,28.0], child_end=[455.0,28.0], parent_size=[323.8,34.0], gap=6.0, start_offset=0.0)
[WARN] Layout wrap: 'image_zoom_in' in parent 'image_controls' - NoWrap set but would overflow (child_size=36.0, offset=461.0, container=323.8)
[WARN] Layout overflow: 'image_zoom_in' extends outside parent 'image_controls' bounds (child_rel=[461.0,0.0], child_size=[36.0,28.0], child_end=[497.0,28.0], parent_size=[323.8,34.0], gap=6.0, start_offset=0.0)
[INFO] git: 133 ms (waited 0 ms for lock): git cat-file
[WARN] Layout wrap: 'image_mode_label' in parent 'image_controls' - NoWrap set but would overflow (child_size=170.0, offset=285.0, container=323.8)
[WARN] Layout overflow: 'image_mode_label' extends outside parent 'image_controls' bounds (child_rel=[285.0,0.0], child_size=[170.0,28.0], child_end=[455.0,28.0], parent_size=[323.8,34.0], gap=6.0, start_offset=0.0)
[WARN] Layout wrap: 'image_zoom_in' in parent 'image_controls' - NoWrap set but would overflow (child_size=36.0, offset=461.0, container=323.8)
[WARN] Layout overflow: 'image_zoom_in' extends outside parent 'image_controls' bounds (child_rel=[461.0,0.0], child_size=[36.0,28.0], child_end=[497.0,28.0], parent_size=[323.8,34.0], gap=6.0, start_offset=0.0)
[WARN] Layout wrap: 'image_mode_label' in parent 'image_controls' - NoWrap set but would overflow (child_size=170.0, offset=285.0, container=323.8)
[WARN] Layout overflow: 'image_mode_label' extends outside parent 'image_controls' bounds (child_rel=[285.0,0.0], child_size=[170.0,28.0], child_end=[455.0,28.0], parent_size=[323.8,34.0], gap=6.0, start_offset=0.0)
[WARN] Layout wrap: 'image_zoom_in' in parent 'image_controls' - NoWrap set but would overflow (child_size=36.0, offset=461.0, container=323.8)
[WARN] Layout overflow: 'image_zoom_in' extends outside parent 'image_controls' bounds (child_rel=[461.0,0.0], child_size=[36.0,28.0], child_end=[497.0,28.0], parent_size=[323.8,34.0], gap=6.0, start_offset=0.0)
[WARN] Layout wrap: 'image_mode_label' in parent 'image_controls' - NoWrap set but would overflow (child_size=170.0, offset=285.0, container=323.8)
[WARN] Layout overflow: 'image_mode_label' extends outside parent 'image_controls' bounds (child_rel=[285.0,0.0], child_size=[170.0,28.0], child_end=[455.0,28.0], parent_size=[323.8,34.0], gap=6.0, start_offset=0.0)
[WARN] Layout wrap: 'image_zoom_in' in parent 'image_controls' - NoWrap set but would overflow (child_size=36.0, offset=461.0, container=323.8)
[WARN] Layout overflow: 'image_zoom_in' extends outside parent 'image_controls' bounds (child_rel=[461.0,0.0], child_size=[36.0,28.0], child_end=[497.0,28.0], parent_size=[323.8,34.0], gap=6.0, start_offset=0.0)
[WARN] Layout wrap: 'image_mode_label' in parent 'image_controls' - NoWrap set but would overflow (child_size=170.0, offset=285.0, container=323.8)
[WARN] Layout overflow: 'image_mode_label' extends outside parent 'image_controls' bounds (child_rel=[285.0,0.0], child_size=[170.0,28.0], child_end=[455.0,28.0], parent_size=[323.8,34.0], gap=6.0, start_offset=0.0)
[WARN] Layout wrap: 'image_zoom_in' in parent 'image_controls' - NoWrap set but would overflow (child_size=36.0, offset=461.0, container=323.8)
[WARN] Layout overflow: 'image_zoom_in' extends outside parent 'image_controls' bounds (child_rel=[461.0,0.0], child_size=[36.0,28.0], child_end=[497.0,28.0], parent_size=[323.8,34.0], gap=6.0, start_offset=0.0)
[WARN] Layout wrap: 'image_mode_label' in parent 'image_controls' - NoWrap set but would overflow (child_size=170.0, offset=285.0, container=323.8)
[WARN] Layout overflow: 'image_mode_label' extends outside parent 'image_controls' bounds (child_rel=[285.0,0.0], child_size=[170.0,28.0], child_end=[455.0,28.0], parent_size=[323.8,34.0], gap=6.0, start_offset=0.0)
[WARN] Layout wrap: 'image_zoom_in' in parent 'image_controls' - NoWrap set but would overflow (child_size=36.0, offset=461.0, container=323.8)
[WARN] Layout overflow: 'image_zoom_in' extends outside parent 'image_controls' bounds (child_rel=[461.0,0.0], child_size=[36.0,28.0], child_end=[497.0,28.0], parent_size=[323.8,34.0], gap=6.0, start_offset=0.0)
[WARN] Layout wrap: 'image_mode_label' in parent 'image_controls' - NoWrap set but would overflow (child_size=170.0, offset=285.0, container=323.8)
[WARN] Layout overflow: 'image_mode_label' extends outside parent 'image_controls' bounds (child_rel=[285.0,0.0], child_size=[170.0,28.0], child_end=[455.0,28.0], parent_size=[323.8,34.0], gap=6.0, start_offset=0.0)
[WARN] Layout wrap: 'image_zoom_in' in parent 'image_controls' - NoWrap set but would overflow (child_size=36.0, offset=461.0, container=323.8)
[WARN] Layout overflow: 'image_zoom_in' extends outside parent 'image_controls' bounds (child_rel=[461.0,0.0], child_size=[36.0,28.0], child_end=[497.0,28.0], parent_size=[323.8,34.0], gap=6.0, start_offset=0.0)
[WARN] Layout wrap: 'image_mode_label' in parent 'image_controls' - NoWrap set but would overflow (child_size=170.0, offset=285.0, container=323.8)
[WARN] Layout overflow: 'image_mode_label' extends outside parent 'image_controls' bounds (child_rel=[285.0,0.0], child_size=[170.0,28.0], child_end=[455.0,28.0], parent_size=[323.8,34.0], gap=6.0, start_offset=0.0)
[WARN] Layout wrap: 'image_zoom_in' in parent 'image_controls' - NoWrap set but would overflow (child_size=36.0, offset=461.0, container=323.8)
[WARN] Layout overflow: 'image_zoom_in' extends outside parent 'image_controls' bounds (child_rel=[461.0,0.0], child_size=[36.0,28.0], child_end=[497.0,28.0], parent_size=[323.8,34.0], gap=6.0, start_offset=0.0)
[WARN] Layout wrap: 'image_mode_label' in parent 'image_controls' - NoWrap set but would overflow (child_size=170.0, offset=285.0, container=323.8)
[WARN] Layout overflow: 'image_mode_label' extends outside parent 'image_controls' bounds (child_rel=[285.0,0.0], child_size=[170.0,28.0], child_end=[455.0,28.0], parent_size=[323.8,34.0], gap=6.0, start_offset=0.0)
[WARN] Layout wrap: 'image_zoom_in' in parent 'image_controls' - NoWrap set but would overflow (child_size=36.0, offset=461.0, container=323.8)
[WARN] Layout overflow: 'image_zoom_in' extends outside parent 'image_controls' bounds (child_rel=[461.0,0.0], child_size=[36.0,28.0], child_end=[497.0,28.0], parent_size=[323.8,34.0], gap=6.0, start_offset=0.0)
[WARN] Layout wrap: 'image_mode_label' in parent 'image_controls' - NoWrap set but would overflow (child_size=170.0, offset=285.0, container=323.8)
[WARN] Layout overflow: 'image_mode_label' extends outside parent 'image_controls' bounds (child_rel=[285.0,0.0], child_size=[170.0,28.0], child_end=[455.0,28.0], parent_size=[323.8,34.0], gap=6.0, start_offset=0.0)
[WARN] Layout wrap: 'image_zoom_in' in parent 'image_controls' - NoWrap set but would overflow (child_size=36.0, offset=461.0, container=323.8)
[WARN] Layout overflow: 'image_zoom_in' extends outside parent 'image_controls' bounds (child_rel=[461.0,0.0], child_size=[36.0,28.0], child_end=[497.0,28.0], parent_size=[323.8,34.0], gap=6.0, start_offset=0.0)
[WARN] Layout wrap: 'image_mode_label' in parent 'image_controls' - NoWrap set but would overflow (child_size=170.0, offset=285.0, container=323.8)
[WARN] Layout overflow: 'image_mode_label' extends outside parent 'image_controls' bounds (child_rel=[285.0,0.0], child_size=[170.0,28.0], child_end=[455.0,28.0], parent_size=[323.8,34.0], gap=6.0, start_offset=0.0)
[WARN] Layout wrap: 'image_zoom_in' in parent 'image_controls' - NoWrap set but would overflow (child_size=36.0, offset=461.0, container=323.8)
[WARN] Layout overflow: 'image_zoom_in' extends outside parent 'image_controls' bounds (child_rel=[461.0,0.0], child_size=[36.0,28.0], child_end=[497.0,28.0], parent_size=[323.8,34.0], gap=6.0, start_offset=0.0)
[WARN] Layout wrap: 'image_mode_label' in parent 'image_controls' - NoWrap set but would overflow (child_size=170.0, offset=285.0, container=323.8)
[WARN] Layout overflow: 'image_mode_label' extends outside parent 'image_controls' bounds (child_rel=[285.0,0.0], child_size=[170.0,28.0], child_end=[455.0,28.0], parent_size=[323.8,34.0], gap=6.0, start_offset=0.0)
[WARN] Layout wrap: 'image_zoom_in' in parent 'image_controls' - NoWrap set but would overflow (child_size=36.0, offset=461.0, container=323.8)
[WARN] Layout overflow: 'image_zoom_in' extends outside parent 'image_controls' bounds (child_rel=[461.0,0.0], child_size=[36.0,28.0], child_end=[497.0,28.0], parent_size=[323.8,34.0], gap=6.0, start_offset=0.0)
[WARN] Layout wrap: 'image_mode_label' in parent 'image_controls' - NoWrap set but would overflow (child_size=170.0, offset=285.0, container=323.8)
[WARN] Layout overflow: 'image_mode_label' extends outside parent 'image_controls' bounds (child_rel=[285.0,0.0], child_size=[170.0,28.0], child_end=[455.0,28.0], parent_size=[323.8,34.0], gap=6.0, start_offset=0.0)
[WARN] Layout wrap: 'image_zoom_in' in parent 'image_controls' - NoWrap set but would overflow (child_size=36.0, offset=461.0, container=323.8)
[WARN] Layout overflow: 'image_zoom_in' extends outside parent 'image_controls' bounds (child_rel=[461.0,0.0], child_size=[36.0,28.0], child_end=[497.0,28.0], parent_size=[323.8,34.0], gap=6.0, start_offset=0.0)
[WARN] Layout wrap: 'image_mode_label' in parent 'image_controls' - NoWrap set but would overflow (child_size=170.0, offset=285.0, container=323.8)
[WARN] Layout overflow: 'image_mode_label' extends outside parent 'image_controls' bounds (child_rel=[285.0,0.0], child_size=[170.0,28.0], child_end=[455.0,28.0], parent_size=[323.8,34.0], gap=6.0, start_offset=0.0)
[WARN] Layout wrap: 'image_zoom_in' in parent 'image_controls' - NoWrap set but would overflow (child_size=36.0, offset=461.0, container=323.8)
[WARN] Layout overflow: 'image_zoom_in' extends outside parent 'image_controls' bounds (child_rel=[461.0,0.0], child_size=[36.0,28.0], child_end=[497.0,28.0], parent_size=[323.8,34.0], gap=6.0, start_offset=0.0)
[WARN] Layout wrap: 'image_mode_label' in parent 'image_controls' - NoWrap set but would overflow (child_size=170.0, offset=285.0, container=323.8)
[WARN] Layout overflow: 'image_mode_label' extends outside parent 'image_controls' bounds (child_rel=[285.0,0.0], child_size=[170.0,28.0], child_end=[455.0,28.0], parent_size=[323.8,34.0], gap=6.0, start_offset=0.0)
[WARN] Layout wrap: 'image_zoom_in' in parent 'image_controls' - NoWrap set but would overflow (child_size=36.0, offset=461.0, container=323.8)
[WARN] Layout overflow: 'image_zoom_in' extends outside parent 'image_controls' bounds (child_rel=[461.0,0.0], child_size=[36.0,28.0], child_end=[497.0,28.0], parent_size=[323.8,34.0], gap=6.0, start_offset=0.0)
[WARN] Layout wrap: 'image_mode_label' in parent 'image_controls' - NoWrap set but would overflow (child_size=170.0, offset=285.0, container=323.8)
[WARN] Layout overflow: 'image_mode_label' extends outside parent 'image_controls' bounds (child_rel=[285.0,0.0], child_size=[170.0,28.0], child_end=[455.0,28.0], parent_size=[323.8,34.0], gap=6.0, start_offset=0.0)
[WARN] Layout wrap: 'image_zoom_in' in parent 'image_controls' - NoWrap set but would overflow (child_size=36.0, offset=461.0, container=323.8)
[WARN] Layout overflow: 'image_zoom_in' extends outside parent 'image_controls' bounds (child_rel=[461.0,0.0], child_size=[36.0,28.0], child_end=[497.0,28.0], parent_size=[323.8,34.0], gap=6.0, start_offset=0.0)
[WARN] Layout wrap: 'image_mode_label' in parent 'image_controls' - NoWrap set but would overflow (child_size=170.0, offset=285.0, container=323.8)
[WARN] Layout overflow: 'image_mode_label' extends outside parent 'image_controls' bounds (child_rel=[285.0,0.0], child_size=[170.0,28.0], child_end=[455.0,28.0], parent_size=[323.8,34.0], gap=6.0, start_offset=0.0)
[WARN] Layout wrap: 'image_zoom_in' in parent 'image_controls' - NoWrap set but would overflow (child_size=36.0, offset=461.0, container=323.8)
[WARN] Layout overflow: 'image_zoom_in' extends outside parent 'image_controls' bounds (child_rel=[461.0,0.0], child_size=[36.0,28.0], child_end=[497.0,28.0], parent_size=[323.8,34.0], gap=6.0, start_offset=0.0)
[WARN] Layout wrap: 'image_mode_label' in parent 'image_controls' - NoWrap set but would overflow (child_size=170.0, offset=285.0, container=323.8)
[WARN] Layout overflow: 'image_mode_label' extends outside parent 'image_controls' bounds (child_rel=[285.0,0.0], child_size=[170.0,28.0], child_end=[455.0,28.0], parent_size=[323.8,34.0], gap=6.0, start_offset=0.0)
[WARN] Layout wrap: 'image_zoom_in' in parent 'image_controls' - NoWrap set but would overflow (child_size=36.0, offset=461.0, container=323.8)
[WARN] Layout overflow: 'image_zoom_in' extends outside parent 'image_controls' bounds (child_rel=[461.0,0.0], child_size=[36.0,28.0], child_end=[497.0,28.0], parent_size=[323.8,34.0], gap=6.0, start_offset=0.0)
[WARN] Layout wrap: 'image_mode_label' in parent 'image_controls' - NoWrap set but would overflow (child_size=170.0, offset=285.0, container=323.8)
[WARN] Layout overflow: 'image_mode_label' extends outside parent 'image_controls' bounds (child_rel=[285.0,0.0], child_size=[170.0,28.0], child_end=[455.0,28.0], parent_size=[323.8,34.0], gap=6.0, start_offset=0.0)
[WARN] Layout wrap: 'image_zoom_in' in parent 'image_controls' - NoWrap set but would overflow (child_size=36.0, offset=461.0, container=323.8)
[WARN] Layout overflow: 'image_zoom_in' extends outside parent 'image_controls' bounds (child_rel=[461.0,0.0], child_size=[36.0,28.0], child_end=[497.0,28.0], parent_size=[323.8,34.0], gap=6.0, start_offset=0.0)
[WARN] Layout wrap: 'image_mode_label' in parent 'image_controls' - NoWrap set but would overflow (child_size=170.0, offset=285.0, container=323.8)
[WARN] Layout overflow: 'image_mode_label' extends outside parent 'image_controls' bounds (child_rel=[285.0,0.0], child_size=[170.0,28.0], child_end=[455.0,28.0], parent_size=[323.8,34.0], gap=6.0, start_offset=0.0)
[WARN] Layout wrap: 'image_zoom_in' in parent 'image_controls' - NoWrap set but would overflow (child_size=36.0, offset=461.0, container=323.8)
[WARN] Layout overflow: 'image_zoom_in' extends outside parent 'image_controls' bounds (child_rel=[461.0,0.0], child_size=[36.0,28.0], child_end=[497.0,28.0], parent_size=[323.8,34.0], gap=6.0, start_offset=0.0)
[INFO] git: 129 ms (waited 0 ms for lock): git cat-file
[INFO] git: 134 ms (waited 0 ms for lock): git cat-file
[WARN] Layout wrap: 'image_mode_label' in parent 'image_controls' - NoWrap set but would overflow (child_size=170.0, offset=285.0, container=323.8)
[WARN] Layout overflow: 'image_mode_label' extends outside parent 'image_controls' bounds (child_rel=[285.0,0.0], child_size=[170.0,28.0], child_end=[455.0,28.0], parent_size=[323.8,34.0], gap=6.0, start_offset=0.0)
[WARN] Layout wrap: 'image_zoom_in' in parent 'image_controls' - NoWrap set but would overflow (child_size=36.0, offset=461.0, container=323.8)
[WARN] Layout overflow: 'image_zoom_in' extends outside parent 'image_controls' bounds (child_rel=[461.0,0.0], child_size=[36.0,28.0], child_end=[497.0,28.0], parent_size=[323.8,34.0], gap=6.0, start_offset=0.0)
[WARN] Layout wrap: 'image_mode_label' in parent 'image_controls' - NoWrap set but would overflow (child_size=170.0, offset=285.0, container=323.8)
[WARN] Layout overflow: 'image_mode_label' extends outside parent 'image_controls' bounds (child_rel=[285.0,0.0], child_size=[170.0,28.0], child_end=[455.0,28.0], parent_size=[323.8,34.0], gap=6.0, start_offset=0.0)
[WARN] Layout wrap: 'image_zoom_in' in parent 'image_controls' - NoWrap set but would overflow (child_size=36.0, offset=461.0, container=323.8)
[WARN] Layout overflow: 'image_zoom_in' extends outside parent 'image_controls' bounds (child_rel=[461.0,0.0], child_size=[36.0,28.0], child_end=[497.0,28.0], parent_size=[323.8,34.0], gap=6.0, start_offset=0.0)
[WARN] Layout wrap: 'image_mode_label' in parent 'image_controls' - NoWrap set but would overflow (child_size=170.0, offset=285.0, container=323.8)
[WARN] Layout overflow: 'image_mode_label' extends outside parent 'image_controls' bounds (child_rel=[285.0,0.0], child_size=[170.0,28.0], child_end=[455.0,28.0], parent_size=[323.8,34.0], gap=6.0, start_offset=0.0)
[WARN] Layout wrap: 'image_zoom_in' in parent 'image_controls' - NoWrap set but would overflow (child_size=36.0, offset=461.0, container=323.8)
[WARN] Layout overflow: 'image_zoom_in' extends outside parent 'image_controls' bounds (child_rel=[461.0,0.0], child_size=[36.0,28.0], child_end=[497.0,28.0], parent_size=[323.8,34.0], gap=6.0, start_offset=0.0)
[WARN] Layout wrap: 'image_mode_label' in parent 'image_controls' - NoWrap set but would overflow (child_size=170.0, offset=285.0, container=323.8)
[WARN] Layout overflow: 'image_mode_label' extends outside parent 'image_controls' bounds (child_rel=[285.0,0.0], child_size=[170.0,28.0], child_end=[455.0,28.0], parent_size=[323.8,34.0], gap=6.0, start_offset=0.0)
[WARN] Layout wrap: 'image_zoom_in' in parent 'image_controls' - NoWrap set but would overflow (child_size=36.0, offset=461.0, container=323.8)
[WARN] Layout overflow: 'image_zoom_in' extends outside parent 'image_controls' bounds (child_rel=[461.0,0.0], child_size=[36.0,28.0], child_end=[497.0,28.0], parent_size=[323.8,34.0], gap=6.0, start_offset=0.0)
[WARN] Layout wrap: 'image_mode_label' in parent 'image_controls' - NoWrap set but would overflow (child_size=170.0, offset=285.0, container=323.8)
[WARN] Layout overflow: 'image_mode_label' extends outside parent 'image_controls' bounds (child_rel=[285.0,0.0], child_size=[170.0,28.0], child_end=[455.0,28.0], parent_size=[323.8,34.0], gap=6.0, start_offset=0.0)
[WARN] Layout wrap: 'image_zoom_in' in parent 'image_controls' - NoWrap set but would overflow (child_size=36.0, offset=461.0, container=323.8)
[WARN] Layout overflow: 'image_zoom_in' extends outside parent 'image_controls' bounds (child_rel=[461.0,0.0], child_size=[36.0,28.0], child_end=[497.0,28.0], parent_size=[323.8,34.0], gap=6.0, start_offset=0.0)
[WARN] Layout wrap: 'image_mode_label' in parent 'image_controls' - NoWrap set but would overflow (child_size=170.0, offset=285.0, container=323.8)
[WARN] Layout overflow: 'image_mode_label' extends outside parent 'image_controls' bounds (child_rel=[285.0,0.0], child_size=[170.0,28.0], child_end=[455.0,28.0], parent_size=[323.8,34.0], gap=6.0, start_offset=0.0)
[WARN] Layout wrap: 'image_zoom_in' in parent 'image_controls' - NoWrap set but would overflow (child_size=36.0, offset=461.0, container=323.8)
[WARN] Layout overflow: 'image_zoom_in' extends outside parent 'image_controls' bounds (child_rel=[461.0,0.0], child_size=[36.0,28.0], child_end=[497.0,28.0], parent_size=[323.8,34.0], gap=6.0, start_offset=0.0)
[WARN] Layout wrap: 'image_mode_label' in parent 'image_controls' - NoWrap set but would overflow (child_size=170.0, offset=285.0, container=323.8)
[WARN] Layout overflow: 'image_mode_label' extends outside parent 'image_controls' bounds (child_rel=[285.0,0.0], child_size=[170.0,28.0], child_end=[455.0,28.0], parent_size=[323.8,34.0], gap=6.0, start_offset=0.0)
[WARN] Layout wrap: 'image_zoom_in' in parent 'image_controls' - NoWrap set but would overflow (child_size=36.0, offset=461.0, container=323.8)
[WARN] Layout overflow: 'image_zoom_in' extends outside parent 'image_controls' bounds (child_rel=[461.0,0.0], child_size=[36.0,28.0], child_end=[497.0,28.0], parent_size=[323.8,34.0], gap=6.0, start_offset=0.0)
[WARN] Layout wrap: 'image_mode_label' in parent 'image_controls' - NoWrap set but would overflow (child_size=170.0, offset=285.0, container=323.8)
[WARN] Layout overflow: 'image_mode_label' extends outside parent 'image_controls' bounds (child_rel=[285.0,0.0], child_size=[170.0,28.0], child_end=[455.0,28.0], parent_size=[323.8,34.0], gap=6.0, start_offset=0.0)
[WARN] Layout wrap: 'image_zoom_in' in parent 'image_controls' - NoWrap set but would overflow (child_size=36.0, offset=461.0, container=323.8)
[WARN] Layout overflow: 'image_zoom_in' extends outside parent 'image_controls' bounds (child_rel=[461.0,0.0], child_size=[36.0,28.0], child_end=[497.0,28.0], parent_size=[323.8,34.0], gap=6.0, start_offset=0.0)
[WARN] Layout wrap: 'image_mode_label' in parent 'image_controls' - NoWrap set but would overflow (child_size=170.0, offset=285.0, container=323.8)
[WARN] Layout overflow: 'image_mode_label' extends outside parent 'image_controls' bounds (child_rel=[285.0,0.0], child_size=[170.0,28.0], child_end=[455.0,28.0], parent_size=[323.8,34.0], gap=6.0, start_offset=0.0)
[WARN] Layout wrap: 'image_zoom_in' in parent 'image_controls' - NoWrap set but would overflow (child_size=36.0, offset=461.0, container=323.8)
[WARN] Layout overflow: 'image_zoom_in' extends outside parent 'image_controls' bounds (child_rel=[461.0,0.0], child_size=[36.0,28.0], child_end=[497.0,28.0], parent_size=[323.8,34.0], gap=6.0, start_offset=0.0)
[WARN] Layout wrap: 'image_mode_label' in parent 'image_controls' - NoWrap set but would overflow (child_size=170.0, offset=285.0, container=323.8)
[WARN] Layout overflow: 'image_mode_label' extends outside parent 'image_controls' bounds (child_rel=[285.0,0.0], child_size=[170.0,28.0], child_end=[455.0,28.0], parent_size=[323.8,34.0], gap=6.0, start_offset=0.0)
[WARN] Layout wrap: 'image_zoom_in' in parent 'image_controls' - NoWrap set but would overflow (child_size=36.0, offset=461.0, container=323.8)
[WARN] Layout overflow: 'image_zoom_in' extends outside parent 'image_controls' bounds (child_rel=[461.0,0.0], child_size=[36.0,28.0], child_end=[497.0,28.0], parent_size=[323.8,34.0], gap=6.0, start_offset=0.0)
[WARN] Layout wrap: 'image_mode_label' in parent 'image_controls' - NoWrap set but would overflow (child_size=170.0, offset=285.0, container=323.8)
[WARN] Layout overflow: 'image_mode_label' extends outside parent 'image_controls' bounds (child_rel=[285.0,0.0], child_size=[170.0,28.0], child_end=[455.0,28.0], parent_size=[323.8,34.0], gap=6.0, start_offset=0.0)
[WARN] Layout wrap: 'image_zoom_in' in parent 'image_controls' - NoWrap set but would overflow (child_size=36.0, offset=461.0, container=323.8)
[WARN] Layout overflow: 'image_zoom_in' extends outside parent 'image_controls' bounds (child_rel=[461.0,0.0], child_size=[36.0,28.0], child_end=[497.0,28.0], parent_size=[323.8,34.0], gap=6.0, start_offset=0.0)
[WARN] Layout wrap: 'image_mode_label' in parent 'image_controls' - NoWrap set but would overflow (child_size=170.0, offset=285.0, container=323.8)
[WARN] Layout overflow: 'image_mode_label' extends outside parent 'image_controls' bounds (child_rel=[285.0,0.0], child_size=[170.0,28.0], child_end=[455.0,28.0], parent_size=[323.8,34.0], gap=6.0, start_offset=0.0)
[WARN] Layout wrap: 'image_zoom_in' in parent 'image_controls' - NoWrap set but would overflow (child_size=36.0, offset=461.0, container=323.8)
[WARN] Layout overflow: 'image_zoom_in' extends outside parent 'image_controls' bounds (child_rel=[461.0,0.0], child_size=[36.0,28.0], child_end=[497.0,28.0], parent_size=[323.8,34.0], gap=6.0, start_offset=0.0)
[WARN] Layout wrap: 'image_mode_label' in parent 'image_controls' - NoWrap set but would overflow (child_size=170.0, offset=285.0, container=323.8)
[WARN] Layout overflow: 'image_mode_label' extends outside parent 'image_controls' bounds (child_rel=[285.0,0.0], child_size=[170.0,28.0], child_end=[455.0,28.0], parent_size=[323.8,34.0], gap=6.0, start_offset=0.0)
[WARN] Layout wrap: 'image_zoom_in' in parent 'image_controls' - NoWrap set but would overflow (child_size=36.0, offset=461.0, container=323.8)
[WARN] Layout overflow: 'image_zoom_in' extends outside parent 'image_controls' bounds (child_rel=[461.0,0.0], child_size=[36.0,28.0], child_end=[497.0,28.0], parent_size=[323.8,34.0], gap=6.0, start_offset=0.0)
[WARN] Layout wrap: 'image_mode_label' in parent 'image_controls' - NoWrap set but would overflow (child_size=170.0, offset=285.0, container=323.8)
[WARN] Layout overflow: 'image_mode_label' extends outside parent 'image_controls' bounds (child_rel=[285.0,0.0], child_size=[170.0,28.0], child_end=[455.0,28.0], parent_size=[323.8,34.0], gap=6.0, start_offset=0.0)
[WARN] Layout wrap: 'image_zoom_in' in parent 'image_controls' - NoWrap set but would overflow (child_size=36.0, offset=461.0, container=323.8)
[WARN] Layout overflow: 'image_zoom_in' extends outside parent 'image_controls' bounds (child_rel=[461.0,0.0], child_size=[36.0,28.0], child_end=[497.0,28.0], parent_size=[323.8,34.0], gap=6.0, start_offset=0.0)
[WARN] Layout wrap: 'image_mode_label' in parent 'image_controls' - NoWrap set but would overflow (child_size=170.0, offset=285.0, container=323.8)
[WARN] Layout overflow: 'image_mode_label' extends outside parent 'image_controls' bounds (child_rel=[285.0,0.0], child_size=[170.0,28.0], child_end=[455.0,28.0], parent_size=[323.8,34.0], gap=6.0, start_offset=0.0)
[WARN] Layout wrap: 'image_zoom_in' in parent 'image_controls' - NoWrap set but would overflow (child_size=36.0, offset=461.0, container=323.8)
[WARN] Layout overflow: 'image_zoom_in' extends outside parent 'image_controls' bounds (child_rel=[461.0,0.0], child_size=[36.0,28.0], child_end=[497.0,28.0], parent_size=[323.8,34.0], gap=6.0, start_offset=0.0)
[WARN] Layout wrap: 'image_mode_label' in parent 'image_controls' - NoWrap set but would overflow (child_size=170.0, offset=285.0, container=323.8)
[WARN] Layout overflow: 'image_mode_label' extends outside parent 'image_controls' bounds (child_rel=[285.0,0.0], child_size=[170.0,28.0], child_end=[455.0,28.0], parent_size=[323.8,34.0], gap=6.0, start_offset=0.0)
[WARN] Layout wrap: 'image_zoom_in' in parent 'image_controls' - NoWrap set but would overflow (child_size=36.0, offset=461.0, container=323.8)
[WARN] Layout overflow: 'image_zoom_in' extends outside parent 'image_controls' bounds (child_rel=[461.0,0.0], child_size=[36.0,28.0], child_end=[497.0,28.0], parent_size=[323.8,34.0], gap=6.0, start_offset=0.0)
[WARN] Layout wrap: 'image_mode_label' in parent 'image_controls' - NoWrap set but would overflow (child_size=170.0, offset=285.0, container=323.8)
[WARN] Layout overflow: 'image_mode_label' extends outside parent 'image_controls' bounds (child_rel=[285.0,0.0], child_size=[170.0,28.0], child_end=[455.0,28.0], parent_size=[323.8,34.0], gap=6.0, start_offset=0.0)
[WARN] Layout wrap: 'image_zoom_in' in parent 'image_controls' - NoWrap set but would overflow (child_size=36.0, offset=461.0, container=323.8)
[WARN] Layout overflow: 'image_zoom_in' extends outside parent 'image_controls' bounds (child_rel=[461.0,0.0], child_size=[36.0,28.0], child_end=[497.0,28.0], parent_size=[323.8,34.0], gap=6.0, start_offset=0.0)
[WARN] Layout wrap: 'image_mode_label' in parent 'image_controls' - NoWrap set but would overflow (child_size=170.0, offset=285.0, container=323.8)
[WARN] Layout overflow: 'image_mode_label' extends outside parent 'image_controls' bounds (child_rel=[285.0,0.0], child_size=[170.0,28.0], child_end=[455.0,28.0], parent_size=[323.8,34.0], gap=6.0, start_offset=0.0)
[WARN] Layout wrap: 'image_zoom_in' in parent 'image_controls' - NoWrap set but would overflow (child_size=36.0, offset=461.0, container=323.8)
[WARN] Layout overflow: 'image_zoom_in' extends outside parent 'image_controls' bounds (child_rel=[461.0,0.0], child_size=[36.0,28.0], child_end=[497.0,28.0], parent_size=[323.8,34.0], gap=6.0, start_offset=0.0)
[WARN] Layout wrap: 'image_mode_label' in parent 'image_controls' - NoWrap set but would overflow (child_size=170.0, offset=285.0, container=323.8)
[WARN] Layout overflow: 'image_mode_label' extends outside parent 'image_controls' bounds (child_rel=[285.0,0.0], child_size=[170.0,28.0], child_end=[455.0,28.0], parent_size=[323.8,34.0], gap=6.0, start_offset=0.0)
[WARN] Layout wrap: 'image_zoom_in' in parent 'image_controls' - NoWrap set but would overflow (child_size=36.0, offset=461.0, container=323.8)
[WARN] Layout overflow: 'image_zoom_in' extends outside parent 'image_controls' bounds (child_rel=[461.0,0.0], child_size=[36.0,28.0], child_end=[497.0,28.0], parent_size=[323.8,34.0], gap=6.0, start_offset=0.0)
[WARN] Layout wrap: 'image_mode_label' in parent 'image_controls' - NoWrap set but would overflow (child_size=170.0, offset=285.0, container=323.8)
[WARN] Layout overflow: 'image_mode_label' extends outside parent 'image_controls' bounds (child_rel=[285.0,0.0], child_size=[170.0,28.0], child_end=[455.0,28.0], parent_size=[323.8,34.0], gap=6.0, start_offset=0.0)
[WARN] Layout wrap: 'image_zoom_in' in parent 'image_controls' - NoWrap set but would overflow (child_size=36.0, offset=461.0, container=323.8)
[WARN] Layout overflow: 'image_zoom_in' extends outside parent 'image_controls' bounds (child_rel=[461.0,0.0], child_size=[36.0,28.0], child_end=[497.0,28.0], parent_size=[323.8,34.0], gap=6.0, start_offset=0.0)
[WARN] Layout wrap: 'image_mode_label' in parent 'image_controls' - NoWrap set but would overflow (child_size=170.0, offset=285.0, container=323.8)
[WARN] Layout overflow: 'image_mode_label' extends outside parent 'image_controls' bounds (child_rel=[285.0,0.0], child_size=[170.0,28.0], child_end=[455.0,28.0], parent_size=[323.8,34.0], gap=6.0, start_offset=0.0)
[WARN] Layout wrap: 'image_zoom_in' in parent 'image_controls' - NoWrap set but would overflow (child_size=36.0, offset=461.0, container=323.8)
[WARN] Layout overflow: 'image_zoom_in' extends outside parent 'image_controls' bounds (child_rel=[461.0,0.0], child_size=[36.0,28.0], child_end=[497.0,28.0], parent_size=[323.8,34.0], gap=6.0, start_offset=0.0)
[WARN] Layout wrap: 'image_mode_label' in parent 'image_controls' - NoWrap set but would overflow (child_size=170.0, offset=285.0, container=323.8)
[WARN] Layout overflow: 'image_mode_label' extends outside parent 'image_controls' bounds (child_rel=[285.0,0.0], child_size=[170.0,28.0], child_end=[455.0,28.0], parent_size=[323.8,34.0], gap=6.0, start_offset=0.0)
[WARN] Layout wrap: 'image_zoom_in' in parent 'image_controls' - NoWrap set but would overflow (child_size=36.0, offset=461.0, container=323.8)
[WARN] Layout overflow: 'image_zoom_in' extends outside parent 'image_controls' bounds (child_rel=[461.0,0.0], child_size=[36.0,28.0], child_end=[497.0,28.0], parent_size=[323.8,34.0], gap=6.0, start_offset=0.0)
[WARN] Layout wrap: 'image_mode_label' in parent 'image_controls' - NoWrap set but would overflow (child_size=170.0, offset=285.0, container=323.8)
[WARN] Layout overflow: 'image_mode_label' extends outside parent 'image_controls' bounds (child_rel=[285.0,0.0], child_size=[170.0,28.0], child_end=[455.0,28.0], parent_size=[323.8,34.0], gap=6.0, start_offset=0.0)
[WARN] Layout wrap: 'image_zoom_in' in parent 'image_controls' - NoWrap set but would overflow (child_size=36.0, offset=461.0, container=323.8)
[WARN] Layout overflow: 'image_zoom_in' extends outside parent 'image_controls' bounds (child_rel=[461.0,0.0], child_size=[36.0,28.0], child_end=[497.0,28.0], parent_size=[323.8,34.0], gap=6.0, start_offset=0.0)
[WARN] Layout wrap: 'image_mode_label' in parent 'image_controls' - NoWrap set but would overflow (child_size=170.0, offset=285.0, container=323.8)
[WARN] Layout overflow: 'image_mode_label' extends outside parent 'image_controls' bounds (child_rel=[285.0,0.0], child_size=[170.0,28.0], child_end=[455.0,28.0], parent_size=[323.8,34.0], gap=6.0, start_offset=0.0)
[WARN] Layout wrap: 'image_zoom_in' in parent 'image_controls' - NoWrap set but would overflow (child_size=36.0, offset=461.0, container=323.8)
[WARN] Layout overflow: 'image_zoom_in' extends outside parent 'image_controls' bounds (child_rel=[461.0,0.0], child_size=[36.0,28.0], child_end=[497.0,28.0], parent_size=[323.8,34.0], gap=6.0, start_offset=0.0)
[WARN] Layout wrap: 'image_mode_label' in parent 'image_controls' - NoWrap set but would overflow (child_size=170.0, offset=285.0, container=323.8)
[WARN] Layout overflow: 'image_mode_label' extends outside parent 'image_controls' bounds (child_rel=[285.0,0.0], child_size=[170.0,28.0], child_end=[455.0,28.0], parent_size=[323.8,34.0], gap=6.0, start_offset=0.0)
[WARN] Layout wrap: 'image_zoom_in' in parent 'image_controls' - NoWrap set but would overflow (child_size=36.0, offset=461.0, container=323.8)
[WARN] Layout overflow: 'image_zoom_in' extends outside parent 'image_controls' bounds (child_rel=[461.0,0.0], child_size=[36.0,28.0], child_end=[497.0,28.0], parent_size=[323.8,34.0], gap=6.0, start_offset=0.0)
[WARN] Layout wrap: 'image_mode_label' in parent 'image_controls' - NoWrap set but would overflow (child_size=170.0, offset=285.0, container=323.8)
[WARN] Layout overflow: 'image_mode_label' extends outside parent 'image_controls' bounds (child_rel=[285.0,0.0], child_size=[170.0,28.0], child_end=[455.0,28.0], parent_size=[323.8,34.0], gap=6.0, start_offset=0.0)
[WARN] Layout wrap: 'image_zoom_in' in parent 'image_controls' - NoWrap set but would overflow (child_size=36.0, offset=461.0, container=323.8)
[WARN] Layout overflow: 'image_zoom_in' extends outside parent 'image_controls' bounds (child_rel=[461.0,0.0], child_size=[36.0,28.0], child_end=[497.0,28.0], parent_size=[323.8,34.0], gap=6.0, start_offset=0.0)
[WARN] Layout wrap: 'image_mode_label' in parent 'image_controls' - NoWrap set but would overflow (child_size=170.0, offset=285.0, container=323.8)
[WARN] Layout overflow: 'image_mode_label' extends outside parent 'image_controls' bounds (child_rel=[285.0,0.0], child_size=[170.0,28.0], child_end=[455.0,28.0], parent_size=[323.8,34.0], gap=6.0, start_offset=0.0)
[WARN] Layout wrap: 'image_zoom_in' in parent 'image_controls' - NoWrap set but would overflow (child_size=36.0, offset=461.0, container=323.8)
[WARN] Layout overflow: 'image_zoom_in' extends outside parent 'image_controls' bounds (child_rel=[461.0,0.0], child_size=[36.0,28.0], child_end=[497.0,28.0], parent_size=[323.8,34.0], gap=6.0, start_offset=0.0)
[WARN] Layout wrap: 'image_mode_label' in parent 'image_controls' - NoWrap set but would overflow (child_size=170.0, offset=285.0, container=323.8)
[WARN] Layout overflow: 'image_mode_label' extends outside parent 'image_controls' bounds (child_rel=[285.0,0.0], child_size=[170.0,28.0], child_end=[455.0,28.0], parent_size=[323.8,34.0], gap=6.0, start_offset=0.0)
[WARN] Layout wrap: 'image_zoom_in' in parent 'image_controls' - NoWrap set but would overflow (child_size=36.0, offset=461.0, container=323.8)
[WARN] Layout overflow: 'image_zoom_in' extends outside parent 'image_controls' bounds (child_rel=[461.0,0.0], child_size=[36.0,28.0], child_end=[497.0,28.0], parent_size=[323.8,34.0], gap=6.0, start_offset=0.0)
[WARN] Layout wrap: 'image_mode_label' in parent 'image_controls' - NoWrap set but would overflow (child_size=170.0, offset=285.0, container=323.8)
[WARN] Layout overflow: 'image_mode_label' extends outside parent 'image_controls' bounds (child_rel=[285.0,0.0], child_size=[170.0,28.0], child_end=[455.0,28.0], parent_size=[323.8,34.0], gap=6.0, start_offset=0.0)
[WARN] Layout wrap: 'image_zoom_in' in parent 'image_controls' - NoWrap set but would overflow (child_size=36.0, offset=461.0, container=323.8)
[WARN] Layout overflow: 'image_zoom_in' extends outside parent 'image_controls' bounds (child_rel=[461.0,0.0], child_size=[36.0,28.0], child_end=[497.0,28.0], parent_size=[323.8,34.0], gap=6.0, start_offset=0.0)
[WARN] Layout wrap: 'image_mode_label' in parent 'image_controls' - NoWrap set but would overflow (child_size=170.0, offset=285.0, container=323.8)
[WARN] Layout overflow: 'image_mode_label' extends outside parent 'image_controls' bounds (child_rel=[285.0,0.0], child_size=[170.0,28.0], child_end=[455.0,28.0], parent_size=[323.8,34.0], gap=6.0, start_offset=0.0)
[WARN] Layout wrap: 'image_zoom_in' in parent 'image_controls' - NoWrap set but would overflow (child_size=36.0, offset=461.0, container=323.8)
[WARN] Layout overflow: 'image_zoom_in' extends outside parent 'image_controls' bounds (child_rel=[461.0,0.0], child_size=[36.0,28.0], child_end=[497.0,28.0], parent_size=[323.8,34.0], gap=6.0, start_offset=0.0)
[WARN] Layout wrap: 'image_mode_label' in parent 'image_controls' - NoWrap set but would overflow (child_size=170.0, offset=285.0, container=323.8)
[WARN] Layout overflow: 'image_mode_label' extends outside parent 'image_controls' bounds (child_rel=[285.0,0.0], child_size=[170.0,28.0], child_end=[455.0,28.0], parent_size=[323.8,34.0], gap=6.0, start_offset=0.0)
[WARN] Layout wrap: 'image_zoom_in' in parent 'image_controls' - NoWrap set but would overflow (child_size=36.0, offset=461.0, container=323.8)
[WARN] Layout overflow: 'image_zoom_in' extends outside parent 'image_controls' bounds (child_rel=[461.0,0.0], child_size=[36.0,28.0], child_end=[497.0,28.0], parent_size=[323.8,34.0], gap=6.0, start_offset=0.0)
[WARN] Layout wrap: 'image_mode_label' in parent 'image_controls' - NoWrap set but would overflow (child_size=170.0, offset=285.0, container=323.8)
[WARN] Layout overflow: 'image_mode_label' extends outside parent 'image_controls' bounds (child_rel=[285.0,0.0], child_size=[170.0,28.0], child_end=[455.0,28.0], parent_size=[323.8,34.0], gap=6.0, start_offset=0.0)
[WARN] Layout wrap: 'image_zoom_in' in parent 'image_controls' - NoWrap set but would overflow (child_size=36.0, offset=461.0, container=323.8)
[WARN] Layout overflow: 'image_zoom_in' extends outside parent 'image_controls' bounds (child_rel=[461.0,0.0], child_size=[36.0,28.0], child_end=[497.0,28.0], parent_size=[323.8,34.0], gap=6.0, start_offset=0.0)
[WARN] Layout wrap: 'image_mode_label' in parent 'image_controls' - NoWrap set but would overflow (child_size=170.0, offset=285.0, container=323.8)
[WARN] Layout overflow: 'image_mode_label' extends outside parent 'image_controls' bounds (child_rel=[285.0,0.0], child_size=[170.0,28.0], child_end=[455.0,28.0], parent_size=[323.8,34.0], gap=6.0, start_offset=0.0)
[WARN] Layout wrap: 'image_zoom_in' in parent 'image_controls' - NoWrap set but would overflow (child_size=36.0, offset=461.0, container=323.8)
[WARN] Layout overflow: 'image_zoom_in' extends outside parent 'image_controls' bounds (child_rel=[461.0,0.0], child_size=[36.0,28.0], child_end=[497.0,28.0], parent_size=[323.8,34.0], gap=6.0, start_offset=0.0)
[WARN] Layout wrap: 'image_mode_label' in parent 'image_controls' - NoWrap set but would overflow (child_size=170.0, offset=285.0, container=323.8)
[WARN] Layout overflow: 'image_mode_label' extends outside parent 'image_controls' bounds (child_rel=[285.0,0.0], child_size=[170.0,28.0], child_end=[455.0,28.0], parent_size=[323.8,34.0], gap=6.0, start_offset=0.0)
[WARN] Layout wrap: 'image_zoom_in' in parent 'image_controls' - NoWrap set but would overflow (child_size=36.0, offset=461.0, container=323.8)
[WARN] Layout overflow: 'image_zoom_in' extends outside parent 'image_controls' bounds (child_rel=[461.0,0.0], child_size=[36.0,28.0], child_end=[497.0,28.0], parent_size=[323.8,34.0], gap=6.0, start_offset=0.0)
[WARN] Layout wrap: 'image_mode_label' in parent 'image_controls' - NoWrap set but would overflow (child_size=170.0, offset=285.0, container=323.8)
[WARN] Layout overflow: 'image_mode_label' extends outside parent 'image_controls' bounds (child_rel=[285.0,0.0], child_size=[170.0,28.0], child_end=[455.0,28.0], parent_size=[323.8,34.0], gap=6.0, start_offset=0.0)
[WARN] Layout wrap: 'image_zoom_in' in parent 'image_controls' - NoWrap set but would overflow (child_size=36.0, offset=461.0, container=323.8)
[WARN] Layout overflow: 'image_zoom_in' extends outside parent 'image_controls' bounds (child_rel=[461.0,0.0], child_size=[36.0,28.0], child_end=[497.0,28.0], parent_size=[323.8,34.0], gap=6.0, start_offset=0.0)
[WARN] Layout wrap: 'image_mode_label' in parent 'image_controls' - NoWrap set but would overflow (child_size=170.0, offset=285.0, container=323.8)
[WARN] Layout overflow: 'image_mode_label' extends outside parent 'image_controls' bounds (child_rel=[285.0,0.0], child_size=[170.0,28.0], child_end=[455.0,28.0], parent_size=[323.8,34.0], gap=6.0, start_offset=0.0)
[WARN] Layout wrap: 'image_zoom_in' in parent 'image_controls' - NoWrap set but would overflow (child_size=36.0, offset=461.0, container=323.8)
[WARN] Layout overflow: 'image_zoom_in' extends outside parent 'image_controls' bounds (child_rel=[461.0,0.0], child_size=[36.0,28.0], child_end=[497.0,28.0], parent_size=[323.8,34.0], gap=6.0, start_offset=0.0)
[WARN] Layout wrap: 'image_mode_label' in parent 'image_controls' - NoWrap set but would overflow (child_size=170.0, offset=285.0, container=323.8)
[WARN] Layout overflow: 'image_mode_label' extends outside parent 'image_controls' bounds (child_rel=[285.0,0.0], child_size=[170.0,28.0], child_end=[455.0,28.0], parent_size=[323.8,34.0], gap=6.0, start_offset=0.0)
[WARN] Layout wrap: 'image_zoom_in' in parent 'image_controls' - NoWrap set but would overflow (child_size=36.0, offset=461.0, container=323.8)
[WARN] Layout overflow: 'image_zoom_in' extends outside parent 'image_controls' bounds (child_rel=[461.0,0.0], child_size=[36.0,28.0], child_end=[497.0,28.0], parent_size=[323.8,34.0], gap=6.0, start_offset=0.0)
[WARN] Layout wrap: 'image_mode_label' in parent 'image_controls' - NoWrap set but would overflow (child_size=170.0, offset=285.0, container=323.8)
[WARN] Layout overflow: 'image_mode_label' extends outside parent 'image_controls' bounds (child_rel=[285.0,0.0], child_size=[170.0,28.0], child_end=[455.0,28.0], parent_size=[323.8,34.0], gap=6.0, start_offset=0.0)
[WARN] Layout wrap: 'image_zoom_in' in parent 'image_controls' - NoWrap set but would overflow (child_size=36.0, offset=461.0, container=323.8)
[WARN] Layout overflow: 'image_zoom_in' extends outside parent 'image_controls' bounds (child_rel=[461.0,0.0], child_size=[36.0,28.0], child_end=[497.0,28.0], parent_size=[323.8,34.0], gap=6.0, start_offset=0.0)
[WARN] Layout wrap: 'image_mode_label' in parent 'image_controls' - NoWrap set but would overflow (child_size=170.0, offset=285.0, container=323.8)
[WARN] Layout overflow: 'image_mode_label' extends outside parent 'image_controls' bounds (child_rel=[285.0,0.0], child_size=[170.0,28.0], child_end=[455.0,28.0], parent_size=[323.8,34.0], gap=6.0, start_offset=0.0)
[WARN] Layout wrap: 'image_zoom_in' in parent 'image_controls' - NoWrap set but would overflow (child_size=36.0, offset=461.0, container=323.8)
[WARN] Layout overflow: 'image_zoom_in' extends outside parent 'image_controls' bounds (child_rel=[461.0,0.0], child_size=[36.0,28.0], child_end=[497.0,28.0], parent_size=[323.8,34.0], gap=6.0, start_offset=0.0)
[WARN] Layout wrap: 'image_mode_label' in parent 'image_controls' - NoWrap set but would overflow (child_size=170.0, offset=285.0, container=323.8)
[WARN] Layout overflow: 'image_mode_label' extends outside parent 'image_controls' bounds (child_rel=[285.0,0.0], child_size=[170.0,28.0], child_end=[455.0,28.0], parent_size=[323.8,34.0], gap=6.0, start_offset=0.0)
[WARN] Layout wrap: 'image_zoom_in' in parent 'image_controls' - NoWrap set but would overflow (child_size=36.0, offset=461.0, container=323.8)
[WARN] Layout overflow: 'image_zoom_in' extends outside parent 'image_controls' bounds (child_rel=[461.0,0.0], child_size=[36.0,28.0], child_end=[497.0,28.0], parent_size=[323.8,34.0], gap=6.0, start_offset=0.0)
[WARN] Layout wrap: 'image_mode_label' in parent 'image_controls' - NoWrap set but would overflow (child_size=170.0, offset=285.0, container=323.8)
[WARN] Layout overflow: 'image_mode_label' extends outside parent 'image_controls' bounds (child_rel=[285.0,0.0], child_size=[170.0,28.0], child_end=[455.0,28.0], parent_size=[323.8,34.0], gap=6.0, start_offset=0.0)
[WARN] Layout wrap: 'image_zoom_in' in parent 'image_controls' - NoWrap set but would overflow (child_size=36.0, offset=461.0, container=323.8)
[WARN] Layout overflow: 'image_zoom_in' extends outside parent 'image_controls' bounds (child_rel=[461.0,0.0], child_size=[36.0,28.0], child_end=[497.0,28.0], parent_size=[323.8,34.0], gap=6.0, start_offset=0.0)
[WARN] Layout wrap: 'image_mode_label' in parent 'image_controls' - NoWrap set but would overflow (child_size=170.0, offset=285.0, container=323.8)
[WARN] Layout overflow: 'image_mode_label' extends outside parent 'image_controls' bounds (child_rel=[285.0,0.0], child_size=[170.0,28.0], child_end=[455.0,28.0], parent_size=[323.8,34.0], gap=6.0, start_offset=0.0)
[WARN] Layout wrap: 'image_zoom_in' in parent 'image_controls' - NoWrap set but would overflow (child_size=36.0, offset=461.0, container=323.8)
[WARN] Layout overflow: 'image_zoom_in' extends outside parent 'image_controls' bounds (child_rel=[461.0,0.0], child_size=[36.0,28.0], child_end=[497.0,28.0], parent_size=[323.8,34.0], gap=6.0, start_offset=0.0)
[WARN] Layout wrap: 'image_mode_label' in parent 'image_controls' - NoWrap set but would overflow (child_size=170.0, offset=285.0, container=323.8)
[WARN] Layout overflow: 'image_mode_label' extends outside parent 'image_controls' bounds (child_rel=[285.0,0.0], child_size=[170.0,28.0], child_end=[455.0,28.0], parent_size=[323.8,34.0], gap=6.0, start_offset=0.0)
[WARN] Layout wrap: 'image_zoom_in' in parent 'image_controls' - NoWrap set but would overflow (child_size=36.0, offset=461.0, container=323.8)
[WARN] Layout overflow: 'image_zoom_in' extends outside parent 'image_controls' bounds (child_rel=[461.0,0.0], child_size=[36.0,28.0], child_end=[497.0,28.0], parent_size=[323.8,34.0], gap=6.0, start_offset=0.0)
[WARN] Layout wrap: 'image_mode_label' in parent 'image_controls' - NoWrap set but would overflow (child_size=170.0, offset=285.0, container=323.8)
[WARN] Layout overflow: 'image_mode_label' extends outside parent 'image_controls' bounds (child_rel=[285.0,0.0], child_size=[170.0,28.0], child_end=[455.0,28.0], parent_size=[323.8,34.0], gap=6.0, start_offset=0.0)
[WARN] Layout wrap: 'image_zoom_in' in parent 'image_controls' - NoWrap set but would overflow (child_size=36.0, offset=461.0, container=323.8)
[WARN] Layout overflow: 'image_zoom_in' extends outside parent 'image_controls' bounds (child_rel=[461.0,0.0], child_size=[36.0,28.0], child_end=[497.0,28.0], parent_size=[323.8,34.0], gap=6.0, start_offset=0.0)
[WARN] Layout wrap: 'image_mode_label' in parent 'image_controls' - NoWrap set but would overflow (child_size=170.0, offset=285.0, container=323.8)
[WARN] Layout overflow: 'image_mode_label' extends outside parent 'image_controls' bounds (child_rel=[285.0,0.0], child_size=[170.0,28.0], child_end=[455.0,28.0], parent_size=[323.8,34.0], gap=6.0, start_offset=0.0)
[WARN] Layout wrap: 'image_zoom_in' in parent 'image_controls' - NoWrap set but would overflow (child_size=36.0, offset=461.0, container=323.8)
[WARN] Layout overflow: 'image_zoom_in' extends outside parent 'image_controls' bounds (child_rel=[461.0,0.0], child_size=[36.0,28.0], child_end=[497.0,28.0], parent_size=[323.8,34.0], gap=6.0, start_offset=0.0)
[WARN] Layout wrap: 'image_mode_label' in parent 'image_controls' - NoWrap set but would overflow (child_size=170.0, offset=285.0, container=323.8)
[WARN] Layout overflow: 'image_mode_label' extends outside parent 'image_controls' bounds (child_rel=[285.0,0.0], child_size=[170.0,28.0], child_end=[455.0,28.0], parent_size=[323.8,34.0], gap=6.0, start_offset=0.0)
[WARN] Layout wrap: 'image_zoom_in' in parent 'image_controls' - NoWrap set but would overflow (child_size=36.0, offset=461.0, container=323.8)
[WARN] Layout overflow: 'image_zoom_in' extends outside parent 'image_controls' bounds (child_rel=[461.0,0.0], child_size=[36.0,28.0], child_end=[497.0,28.0], parent_size=[323.8,34.0], gap=6.0, start_offset=0.0)
[WARN] Layout wrap: 'image_mode_label' in parent 'image_controls' - NoWrap set but would overflow (child_size=170.0, offset=285.0, container=323.8)
[WARN] Layout overflow: 'image_mode_label' extends outside parent 'image_controls' bounds (child_rel=[285.0,0.0], child_size=[170.0,28.0], child_end=[455.0,28.0], parent_size=[323.8,34.0], gap=6.0, start_offset=0.0)
[WARN] Layout wrap: 'image_zoom_in' in parent 'image_controls' - NoWrap set but would overflow (child_size=36.0, offset=461.0, container=323.8)
[WARN] Layout overflow: 'image_zoom_in' extends outside parent 'image_controls' bounds (child_rel=[461.0,0.0], child_size=[36.0,28.0], child_end=[497.0,28.0], parent_size=[323.8,34.0], gap=6.0, start_offset=0.0)
[WARN] Layout wrap: 'image_mode_label' in parent 'image_controls' - NoWrap set but would overflow (child_size=170.0, offset=285.0, container=323.8)
[WARN] Layout overflow: 'image_mode_label' extends outside parent 'image_controls' bounds (child_rel=[285.0,0.0], child_size=[170.0,28.0], child_end=[455.0,28.0], parent_size=[323.8,34.0], gap=6.0, start_offset=0.0)
[WARN] Layout wrap: 'image_zoom_in' in parent 'image_controls' - NoWrap set but would overflow (child_size=36.0, offset=461.0, container=323.8)
[WARN] Layout overflow: 'image_zoom_in' extends outside parent 'image_controls' bounds (child_rel=[461.0,0.0], child_size=[36.0,28.0], child_end=[497.0,28.0], parent_size=[323.8,34.0], gap=6.0, start_offset=0.0)
[WARN] Layout wrap: 'image_mode_label' in parent 'image_controls' - NoWrap set but would overflow (child_size=170.0, offset=285.0, container=323.8)
[WARN] Layout overflow: 'image_mode_label' extends outside parent 'image_controls' bounds (child_rel=[285.0,0.0], child_size=[170.0,28.0], child_end=[455.0,28.0], parent_size=[323.8,34.0], gap=6.0, start_offset=0.0)
[WARN] Layout wrap: 'image_zoom_in' in parent 'image_controls' - NoWrap set but would overflow (child_size=36.0, offset=461.0, container=323.8)
[WARN] Layout overflow: 'image_zoom_in' extends outside parent 'image_controls' bounds (child_rel=[461.0,0.0], child_size=[36.0,28.0], child_end=[497.0,28.0], parent_size=[323.8,34.0], gap=6.0, start_offset=0.0)
[WARN] Layout wrap: 'image_mode_label' in parent 'image_controls' - NoWrap set but would overflow (child_size=170.0, offset=285.0, container=323.8)
[WARN] Layout overflow: 'image_mode_label' extends outside parent 'image_controls' bounds (child_rel=[285.0,0.0], child_size=[170.0,28.0], child_end=[455.0,28.0], parent_size=[323.8,34.0], gap=6.0, start_offset=0.0)
[WARN] Layout wrap: 'image_zoom_in' in parent 'image_controls' - NoWrap set but would overflow (child_size=36.0, offset=461.0, container=323.8)
[WARN] Layout overflow: 'image_zoom_in' extends outside parent 'image_controls' bounds (child_rel=[461.0,0.0], child_size=[36.0,28.0], child_end=[497.0,28.0], parent_size=[323.8,34.0], gap=6.0, start_offset=0.0)
[WARN] Layout wrap: 'image_mode_label' in parent 'image_controls' - NoWrap set but would overflow (child_size=170.0, offset=285.0, container=323.8)
[WARN] Layout overflow: 'image_mode_label' extends outside parent 'image_controls' bounds (child_rel=[285.0,0.0], child_size=[170.0,28.0], child_end=[455.0,28.0], parent_size=[323.8,34.0], gap=6.0, start_offset=0.0)
[WARN] Layout wrap: 'image_zoom_in' in parent 'image_controls' - NoWrap set but would overflow (child_size=36.0, offset=461.0, container=323.8)
[WARN] Layout overflow: 'image_zoom_in' extends outside parent 'image_controls' bounds (child_rel=[461.0,0.0], child_size=[36.0,28.0], child_end=[497.0,28.0], parent_size=[323.8,34.0], gap=6.0, start_offset=0.0)
[WARN] Layout wrap: 'image_mode_label' in parent 'image_controls' - NoWrap set but would overflow (child_size=170.0, offset=285.0, container=323.8)
[WARN] Layout overflow: 'image_mode_label' extends outside parent 'image_controls' bounds (child_rel=[285.0,0.0], child_size=[170.0,28.0], child_end=[455.0,28.0], parent_size=[323.8,34.0], gap=6.0, start_offset=0.0)
[WARN] Layout wrap: 'image_zoom_in' in parent 'image_controls' - NoWrap set but would overflow (child_size=36.0, offset=461.0, container=323.8)
[WARN] Layout overflow: 'image_zoom_in' extends outside parent 'image_controls' bounds (child_rel=[461.0,0.0], child_size=[36.0,28.0], child_end=[497.0,28.0], parent_size=[323.8,34.0], gap=6.0, start_offset=0.0)
[WARN] Layout wrap: 'image_mode_label' in parent 'image_controls' - NoWrap set but would overflow (child_size=170.0, offset=285.0, container=323.8)
[WARN] Layout overflow: 'image_mode_label' extends outside parent 'image_controls' bounds (child_rel=[285.0,0.0], child_size=[170.0,28.0], child_end=[455.0,28.0], parent_size=[323.8,34.0], gap=6.0, start_offset=0.0)
[WARN] Layout wrap: 'image_zoom_in' in parent 'image_controls' - NoWrap set but would overflow (child_size=36.0, offset=461.0, container=323.8)
[WARN] Layout overflow: 'image_zoom_in' extends outside parent 'image_controls' bounds (child_rel=[461.0,0.0], child_size=[36.0,28.0], child_end=[497.0,28.0], parent_size=[323.8,34.0], gap=6.0, start_offset=0.0)
[WARN] Layout wrap: 'image_mode_label' in parent 'image_controls' - NoWrap set but would overflow (child_size=170.0, offset=285.0, container=323.8)
[WARN] Layout overflow: 'image_mode_label' extends outside parent 'image_controls' bounds (child_rel=[285.0,0.0], child_size=[170.0,28.0], child_end=[455.0,28.0], parent_size=[323.8,34.0], gap=6.0, start_offset=0.0)
[WARN] Layout wrap: 'image_zoom_in' in parent 'image_controls' - NoWrap set but would overflow (child_size=36.0, offset=461.0, container=323.8)
[WARN] Layout overflow: 'image_zoom_in' extends outside parent 'image_controls' bounds (child_rel=[461.0,0.0], child_size=[36.0,28.0], child_end=[497.0,28.0], parent_size=[323.8,34.0], gap=6.0, start_offset=0.0)
[WARN] Layout wrap: 'image_mode_label' in parent 'image_controls' - NoWrap set but would overflow (child_size=170.0, offset=285.0, container=323.8)
[WARN] Layout overflow: 'image_mode_label' extends outside parent 'image_controls' bounds (child_rel=[285.0,0.0], child_size=[170.0,28.0], child_end=[455.0,28.0], parent_size=[323.8,34.0], gap=6.0, start_offset=0.0)
[WARN] Layout wrap: 'image_zoom_in' in parent 'image_controls' - NoWrap set but would overflow (child_size=36.0, offset=461.0, container=323.8)
[WARN] Layout overflow: 'image_zoom_in' extends outside parent 'image_controls' bounds (child_rel=[461.0,0.0], child_size=[36.0,28.0], child_end=[497.0,28.0], parent_size=[323.8,34.0], gap=6.0, start_offset=0.0)
[WARN] Layout wrap: 'image_mode_label' in parent 'image_controls' - NoWrap set but would overflow (child_size=170.0, offset=285.0, container=323.8)
[WARN] Layout overflow: 'image_mode_label' extends outside parent 'image_controls' bounds (child_rel=[285.0,0.0], child_size=[170.0,28.0], child_end=[455.0,28.0], parent_size=[323.8,34.0], gap=6.0, start_offset=0.0)
[WARN] Layout wrap: 'image_zoom_in' in parent 'image_controls' - NoWrap set but would overflow (child_size=36.0, offset=461.0, container=323.8)
[WARN] Layout overflow: 'image_zoom_in' extends outside parent 'image_controls' bounds (child_rel=[461.0,0.0], child_size=[36.0,28.0], child_end=[497.0,28.0], parent_size=[323.8,34.0], gap=6.0, start_offset=0.0)
[WARN] Layout wrap: 'image_mode_label' in parent 'image_controls' - NoWrap set but would overflow (child_size=170.0, offset=285.0, container=323.8)
[WARN] Layout overflow: 'image_mode_label' extends outside parent 'image_controls' bounds (child_rel=[285.0,0.0], child_size=[170.0,28.0], child_end=[455.0,28.0], parent_size=[323.8,34.0], gap=6.0, start_offset=0.0)
[WARN] Layout wrap: 'image_zoom_in' in parent 'image_controls' - NoWrap set but would overflow (child_size=36.0, offset=461.0, container=323.8)
[WARN] Layout overflow: 'image_zoom_in' extends outside parent 'image_controls' bounds (child_rel=[461.0,0.0], child_size=[36.0,28.0], child_end=[497.0,28.0], parent_size=[323.8,34.0], gap=6.0, start_offset=0.0)
[INFO] git: 132 ms (waited 0 ms for lock): git cat-file
[WARN] Layout wrap: 'image_mode_label' in parent 'image_controls' - NoWrap set but would overflow (child_size=170.0, offset=285.0, container=323.8)
[WARN] Layout overflow: 'image_mode_label' extends outside parent 'image_controls' bounds (child_rel=[285.0,0.0], child_size=[170.0,28.0], child_end=[455.0,28.0], parent_size=[323.8,34.0], gap=6.0, start_offset=0.0)
[WARN] Layout wrap: 'image_zoom_in' in parent 'image_controls' - NoWrap set but would overflow (child_size=36.0, offset=461.0, container=323.8)
[WARN] Layout overflow: 'image_zoom_in' extends outside parent 'image_controls' bounds (child_rel=[461.0,0.0], child_size=[36.0,28.0], child_end=[497.0,28.0], parent_size=[323.8,34.0], gap=6.0, start_offset=0.0)
[WARN] Layout wrap: 'image_mode_label' in parent 'image_controls' - NoWrap set but would overflow (child_size=170.0, offset=285.0, container=323.8)
[WARN] Layout overflow: 'image_mode_label' extends outside parent 'image_controls' bounds (child_rel=[285.0,0.0], child_size=[170.0,28.0], child_end=[455.0,28.0], parent_size=[323.8,34.0], gap=6.0, start_offset=0.0)
[WARN] Layout wrap: 'image_zoom_in' in parent 'image_controls' - NoWrap set but would overflow (child_size=36.0, offset=461.0, container=323.8)
[WARN] Layout overflow: 'image_zoom_in' extends outside parent 'image_controls' bounds (child_rel=[461.0,0.0], child_size=[36.0,28.0], child_end=[497.0,28.0], parent_size=[323.8,34.0], gap=6.0, start_offset=0.0)
[WARN] Layout wrap: 'image_mode_label' in parent 'image_controls' - NoWrap set but would overflow (child_size=170.0, offset=285.0, container=323.8)
[WARN] Layout overflow: 'image_mode_label' extends outside parent 'image_controls' bounds (child_rel=[285.0,0.0], child_size=[170.0,28.0], child_end=[455.0,28.0], parent_size=[323.8,34.0], gap=6.0, start_offset=0.0)
[WARN] Layout wrap: 'image_zoom_in' in parent 'image_controls' - NoWrap set but would overflow (child_size=36.0, offset=461.0, container=323.8)
[WARN] Layout overflow: 'image_zoom_in' extends outside parent 'image_controls' bounds (child_rel=[461.0,0.0], child_size=[36.0,28.0], child_end=[497.0,28.0], parent_size=[323.8,34.0], gap=6.0, start_offset=0.0)
[WARN] Layout wrap: 'image_mode_label' in parent 'image_controls' - NoWrap set but would overflow (child_size=170.0, offset=285.0, container=323.8)
[WARN] Layout overflow: 'image_mode_label' extends outside parent 'image_controls' bounds (child_rel=[285.0,0.0], child_size=[170.0,28.0], child_end=[455.0,28.0], parent_size=[323.8,34.0], gap=6.0, start_offset=0.0)
[WARN] Layout wrap: 'image_zoom_in' in parent 'image_controls' - NoWrap set but would overflow (child_size=36.0, offset=461.0, container=323.8)
[WARN] Layout overflow: 'image_zoom_in' extends outside parent 'image_controls' bounds (child_rel=[461.0,0.0], child_size=[36.0,28.0], child_end=[497.0,28.0], parent_size=[323.8,34.0], gap=6.0, start_offset=0.0)
[WARN] Layout wrap: 'image_mode_label' in parent 'image_controls' - NoWrap set but would overflow (child_size=170.0, offset=285.0, container=323.8)
[WARN] Layout overflow: 'image_mode_label' extends outside parent 'image_controls' bounds (child_rel=[285.0,0.0], child_size=[170.0,28.0], child_end=[455.0,28.0], parent_size=[323.8,34.0], gap=6.0, start_offset=0.0)
[WARN] Layout wrap: 'image_zoom_in' in parent 'image_controls' - NoWrap set but would overflow (child_size=36.0, offset=461.0, container=323.8)
[WARN] Layout overflow: 'image_zoom_in' extends outside parent 'image_controls' bounds (child_rel=[461.0,0.0], child_size=[36.0,28.0], child_end=[497.0,28.0], parent_size=[323.8,34.0], gap=6.0, start_offset=0.0)
[WARN] Layout wrap: 'image_mode_label' in parent 'image_controls' - NoWrap set but would overflow (child_size=170.0, offset=285.0, container=323.8)
[WARN] Layout overflow: 'image_mode_label' extends outside parent 'image_controls' bounds (child_rel=[285.0,0.0], child_size=[170.0,28.0], child_end=[455.0,28.0], parent_size=[323.8,34.0], gap=6.0, start_offset=0.0)
[WARN] Layout wrap: 'image_zoom_in' in parent 'image_controls' - NoWrap set but would overflow (child_size=36.0, offset=461.0, container=323.8)
[WARN] Layout overflow: 'image_zoom_in' extends outside parent 'image_controls' bounds (child_rel=[461.0,0.0], child_size=[36.0,28.0], child_end=[497.0,28.0], parent_size=[323.8,34.0], gap=6.0, start_offset=0.0)
[WARN] Layout wrap: 'image_mode_label' in parent 'image_controls' - NoWrap set but would overflow (child_size=170.0, offset=285.0, container=323.8)
[WARN] Layout overflow: 'image_mode_label' extends outside parent 'image_controls' bounds (child_rel=[285.0,0.0], child_size=[170.0,28.0], child_end=[455.0,28.0], parent_size=[323.8,34.0], gap=6.0, start_offset=0.0)
[WARN] Layout wrap: 'image_zoom_in' in parent 'image_controls' - NoWrap set but would overflow (child_size=36.0, offset=461.0, container=323.8)
[WARN] Layout overflow: 'image_zoom_in' extends outside parent 'image_controls' bounds (child_rel=[461.0,0.0], child_size=[36.0,28.0], child_end=[497.0,28.0], parent_size=[323.8,34.0], gap=6.0, start_offset=0.0)
[WARN] Layout wrap: 'image_mode_label' in parent 'image_controls' - NoWrap set but would overflow (child_size=170.0, offset=285.0, container=323.8)
[WARN] Layout overflow: 'image_mode_label' extends outside parent 'image_controls' bounds (child_rel=[285.0,0.0], child_size=[170.0,28.0], child_end=[455.0,28.0], parent_size=[323.8,34.0], gap=6.0, start_offset=0.0)
[WARN] Layout wrap: 'image_zoom_in' in parent 'image_controls' - NoWrap set but would overflow (child_size=36.0, offset=461.0, container=323.8)
[WARN] Layout overflow: 'image_zoom_in' extends outside parent 'image_controls' bounds (child_rel=[461.0,0.0], child_size=[36.0,28.0], child_end=[497.0,28.0], parent_size=[323.8,34.0], gap=6.0, start_offset=0.0)
[WARN] Layout wrap: 'image_mode_label' in parent 'image_controls' - NoWrap set but would overflow (child_size=170.0, offset=285.0, container=323.8)
[WARN] Layout overflow: 'image_mode_label' extends outside parent 'image_controls' bounds (child_rel=[285.0,0.0], child_size=[170.0,28.0], child_end=[455.0,28.0], parent_size=[323.8,34.0], gap=6.0, start_offset=0.0)
[WARN] Layout wrap: 'image_zoom_in' in parent 'image_controls' - NoWrap set but would overflow (child_size=36.0, offset=461.0, container=323.8)
[WARN] Layout overflow: 'image_zoom_in' extends outside parent 'image_controls' bounds (child_rel=[461.0,0.0], child_size=[36.0,28.0], child_end=[497.0,28.0], parent_size=[323.8,34.0], gap=6.0, start_offset=0.0)
[WARN] Layout wrap: 'image_mode_label' in parent 'image_controls' - NoWrap set but would overflow (child_size=170.0, offset=285.0, container=323.8)
[WARN] Layout overflow: 'image_mode_label' extends outside parent 'image_controls' bounds (child_rel=[285.0,0.0], child_size=[170.0,28.0], child_end=[455.0,28.0], parent_size=[323.8,34.0], gap=6.0, start_offset=0.0)
[WARN] Layout wrap: 'image_zoom_in' in parent 'image_controls' - NoWrap set but would overflow (child_size=36.0, offset=461.0, container=323.8)
[WARN] Layout overflow: 'image_zoom_in' extends outside parent 'image_controls' bounds (child_rel=[461.0,0.0], child_size=[36.0,28.0], child_end=[497.0,28.0], parent_size=[323.8,34.0], gap=6.0, start_offset=0.0)
[WARN] Layout wrap: 'image_mode_label' in parent 'image_controls' - NoWrap set but would overflow (child_size=170.0, offset=285.0, container=323.8)
[WARN] Layout overflow: 'image_mode_label' extends outside parent 'image_controls' bounds (child_rel=[285.0,0.0], child_size=[170.0,28.0], child_end=[455.0,28.0], parent_size=[323.8,34.0], gap=6.0, start_offset=0.0)
[WARN] Layout wrap: 'image_zoom_in' in parent 'image_controls' - NoWrap set but would overflow (child_size=36.0, offset=461.0, container=323.8)
[WARN] Layout overflow: 'image_zoom_in' extends outside parent 'image_controls' bounds (child_rel=[461.0,0.0], child_size=[36.0,28.0], child_end=[497.0,28.0], parent_size=[323.8,34.0], gap=6.0, start_offset=0.0)
[WARN] Layout wrap: 'image_mode_label' in parent 'image_controls' - NoWrap set but would overflow (child_size=170.0, offset=285.0, container=323.8)
[WARN] Layout overflow: 'image_mode_label' extends outside parent 'image_controls' bounds (child_rel=[285.0,0.0], child_size=[170.0,28.0], child_end=[455.0,28.0], parent_size=[323.8,34.0], gap=6.0, start_offset=0.0)
[WARN] Layout wrap: 'image_zoom_in' in parent 'image_controls' - NoWrap set but would overflow (child_size=36.0, offset=461.0, container=323.8)
[WARN] Layout overflow: 'image_zoom_in' extends outside parent 'image_controls' bounds (child_rel=[461.0,0.0], child_size=[36.0,28.0], child_end=[497.0,28.0], parent_size=[323.8,34.0], gap=6.0, start_offset=0.0)
[WARN] Layout wrap: 'image_mode_label' in parent 'image_controls' - NoWrap set but would overflow (child_size=170.0, offset=285.0, container=323.8)
[WARN] Layout overflow: 'image_mode_label' extends outside parent 'image_controls' bounds (child_rel=[285.0,0.0], child_size=[170.0,28.0], child_end=[455.0,28.0], parent_size=[323.8,34.0], gap=6.0, start_offset=0.0)
[WARN] Layout wrap: 'image_zoom_in' in parent 'image_controls' - NoWrap set but would overflow (child_size=36.0, offset=461.0, container=323.8)
[WARN] Layout overflow: 'image_zoom_in' extends outside parent 'image_controls' bounds (child_rel=[461.0,0.0], child_size=[36.0,28.0], child_end=[497.0,28.0], parent_size=[323.8,34.0], gap=6.0, start_offset=0.0)
[WARN] Layout wrap: 'image_mode_label' in parent 'image_controls' - NoWrap set but would overflow (child_size=170.0, offset=285.0, container=323.8)
[WARN] Layout overflow: 'image_mode_label' extends outside parent 'image_controls' bounds (child_rel=[285.0,0.0], child_size=[170.0,28.0], child_end=[455.0,28.0], parent_size=[323.8,34.0], gap=6.0, start_offset=0.0)
[WARN] Layout wrap: 'image_zoom_in' in parent 'image_controls' - NoWrap set but would overflow (child_size=36.0, offset=461.0, container=323.8)
[WARN] Layout overflow: 'image_zoom_in' extends outside parent 'image_controls' bounds (child_rel=[461.0,0.0], child_size=[36.0,28.0], child_end=[497.0,28.0], parent_size=[323.8,34.0], gap=6.0, start_offset=0.0)
[WARN] Layout wrap: 'image_mode_label' in parent 'image_controls' - NoWrap set but would overflow (child_size=170.0, offset=285.0, container=323.8)
[WARN] Layout overflow: 'image_mode_label' extends outside parent 'image_controls' bounds (child_rel=[285.0,0.0], child_size=[170.0,28.0], child_end=[455.0,28.0], parent_size=[323.8,34.0], gap=6.0, start_offset=0.0)
[WARN] Layout wrap: 'image_zoom_in' in parent 'image_controls' - NoWrap set but would overflow (child_size=36.0, offset=461.0, container=323.8)
[WARN] Layout overflow: 'image_zoom_in' extends outside parent 'image_controls' bounds (child_rel=[461.0,0.0], child_size=[36.0,28.0], child_end=[497.0,28.0], parent_size=[323.8,34.0], gap=6.0, start_offset=0.0)
[WARN] Layout wrap: 'image_mode_label' in parent 'image_controls' - NoWrap set but would overflow (child_size=170.0, offset=285.0, container=323.8)
[WARN] Layout overflow: 'image_mode_label' extends outside parent 'image_controls' bounds (child_rel=[285.0,0.0], child_size=[170.0,28.0], child_end=[455.0,28.0], parent_size=[323.8,34.0], gap=6.0, start_offset=0.0)
[WARN] Layout wrap: 'image_zoom_in' in parent 'image_controls' - NoWrap set but would overflow (child_size=36.0, offset=461.0, container=323.8)
[WARN] Layout overflow: 'image_zoom_in' extends outside parent 'image_controls' bounds (child_rel=[461.0,0.0], child_size=[36.0,28.0], child_end=[497.0,28.0], parent_size=[323.8,34.0], gap=6.0, start_offset=0.0)
[WARN] Layout wrap: 'image_mode_label' in parent 'image_controls' - NoWrap set but would overflow (child_size=170.0, offset=285.0, container=323.8)
[WARN] Layout overflow: 'image_mode_label' extends outside parent 'image_controls' bounds (child_rel=[285.0,0.0], child_size=[170.0,28.0], child_end=[455.0,28.0], parent_size=[323.8,34.0], gap=6.0, start_offset=0.0)
[WARN] Layout wrap: 'image_zoom_in' in parent 'image_controls' - NoWrap set but would overflow (child_size=36.0, offset=461.0, container=323.8)
[WARN] Layout overflow: 'image_zoom_in' extends outside parent 'image_controls' bounds (child_rel=[461.0,0.0], child_size=[36.0,28.0], child_end=[497.0,28.0], parent_size=[323.8,34.0], gap=6.0, start_offset=0.0)
[WARN] Layout wrap: 'image_mode_label' in parent 'image_controls' - NoWrap set but would overflow (child_size=170.0, offset=285.0, container=323.8)
[WARN] Layout overflow: 'image_mode_label' extends outside parent 'image_controls' bounds (child_rel=[285.0,0.0], child_size=[170.0,28.0], child_end=[455.0,28.0], parent_size=[323.8,34.0], gap=6.0, start_offset=0.0)
[WARN] Layout wrap: 'image_zoom_in' in parent 'image_controls' - NoWrap set but would overflow (child_size=36.0, offset=461.0, container=323.8)
[WARN] Layout overflow: 'image_zoom_in' extends outside parent 'image_controls' bounds (child_rel=[461.0,0.0], child_size=[36.0,28.0], child_end=[497.0,28.0], parent_size=[323.8,34.0], gap=6.0, start_offset=0.0)
[WARN] Layout wrap: 'image_mode_label' in parent 'image_controls' - NoWrap set but would overflow (child_size=170.0, offset=285.0, container=323.8)
[WARN] Layout overflow: 'image_mode_label' extends outside parent 'image_controls' bounds (child_rel=[285.0,0.0], child_size=[170.0,28.0], child_end=[455.0,28.0], parent_size=[323.8,34.0], gap=6.0, start_offset=0.0)
[WARN] Layout wrap: 'image_zoom_in' in parent 'image_controls' - NoWrap set but would overflow (child_size=36.0, offset=461.0, container=323.8)
[WARN] Layout overflow: 'image_zoom_in' extends outside parent 'image_controls' bounds (child_rel=[461.0,0.0], child_size=[36.0,28.0], child_end=[497.0,28.0], parent_size=[323.8,34.0], gap=6.0, start_offset=0.0)
[INFO] git: 133 ms (waited 0 ms for lock): git cat-file
[WARN] Layout wrap: 'image_mode_label' in parent 'image_controls' - NoWrap set but would overflow (child_size=170.0, offset=285.0, container=323.8)
[WARN] Layout overflow: 'image_mode_label' extends outside parent 'image_controls' bounds (child_rel=[285.0,0.0], child_size=[170.0,28.0], child_end=[455.0,28.0], parent_size=[323.8,34.0], gap=6.0, start_offset=0.0)
[WARN] Layout wrap: 'image_zoom_in' in parent 'image_controls' - NoWrap set but would overflow (child_size=36.0, offset=461.0, container=323.8)
[WARN] Layout overflow: 'image_zoom_in' extends outside parent 'image_controls' bounds (child_rel=[461.0,0.0], child_size=[36.0,28.0], child_end=[497.0,28.0], parent_size=[323.8,34.0], gap=6.0, start_offset=0.0)
[WARN] Layout wrap: 'image_mode_label' in parent 'image_controls' - NoWrap set but would overflow (child_size=170.0, offset=285.0, container=323.8)
[WARN] Layout overflow: 'image_mode_label' extends outside parent 'image_controls' bounds (child_rel=[285.0,0.0], child_size=[170.0,28.0], child_end=[455.0,28.0], parent_size=[323.8,34.0], gap=6.0, start_offset=0.0)
[WARN] Layout wrap: 'image_zoom_in' in parent 'image_controls' - NoWrap set but would overflow (child_size=36.0, offset=461.0, container=323.8)
[WARN] Layout overflow: 'image_zoom_in' extends outside parent 'image_controls' bounds (child_rel=[461.0,0.0], child_size=[36.0,28.0], child_end=[497.0,28.0], parent_size=[323.8,34.0], gap=6.0, start_offset=0.0)
[WARN] Layout wrap: 'image_mode_label' in parent 'image_controls' - NoWrap set but would overflow (child_size=170.0, offset=285.0, container=323.8)
[WARN] Layout overflow: 'image_mode_label' extends outside parent 'image_controls' bounds (child_rel=[285.0,0.0], child_size=[170.0,28.0], child_end=[455.0,28.0], parent_size=[323.8,34.0], gap=6.0, start_offset=0.0)
[WARN] Layout wrap: 'image_zoom_in' in parent 'image_controls' - NoWrap set but would overflow (child_size=36.0, offset=461.0, container=323.8)
[WARN] Layout overflow: 'image_zoom_in' extends outside parent 'image_controls' bounds (child_rel=[461.0,0.0], child_size=[36.0,28.0], child_end=[497.0,28.0], parent_size=[323.8,34.0], gap=6.0, start_offset=0.0)
[WARN] Layout wrap: 'image_mode_label' in parent 'image_controls' - NoWrap set but would overflow (child_size=170.0, offset=285.0, container=323.8)
[WARN] Layout overflow: 'image_mode_label' extends outside parent 'image_controls' bounds (child_rel=[285.0,0.0], child_size=[170.0,28.0], child_end=[455.0,28.0], parent_size=[323.8,34.0], gap=6.0, start_offset=0.0)
[WARN] Layout wrap: 'image_zoom_in' in parent 'image_controls' - NoWrap set but would overflow (child_size=36.0, offset=461.0, container=323.8)
[WARN] Layout overflow: 'image_zoom_in' extends outside parent 'image_controls' bounds (child_rel=[461.0,0.0], child_size=[36.0,28.0], child_end=[497.0,28.0], parent_size=[323.8,34.0], gap=6.0, start_offset=0.0)
[WARN] Layout wrap: 'image_mode_label' in parent 'image_controls' - NoWrap set but would overflow (child_size=170.0, offset=285.0, container=323.8)
[WARN] Layout overflow: 'image_mode_label' extends outside parent 'image_controls' bounds (child_rel=[285.0,0.0], child_size=[170.0,28.0], child_end=[455.0,28.0], parent_size=[323.8,34.0], gap=6.0, start_offset=0.0)
[WARN] Layout wrap: 'image_zoom_in' in parent 'image_controls' - NoWrap set but would overflow (child_size=36.0, offset=461.0, container=323.8)
[WARN] Layout overflow: 'image_zoom_in' extends outside parent 'image_controls' bounds (child_rel=[461.0,0.0], child_size=[36.0,28.0], child_end=[497.0,28.0], parent_size=[323.8,34.0], gap=6.0, start_offset=0.0)
[WARN] Layout wrap: 'image_mode_label' in parent 'image_controls' - NoWrap set but would overflow (child_size=170.0, offset=285.0, container=323.8)
[WARN] Layout overflow: 'image_mode_label' extends outside parent 'image_controls' bounds (child_rel=[285.0,0.0], child_size=[170.0,28.0], child_end=[455.0,28.0], parent_size=[323.8,34.0], gap=6.0, start_offset=0.0)
[WARN] Layout wrap: 'image_zoom_in' in parent 'image_controls' - NoWrap set but would overflow (child_size=36.0, offset=461.0, container=323.8)
[WARN] Layout overflow: 'image_zoom_in' extends outside parent 'image_controls' bounds (child_rel=[461.0,0.0], child_size=[36.0,28.0], child_end=[497.0,28.0], parent_size=[323.8,34.0], gap=6.0, start_offset=0.0)
[WARN] Layout wrap: 'image_mode_label' in parent 'image_controls' - NoWrap set but would overflow (child_size=170.0, offset=285.0, container=323.8)
[WARN] Layout overflow: 'image_mode_label' extends outside parent 'image_controls' bounds (child_rel=[285.0,0.0], child_size=[170.0,28.0], child_end=[455.0,28.0], parent_size=[323.8,34.0], gap=6.0, start_offset=0.0)
[WARN] Layout wrap: 'image_zoom_in' in parent 'image_controls' - NoWrap set but would overflow (child_size=36.0, offset=461.0, container=323.8)
[WARN] Layout overflow: 'image_zoom_in' extends outside parent 'image_controls' bounds (child_rel=[461.0,0.0], child_size=[36.0,28.0], child_end=[497.0,28.0], parent_size=[323.8,34.0], gap=6.0, start_offset=0.0)
[WARN] Layout wrap: 'image_mode_label' in parent 'image_controls' - NoWrap set but would overflow (child_size=170.0, offset=285.0, container=323.8)
[WARN] Layout overflow: 'image_mode_label' extends outside parent 'image_controls' bounds (child_rel=[285.0,0.0], child_size=[170.0,28.0], child_end=[455.0,28.0], parent_size=[323.8,34.0], gap=6.0, start_offset=0.0)
[WARN] Layout wrap: 'image_zoom_in' in parent 'image_controls' - NoWrap set but would overflow (child_size=36.0, offset=461.0, container=323.8)
[WARN] Layout overflow: 'image_zoom_in' extends outside parent 'image_controls' bounds (child_rel=[461.0,0.0], child_size=[36.0,28.0], child_end=[497.0,28.0], parent_size=[323.8,34.0], gap=6.0, start_offset=0.0)
[WARN] Layout wrap: 'image_mode_label' in parent 'image_controls' - NoWrap set but would overflow (child_size=170.0, offset=285.0, container=323.8)
[WARN] Layout overflow: 'image_mode_label' extends outside parent 'image_controls' bounds (child_rel=[285.0,0.0], child_size=[170.0,28.0], child_end=[455.0,28.0], parent_size=[323.8,34.0], gap=6.0, start_offset=0.0)
[WARN] Layout wrap: 'image_zoom_in' in parent 'image_controls' - NoWrap set but would overflow (child_size=36.0, offset=461.0, container=323.8)
[WARN] Layout overflow: 'image_zoom_in' extends outside parent 'image_controls' bounds (child_rel=[461.0,0.0], child_size=[36.0,28.0], child_end=[497.0,28.0], parent_size=[323.8,34.0], gap=6.0, start_offset=0.0)
[WARN] Layout wrap: 'image_mode_label' in parent 'image_controls' - NoWrap set but would overflow (child_size=170.0, offset=285.0, container=323.8)
[WARN] Layout overflow: 'image_mode_label' extends outside parent 'image_controls' bounds (child_rel=[285.0,0.0], child_size=[170.0,28.0], child_end=[455.0,28.0], parent_size=[323.8,34.0], gap=6.0, start_offset=0.0)
[WARN] Layout wrap: 'image_zoom_in' in parent 'image_controls' - NoWrap set but would overflow (child_size=36.0, offset=461.0, container=323.8)
[WARN] Layout overflow: 'image_zoom_in' extends outside parent 'image_controls' bounds (child_rel=[461.0,0.0], child_size=[36.0,28.0], child_end=[497.0,28.0], parent_size=[323.8,34.0], gap=6.0, start_offset=0.0)
[WARN] Layout wrap: 'image_mode_label' in parent 'image_controls' - NoWrap set but would overflow (child_size=170.0, offset=285.0, container=323.8)
[WARN] Layout overflow: 'image_mode_label' extends outside parent 'image_controls' bounds (child_rel=[285.0,0.0], child_size=[170.0,28.0], child_end=[455.0,28.0], parent_size=[323.8,34.0], gap=6.0, start_offset=0.0)
[WARN] Layout wrap: 'image_zoom_in' in parent 'image_controls' - NoWrap set but would overflow (child_size=36.0, offset=461.0, container=323.8)
[WARN] Layout overflow: 'image_zoom_in' extends outside parent 'image_controls' bounds (child_rel=[461.0,0.0], child_size=[36.0,28.0], child_end=[497.0,28.0], parent_size=[323.8,34.0], gap=6.0, start_offset=0.0)
[WARN] Layout wrap: 'image_mode_label' in parent 'image_controls' - NoWrap set but would overflow (child_size=170.0, offset=285.0, container=323.8)
[WARN] Layout overflow: 'image_mode_label' extends outside parent 'image_controls' bounds (child_rel=[285.0,0.0], child_size=[170.0,28.0], child_end=[455.0,28.0], parent_size=[323.8,34.0], gap=6.0, start_offset=0.0)
[WARN] Layout wrap: 'image_zoom_in' in parent 'image_controls' - NoWrap set but would overflow (child_size=36.0, offset=461.0, container=323.8)
[WARN] Layout overflow: 'image_zoom_in' extends outside parent 'image_controls' bounds (child_rel=[461.0,0.0], child_size=[36.0,28.0], child_end=[497.0,28.0], parent_size=[323.8,34.0], gap=6.0, start_offset=0.0)
[WARN] Layout wrap: 'image_mode_label' in parent 'image_controls' - NoWrap set but would overflow (child_size=170.0, offset=285.0, container=323.8)
[WARN] Layout overflow: 'image_mode_label' extends outside parent 'image_controls' bounds (child_rel=[285.0,0.0], child_size=[170.0,28.0], child_end=[455.0,28.0], parent_size=[323.8,34.0], gap=6.0, start_offset=0.0)
[WARN] Layout wrap: 'image_zoom_in' in parent 'image_controls' - NoWrap set but would overflow (child_size=36.0, offset=461.0, container=323.8)
[WARN] Layout overflow: 'image_zoom_in' extends outside parent 'image_controls' bounds (child_rel=[461.0,0.0], child_size=[36.0,28.0], child_end=[497.0,28.0], parent_size=[323.8,34.0], gap=6.0, start_offset=0.0)
[WARN] Layout wrap: 'image_mode_label' in parent 'image_controls' - NoWrap set but would overflow (child_size=170.0, offset=285.0, container=323.8)
[WARN] Layout overflow: 'image_mode_label' extends outside parent 'image_controls' bounds (child_rel=[285.0,0.0], child_size=[170.0,28.0], child_end=[455.0,28.0], parent_size=[323.8,34.0], gap=6.0, start_offset=0.0)
[WARN] Layout wrap: 'image_zoom_in' in parent 'image_controls' - NoWrap set but would overflow (child_size=36.0, offset=461.0, container=323.8)
[WARN] Layout overflow: 'image_zoom_in' extends outside parent 'image_controls' bounds (child_rel=[461.0,0.0], child_size=[36.0,28.0], child_end=[497.0,28.0], parent_size=[323.8,34.0], gap=6.0, start_offset=0.0)
[WARN] Layout wrap: 'image_mode_label' in parent 'image_controls' - NoWrap set but would overflow (child_size=170.0, offset=285.0, container=323.8)
[WARN] Layout overflow: 'image_mode_label' extends outside parent 'image_controls' bounds (child_rel=[285.0,0.0], child_size=[170.0,28.0], child_end=[455.0,28.0], parent_size=[323.8,34.0], gap=6.0, start_offset=0.0)
[WARN] Layout wrap: 'image_zoom_in' in parent 'image_controls' - NoWrap set but would overflow (child_size=36.0, offset=461.0, container=323.8)
[WARN] Layout overflow: 'image_zoom_in' extends outside parent 'image_controls' bounds (child_rel=[461.0,0.0], child_size=[36.0,28.0], child_end=[497.0,28.0], parent_size=[323.8,34.0], gap=6.0, start_offset=0.0)
[WARN] Layout wrap: 'image_mode_label' in parent 'image_controls' - NoWrap set but would overflow (child_size=170.0, offset=285.0, container=323.8)
[WARN] Layout overflow: 'image_mode_label' extends outside parent 'image_controls' bounds (child_rel=[285.0,0.0], child_size=[170.0,28.0], child_end=[455.0,28.0], parent_size=[323.8,34.0], gap=6.0, start_offset=0.0)
[WARN] Layout wrap: 'image_zoom_in' in parent 'image_controls' - NoWrap set but would overflow (child_size=36.0, offset=461.0, container=323.8)
[WARN] Layout overflow: 'image_zoom_in' extends outside parent 'image_controls' bounds (child_rel=[461.0,0.0], child_size=[36.0,28.0], child_end=[497.0,28.0], parent_size=[323.8,34.0], gap=6.0, start_offset=0.0)
[WARN] Layout wrap: 'image_mode_label' in parent 'image_controls' - NoWrap set but would overflow (child_size=170.0, offset=285.0, container=323.8)
[WARN] Layout overflow: 'image_mode_label' extends outside parent 'image_controls' bounds (child_rel=[285.0,0.0], child_size=[170.0,28.0], child_end=[455.0,28.0], parent_size=[323.8,34.0], gap=6.0, start_offset=0.0)
[WARN] Layout wrap: 'image_zoom_in' in parent 'image_controls' - NoWrap set but would overflow (child_size=36.0, offset=461.0, container=323.8)
[WARN] Layout overflow: 'image_zoom_in' extends outside parent 'image_controls' bounds (child_rel=[461.0,0.0], child_size=[36.0,28.0], child_end=[497.0,28.0], parent_size=[323.8,34.0], gap=6.0, start_offset=0.0)
[WARN] Layout wrap: 'image_mode_label' in parent 'image_controls' - NoWrap set but would overflow (child_size=170.0, offset=285.0, container=323.8)
[WARN] Layout overflow: 'image_mode_label' extends outside parent 'image_controls' bounds (child_rel=[285.0,0.0], child_size=[170.0,28.0], child_end=[455.0,28.0], parent_size=[323.8,34.0], gap=6.0, start_offset=0.0)
[WARN] Layout wrap: 'image_zoom_in' in parent 'image_controls' - NoWrap set but would overflow (child_size=36.0, offset=461.0, container=323.8)
[WARN] Layout overflow: 'image_zoom_in' extends outside parent 'image_controls' bounds (child_rel=[461.0,0.0], child_size=[36.0,28.0], child_end=[497.0,28.0], parent_size=[323.8,34.0], gap=6.0, start_offset=0.0)
[WARN] Layout wrap: 'image_mode_label' in parent 'image_controls' - NoWrap set but would overflow (child_size=170.0, offset=285.0, container=323.8)
[WARN] Layout overflow: 'image_mode_label' extends outside parent 'image_controls' bounds (child_rel=[285.0,0.0], child_size=[170.0,28.0], child_end=[455.0,28.0], parent_size=[323.8,34.0], gap=6.0, start_offset=0.0)
[WARN] Layout wrap: 'image_zoom_in' in parent 'image_controls' - NoWrap set but would overflow (child_size=36.0, offset=461.0, container=323.8)
[WARN] Layout overflow: 'image_zoom_in' extends outside parent 'image_controls' bounds (child_rel=[461.0,0.0], child_size=[36.0,28.0], child_end=[497.0,28.0], parent_size=[323.8,34.0], gap=6.0, start_offset=0.0)
[INFO] git: 127 ms (waited 0 ms for lock): git cat-file
[INFO] git: 132 ms (waited 0 ms for lock): git cat-file
[WARN] Layout wrap: 'image_mode_label' in parent 'image_controls' - NoWrap set but would overflow (child_size=170.0, offset=285.0, container=323.8)
[WARN] Layout overflow: 'image_mode_label' extends outside parent 'image_controls' bounds (child_rel=[285.0,0.0], child_size=[170.0,28.0], child_end=[455.0,28.0], parent_size=[323.8,34.0], gap=6.0, start_offset=0.0)
[WARN] Layout wrap: 'image_zoom_in' in parent 'image_controls' - NoWrap set but would overflow (child_size=36.0, offset=461.0, container=323.8)
[WARN] Layout overflow: 'image_zoom_in' extends outside parent 'image_controls' bounds (child_rel=[461.0,0.0], child_size=[36.0,28.0], child_end=[497.0,28.0], parent_size=[323.8,34.0], gap=6.0, start_offset=0.0)
[WARN] Layout wrap: 'image_mode_label' in parent 'image_controls' - NoWrap set but would overflow (child_size=170.0, offset=285.0, container=323.8)
[WARN] Layout overflow: 'image_mode_label' extends outside parent 'image_controls' bounds (child_rel=[285.0,0.0], child_size=[170.0,28.0], child_end=[455.0,28.0], parent_size=[323.8,34.0], gap=6.0, start_offset=0.0)
[WARN] Layout wrap: 'image_zoom_in' in parent 'image_controls' - NoWrap set but would overflow (child_size=36.0, offset=461.0, container=323.8)
[WARN] Layout overflow: 'image_zoom_in' extends outside parent 'image_controls' bounds (child_rel=[461.0,0.0], child_size=[36.0,28.0], child_end=[497.0,28.0], parent_size=[323.8,34.0], gap=6.0, start_offset=0.0)
[WARN] Layout wrap: 'image_mode_label' in parent 'image_controls' - NoWrap set but would overflow (child_size=170.0, offset=285.0, container=323.8)
[WARN] Layout overflow: 'image_mode_label' extends outside parent 'image_controls' bounds (child_rel=[285.0,0.0], child_size=[170.0,28.0], child_end=[455.0,28.0], parent_size=[323.8,34.0], gap=6.0, start_offset=0.0)
[WARN] Layout wrap: 'image_zoom_in' in parent 'image_controls' - NoWrap set but would overflow (child_size=36.0, offset=461.0, container=323.8)
[WARN] Layout overflow: 'image_zoom_in' extends outside parent 'image_controls' bounds (child_rel=[461.0,0.0], child_size=[36.0,28.0], child_end=[497.0,28.0], parent_size=[323.8,34.0], gap=6.0, start_offset=0.0)
[WARN] Layout wrap: 'image_mode_label' in parent 'image_controls' - NoWrap set but would overflow (child_size=170.0, offset=285.0, container=323.8)
[WARN] Layout overflow: 'image_mode_label' extends outside parent 'image_controls' bounds (child_rel=[285.0,0.0], child_size=[170.0,28.0], child_end=[455.0,28.0], parent_size=[323.8,34.0], gap=6.0, start_offset=0.0)
[WARN] Layout wrap: 'image_zoom_in' in parent 'image_controls' - NoWrap set but would overflow (child_size=36.0, offset=461.0, container=323.8)
[WARN] Layout overflow: 'image_zoom_in' extends outside parent 'image_controls' bounds (child_rel=[461.0,0.0], child_size=[36.0,28.0], child_end=[497.0,28.0], parent_size=[323.8,34.0], gap=6.0, start_offset=0.0)
[WARN] Layout wrap: 'image_mode_label' in parent 'image_controls' - NoWrap set but would overflow (child_size=170.0, offset=285.0, container=323.8)
[WARN] Layout overflow: 'image_mode_label' extends outside parent 'image_controls' bounds (child_rel=[285.0,0.0], child_size=[170.0,28.0], child_end=[455.0,28.0], parent_size=[323.8,34.0], gap=6.0, start_offset=0.0)
[WARN] Layout wrap: 'image_zoom_in' in parent 'image_controls' - NoWrap set but would overflow (child_size=36.0, offset=461.0, container=323.8)
[WARN] Layout overflow: 'image_zoom_in' extends outside parent 'image_controls' bounds (child_rel=[461.0,0.0], child_size=[36.0,28.0], child_end=[497.0,28.0], parent_size=[323.8,34.0], gap=6.0, start_offset=0.0)
[WARN] Layout wrap: 'image_mode_label' in parent 'image_controls' - NoWrap set but would overflow (child_size=170.0, offset=285.0, container=323.8)
[WARN] Layout overflow: 'image_mode_label' extends outside parent 'image_controls' bounds (child_rel=[285.0,0.0], child_size=[170.0,28.0], child_end=[455.0,28.0], parent_size=[323.8,34.0], gap=6.0, start_offset=0.0)
[WARN] Layout wrap: 'image_zoom_in' in parent 'image_controls' - NoWrap set but would overflow (child_size=36.0, offset=461.0, container=323.8)
[WARN] Layout overflow: 'image_zoom_in' extends outside parent 'image_controls' bounds (child_rel=[461.0,0.0], child_size=[36.0,28.0], child_end=[497.0,28.0], parent_size=[323.8,34.0], gap=6.0, start_offset=0.0)
[WARN] Layout wrap: 'image_mode_label' in parent 'image_controls' - NoWrap set but would overflow (child_size=170.0, offset=285.0, container=323.8)
[WARN] Layout overflow: 'image_mode_label' extends outside parent 'image_controls' bounds (child_rel=[285.0,0.0], child_size=[170.0,28.0], child_end=[455.0,28.0], parent_size=[323.8,34.0], gap=6.0, start_offset=0.0)
[WARN] Layout wrap: 'image_zoom_in' in parent 'image_controls' - NoWrap set but would overflow (child_size=36.0, offset=461.0, container=323.8)
[WARN] Layout overflow: 'image_zoom_in' extends outside parent 'image_controls' bounds (child_rel=[461.0,0.0], child_size=[36.0,28.0], child_end=[497.0,28.0], parent_size=[323.8,34.0], gap=6.0, start_offset=0.0)
[WARN] Layout wrap: 'image_mode_label' in parent 'image_controls' - NoWrap set but would overflow (child_size=170.0, offset=285.0, container=323.8)
[WARN] Layout overflow: 'image_mode_label' extends outside parent 'image_controls' bounds (child_rel=[285.0,0.0], child_size=[170.0,28.0], child_end=[455.0,28.0], parent_size=[323.8,34.0], gap=6.0, start_offset=0.0)
[WARN] Layout wrap: 'image_zoom_in' in parent 'image_controls' - NoWrap set but would overflow (child_size=36.0, offset=461.0, container=323.8)
[WARN] Layout overflow: 'image_zoom_in' extends outside parent 'image_controls' bounds (child_rel=[461.0,0.0], child_size=[36.0,28.0], child_end=[497.0,28.0], parent_size=[323.8,34.0], gap=6.0, start_offset=0.0)
[WARN] Layout wrap: 'image_mode_label' in parent 'image_controls' - NoWrap set but would overflow (child_size=170.0, offset=285.0, container=323.8)
[WARN] Layout overflow: 'image_mode_label' extends outside parent 'image_controls' bounds (child_rel=[285.0,0.0], child_size=[170.0,28.0], child_end=[455.0,28.0], parent_size=[323.8,34.0], gap=6.0, start_offset=0.0)
[WARN] Layout wrap: 'image_zoom_in' in parent 'image_controls' - NoWrap set but would overflow (child_size=36.0, offset=461.0, container=323.8)
[WARN] Layout overflow: 'image_zoom_in' extends outside parent 'image_controls' bounds (child_rel=[461.0,0.0], child_size=[36.0,28.0], child_end=[497.0,28.0], parent_size=[323.8,34.0], gap=6.0, start_offset=0.0)
[WARN] Layout wrap: 'image_mode_label' in parent 'image_controls' - NoWrap set but would overflow (child_size=170.0, offset=285.0, container=323.8)
[WARN] Layout overflow: 'image_mode_label' extends outside parent 'image_controls' bounds (child_rel=[285.0,0.0], child_size=[170.0,28.0], child_end=[455.0,28.0], parent_size=[323.8,34.0], gap=6.0, start_offset=0.0)
[WARN] Layout wrap: 'image_zoom_in' in parent 'image_controls' - NoWrap set but would overflow (child_size=36.0, offset=461.0, container=323.8)
[WARN] Layout overflow: 'image_zoom_in' extends outside parent 'image_controls' bounds (child_rel=[461.0,0.0], child_size=[36.0,28.0], child_end=[497.0,28.0], parent_size=[323.8,34.0], gap=6.0, start_offset=0.0)
[WARN] Layout wrap: 'image_mode_label' in parent 'image_controls' - NoWrap set but would overflow (child_size=170.0, offset=285.0, container=323.8)
[WARN] Layout overflow: 'image_mode_label' extends outside parent 'image_controls' bounds (child_rel=[285.0,0.0], child_size=[170.0,28.0], child_end=[455.0,28.0], parent_size=[323.8,34.0], gap=6.0, start_offset=0.0)
[WARN] Layout wrap: 'image_zoom_in' in parent 'image_controls' - NoWrap set but would overflow (child_size=36.0, offset=461.0, container=323.8)
[WARN] Layout overflow: 'image_zoom_in' extends outside parent 'image_controls' bounds (child_rel=[461.0,0.0], child_size=[36.0,28.0], child_end=[497.0,28.0], parent_size=[323.8,34.0], gap=6.0, start_offset=0.0)
[WARN] Layout wrap: 'image_mode_label' in parent 'image_controls' - NoWrap set but would overflow (child_size=170.0, offset=285.0, container=323.8)
[WARN] Layout overflow: 'image_mode_label' extends outside parent 'image_controls' bounds (child_rel=[285.0,0.0], child_size=[170.0,28.0], child_end=[455.0,28.0], parent_size=[323.8,34.0], gap=6.0, start_offset=0.0)
[WARN] Layout wrap: 'image_zoom_in' in parent 'image_controls' - NoWrap set but would overflow (child_size=36.0, offset=461.0, container=323.8)
[WARN] Layout overflow: 'image_zoom_in' extends outside parent 'image_controls' bounds (child_rel=[461.0,0.0], child_size=[36.0,28.0], child_end=[497.0,28.0], parent_size=[323.8,34.0], gap=6.0, start_offset=0.0)
[WARN] Layout wrap: 'image_mode_label' in parent 'image_controls' - NoWrap set but would overflow (child_size=170.0, offset=285.0, container=323.8)
[WARN] Layout overflow: 'image_mode_label' extends outside parent 'image_controls' bounds (child_rel=[285.0,0.0], child_size=[170.0,28.0], child_end=[455.0,28.0], parent_size=[323.8,34.0], gap=6.0, start_offset=0.0)
[WARN] Layout wrap: 'image_zoom_in' in parent 'image_controls' - NoWrap set but would overflow (child_size=36.0, offset=461.0, container=323.8)
[WARN] Layout overflow: 'image_zoom_in' extends outside parent 'image_controls' bounds (child_rel=[461.0,0.0], child_size=[36.0,28.0], child_end=[497.0,28.0], parent_size=[323.8,34.0], gap=6.0, start_offset=0.0)
[WARN] Layout wrap: 'image_mode_label' in parent 'image_controls' - NoWrap set but would overflow (child_size=170.0, offset=285.0, container=323.8)
[WARN] Layout overflow: 'image_mode_label' extends outside parent 'image_controls' bounds (child_rel=[285.0,0.0], child_size=[170.0,28.0], child_end=[455.0,28.0], parent_size=[323.8,34.0], gap=6.0, start_offset=0.0)
[WARN] Layout wrap: 'image_zoom_in' in parent 'image_controls' - NoWrap set but would overflow (child_size=36.0, offset=461.0, container=323.8)
[WARN] Layout overflow: 'image_zoom_in' extends outside parent 'image_controls' bounds (child_rel=[461.0,0.0], child_size=[36.0,28.0], child_end=[497.0,28.0], parent_size=[323.8,34.0], gap=6.0, start_offset=0.0)
[WARN] Layout wrap: 'image_mode_label' in parent 'image_controls' - NoWrap set but would overflow (child_size=170.0, offset=285.0, container=323.8)
[WARN] Layout overflow: 'image_mode_label' extends outside parent 'image_controls' bounds (child_rel=[285.0,0.0], child_size=[170.0,28.0], child_end=[455.0,28.0], parent_size=[323.8,34.0], gap=6.0, start_offset=0.0)
[WARN] Layout wrap: 'image_zoom_in' in parent 'image_controls' - NoWrap set but would overflow (child_size=36.0, offset=461.0, container=323.8)
[WARN] Layout overflow: 'image_zoom_in' extends outside parent 'image_controls' bounds (child_rel=[461.0,0.0], child_size=[36.0,28.0], child_end=[497.0,28.0], parent_size=[323.8,34.0], gap=6.0, start_offset=0.0)
[WARN] Layout wrap: 'image_mode_label' in parent 'image_controls' - NoWrap set but would overflow (child_size=170.0, offset=285.0, container=323.8)
[WARN] Layout overflow: 'image_mode_label' extends outside parent 'image_controls' bounds (child_rel=[285.0,0.0], child_size=[170.0,28.0], child_end=[455.0,28.0], parent_size=[323.8,34.0], gap=6.0, start_offset=0.0)
[WARN] Layout wrap: 'image_zoom_in' in parent 'image_controls' - NoWrap set but would overflow (child_size=36.0, offset=461.0, container=323.8)
[WARN] Layout overflow: 'image_zoom_in' extends outside parent 'image_controls' bounds (child_rel=[461.0,0.0], child_size=[36.0,28.0], child_end=[497.0,28.0], parent_size=[323.8,34.0], gap=6.0, start_offset=0.0)
[WARN] Layout wrap: 'image_mode_label' in parent 'image_controls' - NoWrap set but would overflow (child_size=170.0, offset=285.0, container=323.8)
[WARN] Layout overflow: 'image_mode_label' extends outside parent 'image_controls' bounds (child_rel=[285.0,0.0], child_size=[170.0,28.0], child_end=[455.0,28.0], parent_size=[323.8,34.0], gap=6.0, start_offset=0.0)
[WARN] Layout wrap: 'image_zoom_in' in parent 'image_controls' - NoWrap set but would overflow (child_size=36.0, offset=461.0, container=323.8)
[WARN] Layout overflow: 'image_zoom_in' extends outside parent 'image_controls' bounds (child_rel=[461.0,0.0], child_size=[36.0,28.0], child_end=[497.0,28.0], parent_size=[323.8,34.0], gap=6.0, start_offset=0.0)
[WARN] Layout wrap: 'image_mode_label' in parent 'image_controls' - NoWrap set but would overflow (child_size=170.0, offset=285.0, container=323.8)
[WARN] Layout overflow: 'image_mode_label' extends outside parent 'image_controls' bounds (child_rel=[285.0,0.0], child_size=[170.0,28.0], child_end=[455.0,28.0], parent_size=[323.8,34.0], gap=6.0, start_offset=0.0)
[WARN] Layout wrap: 'image_zoom_in' in parent 'image_controls' - NoWrap set but would overflow (child_size=36.0, offset=461.0, container=323.8)
[WARN] Layout overflow: 'image_zoom_in' extends outside parent 'image_controls' bounds (child_rel=[461.0,0.0], child_size=[36.0,28.0], child_end=[497.0,28.0], parent_size=[323.8,34.0], gap=6.0, start_offset=0.0)
[WARN] Layout wrap: 'image_mode_label' in parent 'image_controls' - NoWrap set but would overflow (child_size=170.0, offset=285.0, container=323.8)
[WARN] Layout overflow: 'image_mode_label' extends outside parent 'image_controls' bounds (child_rel=[285.0,0.0], child_size=[170.0,28.0], child_end=[455.0,28.0], parent_size=[323.8,34.0], gap=6.0, start_offset=0.0)
[WARN] Layout wrap: 'image_zoom_in' in parent 'image_controls' - NoWrap set but would overflow (child_size=36.0, offset=461.0, container=323.8)
[WARN] Layout overflow: 'image_zoom_in' extends outside parent 'image_controls' bounds (child_rel=[461.0,0.0], child_size=[36.0,28.0], child_end=[497.0,28.0], parent_size=[323.8,34.0], gap=6.0, start_offset=0.0)
[WARN] Layout wrap: 'image_mode_label' in parent 'image_controls' - NoWrap set but would overflow (child_size=170.0, offset=285.0, container=323.8)
[WARN] Layout overflow: 'image_mode_label' extends outside parent 'image_controls' bounds (child_rel=[285.0,0.0], child_size=[170.0,28.0], child_end=[455.0,28.0], parent_size=[323.8,34.0], gap=6.0, start_offset=0.0)
[WARN] Layout wrap: 'image_zoom_in' in parent 'image_controls' - NoWrap set but would overflow (child_size=36.0, offset=461.0, container=323.8)
[WARN] Layout overflow: 'image_zoom_in' extends outside parent 'image_controls' bounds (child_rel=[461.0,0.0], child_size=[36.0,28.0], child_end=[497.0,28.0], parent_size=[323.8,34.0], gap=6.0, start_offset=0.0)
[WARN] Layout wrap: 'image_mode_label' in parent 'image_controls' - NoWrap set but would overflow (child_size=170.0, offset=285.0, container=323.8)
[WARN] Layout overflow: 'image_mode_label' extends outside parent 'image_controls' bounds (child_rel=[285.0,0.0], child_size=[170.0,28.0], child_end=[455.0,28.0], parent_size=[323.8,34.0], gap=6.0, start_offset=0.0)
[WARN] Layout wrap: 'image_zoom_in' in parent 'image_controls' - NoWrap set but would overflow (child_size=36.0, offset=461.0, container=323.8)
[WARN] Layout overflow: 'image_zoom_in' extends outside parent 'image_controls' bounds (child_rel=[461.0,0.0], child_size=[36.0,28.0], child_end=[497.0,28.0], parent_size=[323.8,34.0], gap=6.0, start_offset=0.0)
[WARN] Layout wrap: 'image_mode_label' in parent 'image_controls' - NoWrap set but would overflow (child_size=170.0, offset=285.0, container=323.8)
[WARN] Layout overflow: 'image_mode_label' extends outside parent 'image_controls' bounds (child_rel=[285.0,0.0], child_size=[170.0,28.0], child_end=[455.0,28.0], parent_size=[323.8,34.0], gap=6.0, start_offset=0.0)
[WARN] Layout wrap: 'image_zoom_in' in parent 'image_controls' - NoWrap set but would overflow (child_size=36.0, offset=461.0, container=323.8)
[WARN] Layout overflow: 'image_zoom_in' extends outside parent 'image_controls' bounds (child_rel=[461.0,0.0], child_size=[36.0,28.0], child_end=[497.0,28.0], parent_size=[323.8,34.0], gap=6.0, start_offset=0.0)
[WARN] Layout wrap: 'image_mode_label' in parent 'image_controls' - NoWrap set but would overflow (child_size=170.0, offset=285.0, container=323.8)
[WARN] Layout overflow: 'image_mode_label' extends outside parent 'image_controls' bounds (child_rel=[285.0,0.0], child_size=[170.0,28.0], child_end=[455.0,28.0], parent_size=[323.8,34.0], gap=6.0, start_offset=0.0)
[WARN] Layout wrap: 'image_zoom_in' in parent 'image_controls' - NoWrap set but would overflow (child_size=36.0, offset=461.0, container=323.8)
[WARN] Layout overflow: 'image_zoom_in' extends outside parent 'image_controls' bounds (child_rel=[461.0,0.0], child_size=[36.0,28.0], child_end=[497.0,28.0], parent_size=[323.8,34.0], gap=6.0, start_offset=0.0)
[WARN] Layout wrap: 'image_mode_label' in parent 'image_controls' - NoWrap set but would overflow (child_size=170.0, offset=285.0, container=323.8)
[WARN] Layout overflow: 'image_mode_label' extends outside parent 'image_controls' bounds (child_rel=[285.0,0.0], child_size=[170.0,28.0], child_end=[455.0,28.0], parent_size=[323.8,34.0], gap=6.0, start_offset=0.0)
[WARN] Layout wrap: 'image_zoom_in' in parent 'image_controls' - NoWrap set but would overflow (child_size=36.0, offset=461.0, container=323.8)
[WARN] Layout overflow: 'image_zoom_in' extends outside parent 'image_controls' bounds (child_rel=[461.0,0.0], child_size=[36.0,28.0], child_end=[497.0,28.0], parent_size=[323.8,34.0], gap=6.0, start_offset=0.0)
[WARN] Layout wrap: 'image_mode_label' in parent 'image_controls' - NoWrap set but would overflow (child_size=170.0, offset=285.0, container=323.8)
[WARN] Layout overflow: 'image_mode_label' extends outside parent 'image_controls' bounds (child_rel=[285.0,0.0], child_size=[170.0,28.0], child_end=[455.0,28.0], parent_size=[323.8,34.0], gap=6.0, start_offset=0.0)
[WARN] Layout wrap: 'image_zoom_in' in parent 'image_controls' - NoWrap set but would overflow (child_size=36.0, offset=461.0, container=323.8)
[WARN] Layout overflow: 'image_zoom_in' extends outside parent 'image_controls' bounds (child_rel=[461.0,0.0], child_size=[36.0,28.0], child_end=[497.0,28.0], parent_size=[323.8,34.0], gap=6.0, start_offset=0.0)
[WARN] Layout wrap: 'image_mode_label' in parent 'image_controls' - NoWrap set but would overflow (child_size=170.0, offset=285.0, container=323.8)
[WARN] Layout overflow: 'image_mode_label' extends outside parent 'image_controls' bounds (child_rel=[285.0,0.0], child_size=[170.0,28.0], child_end=[455.0,28.0], parent_size=[323.8,34.0], gap=6.0, start_offset=0.0)
[WARN] Layout wrap: 'image_zoom_in' in parent 'image_controls' - NoWrap set but would overflow (child_size=36.0, offset=461.0, container=323.8)
[WARN] Layout overflow: 'image_zoom_in' extends outside parent 'image_controls' bounds (child_rel=[461.0,0.0], child_size=[36.0,28.0], child_end=[497.0,28.0], parent_size=[323.8,34.0], gap=6.0, start_offset=0.0)
[WARN] Layout wrap: 'image_mode_label' in parent 'image_controls' - NoWrap set but would overflow (child_size=170.0, offset=285.0, container=323.8)
[WARN] Layout overflow: 'image_mode_label' extends outside parent 'image_controls' bounds (child_rel=[285.0,0.0], child_size=[170.0,28.0], child_end=[455.0,28.0], parent_size=[323.8,34.0], gap=6.0, start_offset=0.0)
[WARN] Layout wrap: 'image_zoom_in' in parent 'image_controls' - NoWrap set but would overflow (child_size=36.0, offset=461.0, container=323.8)
[WARN] Layout overflow: 'image_zoom_in' extends outside parent 'image_controls' bounds (child_rel=[461.0,0.0], child_size=[36.0,28.0], child_end=[497.0,28.0], parent_size=[323.8,34.0], gap=6.0, start_offset=0.0)
[WARN] Layout wrap: 'image_mode_label' in parent 'image_controls' - NoWrap set but would overflow (child_size=170.0, offset=285.0, container=323.8)
[WARN] Layout overflow: 'image_mode_label' extends outside parent 'image_controls' bounds (child_rel=[285.0,0.0], child_size=[170.0,28.0], child_end=[455.0,28.0], parent_size=[323.8,34.0], gap=6.0, start_offset=0.0)
[WARN] Layout wrap: 'image_zoom_in' in parent 'image_controls' - NoWrap set but would overflow (child_size=36.0, offset=461.0, container=323.8)
[WARN] Layout overflow: 'image_zoom_in' extends outside parent 'image_controls' bounds (child_rel=[461.0,0.0], child_size=[36.0,28.0], child_end=[497.0,28.0], parent_size=[323.8,34.0], gap=6.0, start_offset=0.0)
[WARN] Layout wrap: 'image_mode_label' in parent 'image_controls' - NoWrap set but would overflow (child_size=170.0, offset=285.0, container=323.8)
[WARN] Layout overflow: 'image_mode_label' extends outside parent 'image_controls' bounds (child_rel=[285.0,0.0], child_size=[170.0,28.0], child_end=[455.0,28.0], parent_size=[323.8,34.0], gap=6.0, start_offset=0.0)
[WARN] Layout wrap: 'image_zoom_in' in parent 'image_controls' - NoWrap set but would overflow (child_size=36.0, offset=461.0, container=323.8)
[WARN] Layout overflow: 'image_zoom_in' extends outside parent 'image_controls' bounds (child_rel=[461.0,0.0], child_size=[36.0,28.0], child_end=[497.0,28.0], parent_size=[323.8,34.0], gap=6.0, start_offset=0.0)
[WARN] Layout wrap: 'image_mode_label' in parent 'image_controls' - NoWrap set but would overflow (child_size=170.0, offset=285.0, container=323.8)
[WARN] Layout overflow: 'image_mode_label' extends outside parent 'image_controls' bounds (child_rel=[285.0,0.0], child_size=[170.0,28.0], child_end=[455.0,28.0], parent_size=[323.8,34.0], gap=6.0, start_offset=0.0)
[WARN] Layout wrap: 'image_zoom_in' in parent 'image_controls' - NoWrap set but would overflow (child_size=36.0, offset=461.0, container=323.8)
[WARN] Layout overflow: 'image_zoom_in' extends outside parent 'image_controls' bounds (child_rel=[461.0,0.0], child_size=[36.0,28.0], child_end=[497.0,28.0], parent_size=[323.8,34.0], gap=6.0, start_offset=0.0)
[WARN] Layout wrap: 'image_mode_label' in parent 'image_controls' - NoWrap set but would overflow (child_size=170.0, offset=285.0, container=323.8)
[WARN] Layout overflow: 'image_mode_label' extends outside parent 'image_controls' bounds (child_rel=[285.0,0.0], child_size=[170.0,28.0], child_end=[455.0,28.0], parent_size=[323.8,34.0], gap=6.0, start_offset=0.0)
[WARN] Layout wrap: 'image_zoom_in' in parent 'image_controls' - NoWrap set but would overflow (child_size=36.0, offset=461.0, container=323.8)
[WARN] Layout overflow: 'image_zoom_in' extends outside parent 'image_controls' bounds (child_rel=[461.0,0.0], child_size=[36.0,28.0], child_end=[497.0,28.0], parent_size=[323.8,34.0], gap=6.0, start_offset=0.0)
[WARN] Layout wrap: 'image_mode_label' in parent 'image_controls' - NoWrap set but would overflow (child_size=170.0, offset=285.0, container=323.8)
[WARN] Layout overflow: 'image_mode_label' extends outside parent 'image_controls' bounds (child_rel=[285.0,0.0], child_size=[170.0,28.0], child_end=[455.0,28.0], parent_size=[323.8,34.0], gap=6.0, start_offset=0.0)
[WARN] Layout wrap: 'image_zoom_in' in parent 'image_controls' - NoWrap set but would overflow (child_size=36.0, offset=461.0, container=323.8)
[WARN] Layout overflow: 'image_zoom_in' extends outside parent 'image_controls' bounds (child_rel=[461.0,0.0], child_size=[36.0,28.0], child_end=[497.0,28.0], parent_size=[323.8,34.0], gap=6.0, start_offset=0.0)
[WARN] Layout wrap: 'image_mode_label' in parent 'image_controls' - NoWrap set but would overflow (child_size=170.0, offset=285.0, container=323.8)
[WARN] Layout overflow: 'image_mode_label' extends outside parent 'image_controls' bounds (child_rel=[285.0,0.0], child_size=[170.0,28.0], child_end=[455.0,28.0], parent_size=[323.8,34.0], gap=6.0, start_offset=0.0)
[WARN] Layout wrap: 'image_zoom_in' in parent 'image_controls' - NoWrap set but would overflow (child_size=36.0, offset=461.0, container=323.8)
[WARN] Layout overflow: 'image_zoom_in' extends outside parent 'image_controls' bounds (child_rel=[461.0,0.0], child_size=[36.0,28.0], child_end=[497.0,28.0], parent_size=[323.8,34.0], gap=6.0, start_offset=0.0)
[WARN] Layout wrap: 'image_mode_label' in parent 'image_controls' - NoWrap set but would overflow (child_size=170.0, offset=285.0, container=323.8)
[WARN] Layout overflow: 'image_mode_label' extends outside parent 'image_controls' bounds (child_rel=[285.0,0.0], child_size=[170.0,28.0], child_end=[455.0,28.0], parent_size=[323.8,34.0], gap=6.0, start_offset=0.0)
[WARN] Layout wrap: 'image_zoom_in' in parent 'image_controls' - NoWrap set but would overflow (child_size=36.0, offset=461.0, container=323.8)
[WARN] Layout overflow: 'image_zoom_in' extends outside parent 'image_controls' bounds (child_rel=[461.0,0.0], child_size=[36.0,28.0], child_end=[497.0,28.0], parent_size=[323.8,34.0], gap=6.0, start_offset=0.0)
[WARN] Layout wrap: 'image_mode_label' in parent 'image_controls' - NoWrap set but would overflow (child_size=170.0, offset=285.0, container=323.8)
[WARN] Layout overflow: 'image_mode_label' extends outside parent 'image_controls' bounds (child_rel=[285.0,0.0], child_size=[170.0,28.0], child_end=[455.0,28.0], parent_size=[323.8,34.0], gap=6.0, start_offset=0.0)
[WARN] Layout wrap: 'image_zoom_in' in parent 'image_controls' - NoWrap set but would overflow (child_size=36.0, offset=461.0, container=323.8)
[WARN] Layout overflow: 'image_zoom_in' extends outside parent 'image_controls' bounds (child_rel=[461.0,0.0], child_size=[36.0,28.0], child_end=[497.0,28.0], parent_size=[323.8,34.0], gap=6.0, start_offset=0.0)
[WARN] Layout wrap: 'image_mode_label' in parent 'image_controls' - NoWrap set but would overflow (child_size=170.0, offset=285.0, container=323.8)
[WARN] Layout overflow: 'image_mode_label' extends outside parent 'image_controls' bounds (child_rel=[285.0,0.0], child_size=[170.0,28.0], child_end=[455.0,28.0], parent_size=[323.8,34.0], gap=6.0, start_offset=0.0)
[WARN] Layout wrap: 'image_zoom_in' in parent 'image_controls' - NoWrap set but would overflow (child_size=36.0, offset=461.0, container=323.8)
[WARN] Layout overflow: 'image_zoom_in' extends outside parent 'image_controls' bounds (child_rel=[461.0,0.0], child_size=[36.0,28.0], child_end=[497.0,28.0], parent_size=[323.8,34.0], gap=6.0, start_offset=0.0)
[WARN] Layout wrap: 'image_mode_label' in parent 'image_controls' - NoWrap set but would overflow (child_size=170.0, offset=285.0, container=323.8)
[WARN] Layout overflow: 'image_mode_label' extends outside parent 'image_controls' bounds (child_rel=[285.0,0.0], child_size=[170.0,28.0], child_end=[455.0,28.0], parent_size=[323.8,34.0], gap=6.0, start_offset=0.0)
[WARN] Layout wrap: 'image_zoom_in' in parent 'image_controls' - NoWrap set but would overflow (child_size=36.0, offset=461.0, container=323.8)
[WARN] Layout overflow: 'image_zoom_in' extends outside parent 'image_controls' bounds (child_rel=[461.0,0.0], child_size=[36.0,28.0], child_end=[497.0,28.0], parent_size=[323.8,34.0], gap=6.0, start_offset=0.0)
[WARN] Layout wrap: 'image_mode_label' in parent 'image_controls' - NoWrap set but would overflow (child_size=170.0, offset=285.0, container=323.8)
[WARN] Layout overflow: 'image_mode_label' extends outside parent 'image_controls' bounds (child_rel=[285.0,0.0], child_size=[170.0,28.0], child_end=[455.0,28.0], parent_size=[323.8,34.0], gap=6.0, start_offset=0.0)
[WARN] Layout wrap: 'image_zoom_in' in parent 'image_controls' - NoWrap set but would overflow (child_size=36.0, offset=461.0, container=323.8)
[WARN] Layout overflow: 'image_zoom_in' extends outside parent 'image_controls' bounds (child_rel=[461.0,0.0], child_size=[36.0,28.0], child_end=[497.0,28.0], parent_size=[323.8,34.0], gap=6.0, start_offset=0.0)
[WARN] Layout wrap: 'image_mode_label' in parent 'image_controls' - NoWrap set but would overflow (child_size=170.0, offset=285.0, container=323.8)
[WARN] Layout overflow: 'image_mode_label' extends outside parent 'image_controls' bounds (child_rel=[285.0,0.0], child_size=[170.0,28.0], child_end=[455.0,28.0], parent_size=[323.8,34.0], gap=6.0, start_offset=0.0)
[WARN] Layout wrap: 'image_zoom_in' in parent 'image_controls' - NoWrap set but would overflow (child_size=36.0, offset=461.0, container=323.8)
[WARN] Layout overflow: 'image_zoom_in' extends outside parent 'image_controls' bounds (child_rel=[461.0,0.0], child_size=[36.0,28.0], child_end=[497.0,28.0], parent_size=[323.8,34.0], gap=6.0, start_offset=0.0)
[WARN] Layout wrap: 'image_mode_label' in parent 'image_controls' - NoWrap set but would overflow (child_size=170.0, offset=285.0, container=323.8)
[WARN] Layout overflow: 'image_mode_label' extends outside parent 'image_controls' bounds (child_rel=[285.0,0.0], child_size=[170.0,28.0], child_end=[455.0,28.0], parent_size=[323.8,34.0], gap=6.0, start_offset=0.0)
[WARN] Layout wrap: 'image_zoom_in' in parent 'image_controls' - NoWrap set but would overflow (child_size=36.0, offset=461.0, container=323.8)
[WARN] Layout overflow: 'image_zoom_in' extends outside parent 'image_controls' bounds (child_rel=[461.0,0.0], child_size=[36.0,28.0], child_end=[497.0,28.0], parent_size=[323.8,34.0], gap=6.0, start_offset=0.0)
[WARN] Layout wrap: 'image_mode_label' in parent 'image_controls' - NoWrap set but would overflow (child_size=170.0, offset=285.0, container=323.8)
[WARN] Layout overflow: 'image_mode_label' extends outside parent 'image_controls' bounds (child_rel=[285.0,0.0], child_size=[170.0,28.0], child_end=[455.0,28.0], parent_size=[323.8,34.0], gap=6.0, start_offset=0.0)
[WARN] Layout wrap: 'image_zoom_in' in parent 'image_controls' - NoWrap set but would overflow (child_size=36.0, offset=461.0, container=323.8)
[WARN] Layout overflow: 'image_zoom_in' extends outside parent 'image_controls' bounds (child_rel=[461.0,0.0], child_size=[36.0,28.0], child_end=[497.0,28.0], parent_size=[323.8,34.0], gap=6.0, start_offset=0.0)
[WARN] Layout wrap: 'image_mode_label' in parent 'image_controls' - NoWrap set but would overflow (child_size=170.0, offset=285.0, container=323.8)
[WARN] Layout overflow: 'image_mode_label' extends outside parent 'image_controls' bounds (child_rel=[285.0,0.0], child_size=[170.0,28.0], child_end=[455.0,28.0], parent_size=[323.8,34.0], gap=6.0, start_offset=0.0)
[WARN] Layout wrap: 'image_zoom_in' in parent 'image_controls' - NoWrap set but would overflow (child_size=36.0, offset=461.0, container=323.8)
[WARN] Layout overflow: 'image_zoom_in' extends outside parent 'image_controls' bounds (child_rel=[461.0,0.0], child_size=[36.0,28.0], child_end=[497.0,28.0], parent_size=[323.8,34.0], gap=6.0, start_offset=0.0)
[WARN] Layout wrap: 'image_mode_label' in parent 'image_controls' - NoWrap set but would overflow (child_size=170.0, offset=285.0, container=323.8)
[WARN] Layout overflow: 'image_mode_label' extends outside parent 'image_controls' bounds (child_rel=[285.0,0.0], child_size=[170.0,28.0], child_end=[455.0,28.0], parent_size=[323.8,34.0], gap=6.0, start_offset=0.0)
[WARN] Layout wrap: 'image_zoom_in' in parent 'image_controls' - NoWrap set but would overflow (child_size=36.0, offset=461.0, container=323.8)
[WARN] Layout overflow: 'image_zoom_in' extends outside parent 'image_controls' bounds (child_rel=[461.0,0.0], child_size=[36.0,28.0], child_end=[497.0,28.0], parent_size=[323.8,34.0], gap=6.0, start_offset=0.0)
[WARN] Layout wrap: 'image_mode_label' in parent 'image_controls' - NoWrap set but would overflow (child_size=170.0, offset=285.0, container=323.8)
[WARN] Layout overflow: 'image_mode_label' extends outside parent 'image_controls' bounds (child_rel=[285.0,0.0], child_size=[170.0,28.0], child_end=[455.0,28.0], parent_size=[323.8,34.0], gap=6.0, start_offset=0.0)
[WARN] Layout wrap: 'image_zoom_in' in parent 'image_controls' - NoWrap set but would overflow (child_size=36.0, offset=461.0, container=323.8)
[WARN] Layout overflow: 'image_zoom_in' extends outside parent 'image_controls' bounds (child_rel=[461.0,0.0], child_size=[36.0,28.0], child_end=[497.0,28.0], parent_size=[323.8,34.0], gap=6.0, start_offset=0.0)
[WARN] Layout wrap: 'image_mode_label' in parent 'image_controls' - NoWrap set but would overflow (child_size=170.0, offset=285.0, container=323.8)
[WARN] Layout overflow: 'image_mode_label' extends outside parent 'image_controls' bounds (child_rel=[285.0,0.0], child_size=[170.0,28.0], child_end=[455.0,28.0], parent_size=[323.8,34.0], gap=6.0, start_offset=0.0)
[WARN] Layout wrap: 'image_zoom_in' in parent 'image_controls' - NoWrap set but would overflow (child_size=36.0, offset=461.0, container=323.8)
[WARN] Layout overflow: 'image_zoom_in' extends outside parent 'image_controls' bounds (child_rel=[461.0,0.0], child_size=[36.0,28.0], child_end=[497.0,28.0], parent_size=[323.8,34.0], gap=6.0, start_offset=0.0)
[WARN] Layout wrap: 'image_mode_label' in parent 'image_controls' - NoWrap set but would overflow (child_size=170.0, offset=285.0, container=323.8)
[WARN] Layout overflow: 'image_mode_label' extends outside parent 'image_controls' bounds (child_rel=[285.0,0.0], child_size=[170.0,28.0], child_end=[455.0,28.0], parent_size=[323.8,34.0], gap=6.0, start_offset=0.0)
[WARN] Layout wrap: 'image_zoom_in' in parent 'image_controls' - NoWrap set but would overflow (child_size=36.0, offset=461.0, container=323.8)
[WARN] Layout overflow: 'image_zoom_in' extends outside parent 'image_controls' bounds (child_rel=[461.0,0.0], child_size=[36.0,28.0], child_end=[497.0,28.0], parent_size=[323.8,34.0], gap=6.0, start_offset=0.0)
[WARN] Layout wrap: 'image_mode_label' in parent 'image_controls' - NoWrap set but would overflow (child_size=170.0, offset=285.0, container=323.8)
[WARN] Layout overflow: 'image_mode_label' extends outside parent 'image_controls' bounds (child_rel=[285.0,0.0], child_size=[170.0,28.0], child_end=[455.0,28.0], parent_size=[323.8,34.0], gap=6.0, start_offset=0.0)
[WARN] Layout wrap: 'image_zoom_in' in parent 'image_controls' - NoWrap set but would overflow (child_size=36.0, offset=461.0, container=323.8)
[WARN] Layout overflow: 'image_zoom_in' extends outside parent 'image_controls' bounds (child_rel=[461.0,0.0], child_size=[36.0,28.0], child_end=[497.0,28.0], parent_size=[323.8,34.0], gap=6.0, start_offset=0.0)
[WARN] Layout wrap: 'image_mode_label' in parent 'image_controls' - NoWrap set but would overflow (child_size=170.0, offset=285.0, container=323.8)
[WARN] Layout overflow: 'image_mode_label' extends outside parent 'image_controls' bounds (child_rel=[285.0,0.0], child_size=[170.0,28.0], child_end=[455.0,28.0], parent_size=[323.8,34.0], gap=6.0, start_offset=0.0)
[WARN] Layout wrap: 'image_zoom_in' in parent 'image_controls' - NoWrap set but would overflow (child_size=36.0, offset=461.0, container=323.8)
[WARN] Layout overflow: 'image_zoom_in' extends outside parent 'image_controls' bounds (child_rel=[461.0,0.0], child_size=[36.0,28.0], child_end=[497.0,28.0], parent_size=[323.8,34.0], gap=6.0, start_offset=0.0)
[WARN] Layout wrap: 'image_mode_label' in parent 'image_controls' - NoWrap set but would overflow (child_size=170.0, offset=285.0, container=323.8)
[WARN] Layout overflow: 'image_mode_label' extends outside parent 'image_controls' bounds (child_rel=[285.0,0.0], child_size=[170.0,28.0], child_end=[455.0,28.0], parent_size=[323.8,34.0], gap=6.0, start_offset=0.0)
[WARN] Layout wrap: 'image_zoom_in' in parent 'image_controls' - NoWrap set but would overflow (child_size=36.0, offset=461.0, container=323.8)
[WARN] Layout overflow: 'image_zoom_in' extends outside parent 'image_controls' bounds (child_rel=[461.0,0.0], child_size=[36.0,28.0], child_end=[497.0,28.0], parent_size=[323.8,34.0], gap=6.0, start_offset=0.0)
[WARN] Layout wrap: 'image_mode_label' in parent 'image_controls' - NoWrap set but would overflow (child_size=170.0, offset=285.0, container=323.8)
[WARN] Layout overflow: 'image_mode_label' extends outside parent 'image_controls' bounds (child_rel=[285.0,0.0], child_size=[170.0,28.0], child_end=[455.0,28.0], parent_size=[323.8,34.0], gap=6.0, start_offset=0.0)
[WARN] Layout wrap: 'image_zoom_in' in parent 'image_controls' - NoWrap set but would overflow (child_size=36.0, offset=461.0, container=323.8)
[WARN] Layout overflow: 'image_zoom_in' extends outside parent 'image_controls' bounds (child_rel=[461.0,0.0], child_size=[36.0,28.0], child_end=[497.0,28.0], parent_size=[323.8,34.0], gap=6.0, start_offset=0.0)
[WARN] Layout wrap: 'image_mode_label' in parent 'image_controls' - NoWrap set but would overflow (child_size=170.0, offset=285.0, container=323.8)
[WARN] Layout overflow: 'image_mode_label' extends outside parent 'image_controls' bounds (child_rel=[285.0,0.0], child_size=[170.0,28.0], child_end=[455.0,28.0], parent_size=[323.8,34.0], gap=6.0, start_offset=0.0)
[WARN] Layout wrap: 'image_zoom_in' in parent 'image_controls' - NoWrap set but would overflow (child_size=36.0, offset=461.0, container=323.8)
[WARN] Layout overflow: 'image_zoom_in' extends outside parent 'image_controls' bounds (child_rel=[461.0,0.0], child_size=[36.0,28.0], child_end=[497.0,28.0], parent_size=[323.8,34.0], gap=6.0, start_offset=0.0)
[WARN] Layout wrap: 'image_mode_label' in parent 'image_controls' - NoWrap set but would overflow (child_size=170.0, offset=285.0, container=323.8)
[WARN] Layout overflow: 'image_mode_label' extends outside parent 'image_controls' bounds (child_rel=[285.0,0.0], child_size=[170.0,28.0], child_end=[455.0,28.0], parent_size=[323.8,34.0], gap=6.0, start_offset=0.0)
[WARN] Layout wrap: 'image_zoom_in' in parent 'image_controls' - NoWrap set but would overflow (child_size=36.0, offset=461.0, container=323.8)
[WARN] Layout overflow: 'image_zoom_in' extends outside parent 'image_controls' bounds (child_rel=[461.0,0.0], child_size=[36.0,28.0], child_end=[497.0,28.0], parent_size=[323.8,34.0], gap=6.0, start_offset=0.0)
[WARN] Layout wrap: 'image_mode_label' in parent 'image_controls' - NoWrap set but would overflow (child_size=170.0, offset=285.0, container=323.8)
[WARN] Layout overflow: 'image_mode_label' extends outside parent 'image_controls' bounds (child_rel=[285.0,0.0], child_size=[170.0,28.0], child_end=[455.0,28.0], parent_size=[323.8,34.0], gap=6.0, start_offset=0.0)
[WARN] Layout wrap: 'image_zoom_in' in parent 'image_controls' - NoWrap set but would overflow (child_size=36.0, offset=461.0, container=323.8)
[WARN] Layout overflow: 'image_zoom_in' extends outside parent 'image_controls' bounds (child_rel=[461.0,0.0], child_size=[36.0,28.0], child_end=[497.0,28.0], parent_size=[323.8,34.0], gap=6.0, start_offset=0.0)
[WARN] Layout wrap: 'image_mode_label' in parent 'image_controls' - NoWrap set but would overflow (child_size=170.0, offset=285.0, container=323.8)
[WARN] Layout overflow: 'image_mode_label' extends outside parent 'image_controls' bounds (child_rel=[285.0,0.0], child_size=[170.0,28.0], child_end=[455.0,28.0], parent_size=[323.8,34.0], gap=6.0, start_offset=0.0)
[WARN] Layout wrap: 'image_zoom_in' in parent 'image_controls' - NoWrap set but would overflow (child_size=36.0, offset=461.0, container=323.8)
[WARN] Layout overflow: 'image_zoom_in' extends outside parent 'image_controls' bounds (child_rel=[461.0,0.0], child_size=[36.0,28.0], child_end=[497.0,28.0], parent_size=[323.8,34.0], gap=6.0, start_offset=0.0)
[WARN] Layout wrap: 'image_mode_label' in parent 'image_controls' - NoWrap set but would overflow (child_size=170.0, offset=285.0, container=323.8)
[WARN] Layout overflow: 'image_mode_label' extends outside parent 'image_controls' bounds (child_rel=[285.0,0.0], child_size=[170.0,28.0], child_end=[455.0,28.0], parent_size=[323.8,34.0], gap=6.0, start_offset=0.0)
[WARN] Layout wrap: 'image_zoom_in' in parent 'image_controls' - NoWrap set but would overflow (child_size=36.0, offset=461.0, container=323.8)
[WARN] Layout overflow: 'image_zoom_in' extends outside parent 'image_controls' bounds (child_rel=[461.0,0.0], child_size=[36.0,28.0], child_end=[497.0,28.0], parent_size=[323.8,34.0], gap=6.0, start_offset=0.0)
[WARN] Layout wrap: 'image_mode_label' in parent 'image_controls' - NoWrap set but would overflow (child_size=170.0, offset=285.0, container=323.8)
[WARN] Layout overflow: 'image_mode_label' extends outside parent 'image_controls' bounds (child_rel=[285.0,0.0], child_size=[170.0,28.0], child_end=[455.0,28.0], parent_size=[323.8,34.0], gap=6.0, start_offset=0.0)
[WARN] Layout wrap: 'image_zoom_in' in parent 'image_controls' - NoWrap set but would overflow (child_size=36.0, offset=461.0, container=323.8)
[WARN] Layout overflow: 'image_zoom_in' extends outside parent 'image_controls' bounds (child_rel=[461.0,0.0], child_size=[36.0,28.0], child_end=[497.0,28.0], parent_size=[323.8,34.0], gap=6.0, start_offset=0.0)
[WARN] Layout wrap: 'image_mode_label' in parent 'image_controls' - NoWrap set but would overflow (child_size=170.0, offset=285.0, container=323.8)
[WARN] Layout overflow: 'image_mode_label' extends outside parent 'image_controls' bounds (child_rel=[285.0,0.0], child_size=[170.0,28.0], child_end=[455.0,28.0], parent_size=[323.8,34.0], gap=6.0, start_offset=0.0)
[WARN] Layout wrap: 'image_zoom_in' in parent 'image_controls' - NoWrap set but would overflow (child_size=36.0, offset=461.0, container=323.8)
[WARN] Layout overflow: 'image_zoom_in' extends outside parent 'image_controls' bounds (child_rel=[461.0,0.0], child_size=[36.0,28.0], child_end=[497.0,28.0], parent_size=[323.8,34.0], gap=6.0, start_offset=0.0)
[INFO] git: 123 ms (waited 0 ms for lock): git cat-file
[WARN] Layout wrap: 'image_mode_label' in parent 'image_controls' - NoWrap set but would overflow (child_size=170.0, offset=285.0, container=323.8)
[WARN] Layout overflow: 'image_mode_label' extends outside parent 'image_controls' bounds (child_rel=[285.0,0.0], child_size=[170.0,28.0], child_end=[455.0,28.0], parent_size=[323.8,34.0], gap=6.0, start_offset=0.0)
[WARN] Layout wrap: 'image_zoom_in' in parent 'image_controls' - NoWrap set but would overflow (child_size=36.0, offset=461.0, container=323.8)
[WARN] Layout overflow: 'image_zoom_in' extends outside parent 'image_controls' bounds (child_rel=[461.0,0.0], child_size=[36.0,28.0], child_end=[497.0,28.0], parent_size=[323.8,34.0], gap=6.0, start_offset=0.0)
[WARN] Layout wrap: 'image_mode_label' in parent 'image_controls' - NoWrap set but would overflow (child_size=170.0, offset=285.0, container=323.8)
[WARN] Layout overflow: 'image_mode_label' extends outside parent 'image_controls' bounds (child_rel=[285.0,0.0], child_size=[170.0,28.0], child_end=[455.0,28.0], parent_size=[323.8,34.0], gap=6.0, start_offset=0.0)
[WARN] Layout wrap: 'image_zoom_in' in parent 'image_controls' - NoWrap set but would overflow (child_size=36.0, offset=461.0, container=323.8)
[WARN] Layout overflow: 'image_zoom_in' extends outside parent 'image_controls' bounds (child_rel=[461.0,0.0], child_size=[36.0,28.0], child_end=[497.0,28.0], parent_size=[323.8,34.0], gap=6.0, start_offset=0.0)
[WARN] Layout wrap: 'image_mode_label' in parent 'image_controls' - NoWrap set but would overflow (child_size=170.0, offset=285.0, container=323.8)
[WARN] Layout overflow: 'image_mode_label' extends outside parent 'image_controls' bounds (child_rel=[285.0,0.0], child_size=[170.0,28.0], child_end=[455.0,28.0], parent_size=[323.8,34.0], gap=6.0, start_offset=0.0)
[WARN] Layout wrap: 'image_zoom_in' in parent 'image_controls' - NoWrap set but would overflow (child_size=36.0, offset=461.0, container=323.8)
[WARN] Layout overflow: 'image_zoom_in' extends outside parent 'image_controls' bounds (child_rel=[461.0,0.0], child_size=[36.0,28.0], child_end=[497.0,28.0], parent_size=[323.8,34.0], gap=6.0, start_offset=0.0)
[WARN] Layout wrap: 'image_mode_label' in parent 'image_controls' - NoWrap set but would overflow (child_size=170.0, offset=285.0, container=323.8)
[WARN] Layout overflow: 'image_mode_label' extends outside parent 'image_controls' bounds (child_rel=[285.0,0.0], child_size=[170.0,28.0], child_end=[455.0,28.0], parent_size=[323.8,34.0], gap=6.0, start_offset=0.0)
[WARN] Layout wrap: 'image_zoom_in' in parent 'image_controls' - NoWrap set but would overflow (child_size=36.0, offset=461.0, container=323.8)
[WARN] Layout overflow: 'image_zoom_in' extends outside parent 'image_controls' bounds (child_rel=[461.0,0.0], child_size=[36.0,28.0], child_end=[497.0,28.0], parent_size=[323.8,34.0], gap=6.0, start_offset=0.0)
[WARN] Layout wrap: 'image_mode_label' in parent 'image_controls' - NoWrap set but would overflow (child_size=170.0, offset=285.0, container=323.8)
[WARN] Layout overflow: 'image_mode_label' extends outside parent 'image_controls' bounds (child_rel=[285.0,0.0], child_size=[170.0,28.0], child_end=[455.0,28.0], parent_size=[323.8,34.0], gap=6.0, start_offset=0.0)
[WARN] Layout wrap: 'image_zoom_in' in parent 'image_controls' - NoWrap set but would overflow (child_size=36.0, offset=461.0, container=323.8)
[WARN] Layout overflow: 'image_zoom_in' extends outside parent 'image_controls' bounds (child_rel=[461.0,0.0], child_size=[36.0,28.0], child_end=[497.0,28.0], parent_size=[323.8,34.0], gap=6.0, start_offset=0.0)
[WARN] Layout wrap: 'image_mode_label' in parent 'image_controls' - NoWrap set but would overflow (child_size=170.0, offset=285.0, container=323.8)
[WARN] Layout overflow: 'image_mode_label' extends outside parent 'image_controls' bounds (child_rel=[285.0,0.0], child_size=[170.0,28.0], child_end=[455.0,28.0], parent_size=[323.8,34.0], gap=6.0, start_offset=0.0)
[WARN] Layout wrap: 'image_zoom_in' in parent 'image_controls' - NoWrap set but would overflow (child_size=36.0, offset=461.0, container=323.8)
[WARN] Layout overflow: 'image_zoom_in' extends outside parent 'image_controls' bounds (child_rel=[461.0,0.0], child_size=[36.0,28.0], child_end=[497.0,28.0], parent_size=[323.8,34.0], gap=6.0, start_offset=0.0)
[WARN] Layout wrap: 'image_mode_label' in parent 'image_controls' - NoWrap set but would overflow (child_size=170.0, offset=285.0, container=323.8)
[WARN] Layout overflow: 'image_mode_label' extends outside parent 'image_controls' bounds (child_rel=[285.0,0.0], child_size=[170.0,28.0], child_end=[455.0,28.0], parent_size=[323.8,34.0], gap=6.0, start_offset=0.0)
[WARN] Layout wrap: 'image_zoom_in' in parent 'image_controls' - NoWrap set but would overflow (child_size=36.0, offset=461.0, container=323.8)
[WARN] Layout overflow: 'image_zoom_in' extends outside parent 'image_controls' bounds (child_rel=[461.0,0.0], child_size=[36.0,28.0], child_end=[497.0,28.0], parent_size=[323.8,34.0], gap=6.0, start_offset=0.0)
[WARN] Layout wrap: 'image_mode_label' in parent 'image_controls' - NoWrap set but would overflow (child_size=170.0, offset=285.0, container=323.8)
[WARN] Layout overflow: 'image_mode_label' extends outside parent 'image_controls' bounds (child_rel=[285.0,0.0], child_size=[170.0,28.0], child_end=[455.0,28.0], parent_size=[323.8,34.0], gap=6.0, start_offset=0.0)
[WARN] Layout wrap: 'image_zoom_in' in parent 'image_controls' - NoWrap set but would overflow (child_size=36.0, offset=461.0, container=323.8)
[WARN] Layout overflow: 'image_zoom_in' extends outside parent 'image_controls' bounds (child_rel=[461.0,0.0], child_size=[36.0,28.0], child_end=[497.0,28.0], parent_size=[323.8,34.0], gap=6.0, start_offset=0.0)
[WARN] Layout wrap: 'image_mode_label' in parent 'image_controls' - NoWrap set but would overflow (child_size=170.0, offset=285.0, container=323.8)
[WARN] Layout overflow: 'image_mode_label' extends outside parent 'image_controls' bounds (child_rel=[285.0,0.0], child_size=[170.0,28.0], child_end=[455.0,28.0], parent_size=[323.8,34.0], gap=6.0, start_offset=0.0)
[WARN] Layout wrap: 'image_zoom_in' in parent 'image_controls' - NoWrap set but would overflow (child_size=36.0, offset=461.0, container=323.8)
[WARN] Layout overflow: 'image_zoom_in' extends outside parent 'image_controls' bounds (child_rel=[461.0,0.0], child_size=[36.0,28.0], child_end=[497.0,28.0], parent_size=[323.8,34.0], gap=6.0, start_offset=0.0)
[WARN] Layout wrap: 'image_mode_label' in parent 'image_controls' - NoWrap set but would overflow (child_size=170.0, offset=285.0, container=323.8)
[WARN] Layout overflow: 'image_mode_label' extends outside parent 'image_controls' bounds (child_rel=[285.0,0.0], child_size=[170.0,28.0], child_end=[455.0,28.0], parent_size=[323.8,34.0], gap=6.0, start_offset=0.0)
[WARN] Layout wrap: 'image_zoom_in' in parent 'image_controls' - NoWrap set but would overflow (child_size=36.0, offset=461.0, container=323.8)
[WARN] Layout overflow: 'image_zoom_in' extends outside parent 'image_controls' bounds (child_rel=[461.0,0.0], child_size=[36.0,28.0], child_end=[497.0,28.0], parent_size=[323.8,34.0], gap=6.0, start_offset=0.0)
[WARN] Layout wrap: 'image_mode_label' in parent 'image_controls' - NoWrap set but would overflow (child_size=170.0, offset=285.0, container=323.8)
[WARN] Layout overflow: 'image_mode_label' extends outside parent 'image_controls' bounds (child_rel=[285.0,0.0], child_size=[170.0,28.0], child_end=[455.0,28.0], parent_size=[323.8,34.0], gap=6.0, start_offset=0.0)
[WARN] Layout wrap: 'image_zoom_in' in parent 'image_controls' - NoWrap set but would overflow (child_size=36.0, offset=461.0, container=323.8)
[WARN] Layout overflow: 'image_zoom_in' extends outside parent 'image_controls' bounds (child_rel=[461.0,0.0], child_size=[36.0,28.0], child_end=[497.0,28.0], parent_size=[323.8,34.0], gap=6.0, start_offset=0.0)
[WARN] Layout wrap: 'image_mode_label' in parent 'image_controls' - NoWrap set but would overflow (child_size=170.0, offset=285.0, container=323.8)
[WARN] Layout overflow: 'image_mode_label' extends outside parent 'image_controls' bounds (child_rel=[285.0,0.0], child_size=[170.0,28.0], child_end=[455.0,28.0], parent_size=[323.8,34.0], gap=6.0, start_offset=0.0)
[WARN] Layout wrap: 'image_zoom_in' in parent 'image_controls' - NoWrap set but would overflow (child_size=36.0, offset=461.0, container=323.8)
[WARN] Layout overflow: 'image_zoom_in' extends outside parent 'image_controls' bounds (child_rel=[461.0,0.0], child_size=[36.0,28.0], child_end=[497.0,28.0], parent_size=[323.8,34.0], gap=6.0, start_offset=0.0)
[WARN] Layout wrap: 'image_mode_label' in parent 'image_controls' - NoWrap set but would overflow (child_size=170.0, offset=285.0, container=323.8)
[WARN] Layout overflow: 'image_mode_label' extends outside parent 'image_controls' bounds (child_rel=[285.0,0.0], child_size=[170.0,28.0], child_end=[455.0,28.0], parent_size=[323.8,34.0], gap=6.0, start_offset=0.0)
[WARN] Layout wrap: 'image_zoom_in' in parent 'image_controls' - NoWrap set but would overflow (child_size=36.0, offset=461.0, container=323.8)
[WARN] Layout overflow: 'image_zoom_in' extends outside parent 'image_controls' bounds (child_rel=[461.0,0.0], child_size=[36.0,28.0], child_end=[497.0,28.0], parent_size=[323.8,34.0], gap=6.0, start_offset=0.0)
[WARN] Layout wrap: 'image_mode_label' in parent 'image_controls' - NoWrap set but would overflow (child_size=170.0, offset=285.0, container=323.8)
[WARN] Layout overflow: 'image_mode_label' extends outside parent 'image_controls' bounds (child_rel=[285.0,0.0], child_size=[170.0,28.0], child_end=[455.0,28.0], parent_size=[323.8,34.0], gap=6.0, start_offset=0.0)
[WARN] Layout wrap: 'image_zoom_in' in parent 'image_controls' - NoWrap set but would overflow (child_size=36.0, offset=461.0, container=323.8)
[WARN] Layout overflow: 'image_zoom_in' extends outside parent 'image_controls' bounds (child_rel=[461.0,0.0], child_size=[36.0,28.0], child_end=[497.0,28.0], parent_size=[323.8,34.0], gap=6.0, start_offset=0.0)
[WARN] Layout wrap: 'image_mode_label' in parent 'image_controls' - NoWrap set but would overflow (child_size=170.0, offset=285.0, container=323.8)
[WARN] Layout overflow: 'image_mode_label' extends outside parent 'image_controls' bounds (child_rel=[285.0,0.0], child_size=[170.0,28.0], child_end=[455.0,28.0], parent_size=[323.8,34.0], gap=6.0, start_offset=0.0)
[WARN] Layout wrap: 'image_zoom_in' in parent 'image_controls' - NoWrap set but would overflow (child_size=36.0, offset=461.0, container=323.8)
[WARN] Layout overflow: 'image_zoom_in' extends outside parent 'image_controls' bounds (child_rel=[461.0,0.0], child_size=[36.0,28.0], child_end=[497.0,28.0], parent_size=[323.8,34.0], gap=6.0, start_offset=0.0)
[WARN] Layout wrap: 'image_mode_label' in parent 'image_controls' - NoWrap set but would overflow (child_size=170.0, offset=285.0, container=323.8)
[WARN] Layout overflow: 'image_mode_label' extends outside parent 'image_controls' bounds (child_rel=[285.0,0.0], child_size=[170.0,28.0], child_end=[455.0,28.0], parent_size=[323.8,34.0], gap=6.0, start_offset=0.0)
[WARN] Layout wrap: 'image_zoom_in' in parent 'image_controls' - NoWrap set but would overflow (child_size=36.0, offset=461.0, container=323.8)
[WARN] Layout overflow: 'image_zoom_in' extends outside parent 'image_controls' bounds (child_rel=[461.0,0.0], child_size=[36.0,28.0], child_end=[497.0,28.0], parent_size=[323.8,34.0], gap=6.0, start_offset=0.0)
[WARN] Layout wrap: 'image_mode_label' in parent 'image_controls' - NoWrap set but would overflow (child_size=170.0, offset=285.0, container=323.8)
[WARN] Layout overflow: 'image_mode_label' extends outside parent 'image_controls' bounds (child_rel=[285.0,0.0], child_size=[170.0,28.0], child_end=[455.0,28.0], parent_size=[323.8,34.0], gap=6.0, start_offset=0.0)
[WARN] Layout wrap: 'image_zoom_in' in parent 'image_controls' - NoWrap set but would overflow (child_size=36.0, offset=461.0, container=323.8)
[WARN] Layout overflow: 'image_zoom_in' extends outside parent 'image_controls' bounds (child_rel=[461.0,0.0], child_size=[36.0,28.0], child_end=[497.0,28.0], parent_size=[323.8,34.0], gap=6.0, start_offset=0.0)
[WARN] Layout wrap: 'image_mode_label' in parent 'image_controls' - NoWrap set but would overflow (child_size=170.0, offset=285.0, container=323.8)
[WARN] Layout overflow: 'image_mode_label' extends outside parent 'image_controls' bounds (child_rel=[285.0,0.0], child_size=[170.0,28.0], child_end=[455.0,28.0], parent_size=[323.8,34.0], gap=6.0, start_offset=0.0)
[WARN] Layout wrap: 'image_zoom_in' in parent 'image_controls' - NoWrap set but would overflow (child_size=36.0, offset=461.0, container=323.8)
[WARN] Layout overflow: 'image_zoom_in' extends outside parent 'image_controls' bounds (child_rel=[461.0,0.0], child_size=[36.0,28.0], child_end=[497.0,28.0], parent_size=[323.8,34.0], gap=6.0, start_offset=0.0)
[WARN] Layout wrap: 'image_mode_label' in parent 'image_controls' - NoWrap set but would overflow (child_size=170.0, offset=285.0, container=323.8)
[WARN] Layout overflow: 'image_mode_label' extends outside parent 'image_controls' bounds (child_rel=[285.0,0.0], child_size=[170.0,28.0], child_end=[455.0,28.0], parent_size=[323.8,34.0], gap=6.0, start_offset=0.0)
[WARN] Layout wrap: 'image_zoom_in' in parent 'image_controls' - NoWrap set but would overflow (child_size=36.0, offset=461.0, container=323.8)
[WARN] Layout overflow: 'image_zoom_in' extends outside parent 'image_controls' bounds (child_rel=[461.0,0.0], child_size=[36.0,28.0], child_end=[497.0,28.0], parent_size=[323.8,34.0], gap=6.0, start_offset=0.0)
[INFO] git: 120 ms (waited 0 ms for lock): git rev-parse
[INFO] git: 120 ms (waited 0 ms for lock): git rev-parse
[WARN] Layout wrap: 'image_mode_label' in parent 'image_controls' - NoWrap set but would overflow (child_size=170.0, offset=285.0, container=323.8)
[WARN] Layout overflow: 'image_mode_label' extends outside parent 'image_controls' bounds (child_rel=[285.0,0.0], child_size=[170.0,28.0], child_end=[455.0,28.0], parent_size=[323.8,34.0], gap=6.0, start_offset=0.0)
[WARN] Layout wrap: 'image_zoom_in' in parent 'image_controls' - NoWrap set but would overflow (child_size=36.0, offset=461.0, container=323.8)
[WARN] Layout overflow: 'image_zoom_in' extends outside parent 'image_controls' bounds (child_rel=[461.0,0.0], child_size=[36.0,28.0], child_end=[497.0,28.0], parent_size=[323.8,34.0], gap=6.0, start_offset=0.0)
[WARN] Layout wrap: 'image_mode_label' in parent 'image_controls' - NoWrap set but would overflow (child_size=170.0, offset=285.0, container=323.8)
[WARN] Layout overflow: 'image_mode_label' extends outside parent 'image_controls' bounds (child_rel=[285.0,0.0], child_size=[170.0,28.0], child_end=[455.0,28.0], parent_size=[323.8,34.0], gap=6.0, start_offset=0.0)
[WARN] Layout wrap: 'image_zoom_in' in parent 'image_controls' - NoWrap set but would overflow (child_size=36.0, offset=461.0, container=323.8)
[WARN] Layout overflow: 'image_zoom_in' extends outside parent 'image_controls' bounds (child_rel=[461.0,0.0], child_size=[36.0,28.0], child_end=[497.0,28.0], parent_size=[323.8,34.0], gap=6.0, start_offset=0.0)
[WARN] Layout wrap: 'image_mode_label' in parent 'image_controls' - NoWrap set but would overflow (child_size=170.0, offset=285.0, container=323.8)
[WARN] Layout overflow: 'image_mode_label' extends outside parent 'image_controls' bounds (child_rel=[285.0,0.0], child_size=[170.0,28.0], child_end=[455.0,28.0], parent_size=[323.8,34.0], gap=6.0, start_offset=0.0)
[WARN] Layout wrap: 'image_zoom_in' in parent 'image_controls' - NoWrap set but would overflow (child_size=36.0, offset=461.0, container=323.8)
[WARN] Layout overflow: 'image_zoom_in' extends outside parent 'image_controls' bounds (child_rel=[461.0,0.0], child_size=[36.0,28.0], child_end=[497.0,28.0], parent_size=[323.8,34.0], gap=6.0, start_offset=0.0)
[WARN] Layout wrap: 'image_mode_label' in parent 'image_controls' - NoWrap set but would overflow (child_size=170.0, offset=285.0, container=323.8)
[WARN] Layout overflow: 'image_mode_label' extends outside parent 'image_controls' bounds (child_rel=[285.0,0.0], child_size=[170.0,28.0], child_end=[455.0,28.0], parent_size=[323.8,34.0], gap=6.0, start_offset=0.0)
[WARN] Layout wrap: 'image_zoom_in' in parent 'image_controls' - NoWrap set but would overflow (child_size=36.0, offset=461.0, container=323.8)
[WARN] Layout overflow: 'image_zoom_in' extends outside parent 'image_controls' bounds (child_rel=[461.0,0.0], child_size=[36.0,28.0], child_end=[497.0,28.0], parent_size=[323.8,34.0], gap=6.0, start_offset=0.0)
[WARN] Layout wrap: 'image_mode_label' in parent 'image_controls' - NoWrap set but would overflow (child_size=170.0, offset=285.0, container=323.8)
[WARN] Layout overflow: 'image_mode_label' extends outside parent 'image_controls' bounds (child_rel=[285.0,0.0], child_size=[170.0,28.0], child_end=[455.0,28.0], parent_size=[323.8,34.0], gap=6.0, start_offset=0.0)
[WARN] Layout wrap: 'image_zoom_in' in parent 'image_controls' - NoWrap set but would overflow (child_size=36.0, offset=461.0, container=323.8)
[WARN] Layout overflow: 'image_zoom_in' extends outside parent 'image_controls' bounds (child_rel=[461.0,0.0], child_size=[36.0,28.0], child_end=[497.0,28.0], parent_size=[323.8,34.0], gap=6.0, start_offset=0.0)
[WARN] Layout wrap: 'image_mode_label' in parent 'image_controls' - NoWrap set but would overflow (child_size=170.0, offset=285.0, container=323.8)
[WARN] Layout overflow: 'image_mode_label' extends outside parent 'image_controls' bounds (child_rel=[285.0,0.0], child_size=[170.0,28.0], child_end=[455.0,28.0], parent_size=[323.8,34.0], gap=6.0, start_offset=0.0)
[WARN] Layout wrap: 'image_zoom_in' in parent 'image_controls' - NoWrap set but would overflow (child_size=36.0, offset=461.0, container=323.8)
[WARN] Layout overflow: 'image_zoom_in' extends outside parent 'image_controls' bounds (child_rel=[461.0,0.0], child_size=[36.0,28.0], child_end=[497.0,28.0], parent_size=[323.8,34.0], gap=6.0, start_offset=0.0)
[WARN] Layout wrap: 'image_mode_label' in parent 'image_controls' - NoWrap set but would overflow (child_size=170.0, offset=285.0, container=323.8)
[WARN] Layout overflow: 'image_mode_label' extends outside parent 'image_controls' bounds (child_rel=[285.0,0.0], child_size=[170.0,28.0], child_end=[455.0,28.0], parent_size=[323.8,34.0], gap=6.0, start_offset=0.0)
[WARN] Layout wrap: 'image_zoom_in' in parent 'image_controls' - NoWrap set but would overflow (child_size=36.0, offset=461.0, container=323.8)
[WARN] Layout overflow: 'image_zoom_in' extends outside parent 'image_controls' bounds (child_rel=[461.0,0.0], child_size=[36.0,28.0], child_end=[497.0,28.0], parent_size=[323.8,34.0], gap=6.0, start_offset=0.0)
[WARN] Layout wrap: 'image_mode_label' in parent 'image_controls' - NoWrap set but would overflow (child_size=170.0, offset=285.0, container=323.8)
[WARN] Layout overflow: 'image_mode_label' extends outside parent 'image_controls' bounds (child_rel=[285.0,0.0], child_size=[170.0,28.0], child_end=[455.0,28.0], parent_size=[323.8,34.0], gap=6.0, start_offset=0.0)
[WARN] Layout wrap: 'image_zoom_in' in parent 'image_controls' - NoWrap set but would overflow (child_size=36.0, offset=461.0, container=323.8)
[WARN] Layout overflow: 'image_zoom_in' extends outside parent 'image_controls' bounds (child_rel=[461.0,0.0], child_size=[36.0,28.0], child_end=[497.0,28.0], parent_size=[323.8,34.0], gap=6.0, start_offset=0.0)
[WARN] Layout wrap: 'image_mode_label' in parent 'image_controls' - NoWrap set but would overflow (child_size=170.0, offset=285.0, container=323.8)
[WARN] Layout overflow: 'image_mode_label' extends outside parent 'image_controls' bounds (child_rel=[285.0,0.0], child_size=[170.0,28.0], child_end=[455.0,28.0], parent_size=[323.8,34.0], gap=6.0, start_offset=0.0)
[WARN] Layout wrap: 'image_zoom_in' in parent 'image_controls' - NoWrap set but would overflow (child_size=36.0, offset=461.0, container=323.8)
[WARN] Layout overflow: 'image_zoom_in' extends outside parent 'image_controls' bounds (child_rel=[461.0,0.0], child_size=[36.0,28.0], child_end=[497.0,28.0], parent_size=[323.8,34.0], gap=6.0, start_offset=0.0)
[WARN] Layout wrap: 'image_mode_label' in parent 'image_controls' - NoWrap set but would overflow (child_size=170.0, offset=285.0, container=323.8)
[WARN] Layout overflow: 'image_mode_label' extends outside parent 'image_controls' bounds (child_rel=[285.0,0.0], child_size=[170.0,28.0], child_end=[455.0,28.0], parent_size=[323.8,34.0], gap=6.0, start_offset=0.0)
[WARN] Layout wrap: 'image_zoom_in' in parent 'image_controls' - NoWrap set but would overflow (child_size=36.0, offset=461.0, container=323.8)
[WARN] Layout overflow: 'image_zoom_in' extends outside parent 'image_controls' bounds (child_rel=[461.0,0.0], child_size=[36.0,28.0], child_end=[497.0,28.0], parent_size=[323.8,34.0], gap=6.0, start_offset=0.0)
[WARN] Layout wrap: 'image_mode_label' in parent 'image_controls' - NoWrap set but would overflow (child_size=170.0, offset=285.0, container=323.8)
[WARN] Layout overflow: 'image_mode_label' extends outside parent 'image_controls' bounds (child_rel=[285.0,0.0], child_size=[170.0,28.0], child_end=[455.0,28.0], parent_size=[323.8,34.0], gap=6.0, start_offset=0.0)
[WARN] Layout wrap: 'image_zoom_in' in parent 'image_controls' - NoWrap set but would overflow (child_size=36.0, offset=461.0, container=323.8)
[WARN] Layout overflow: 'image_zoom_in' extends outside parent 'image_controls' bounds (child_rel=[461.0,0.0], child_size=[36.0,28.0], child_end=[497.0,28.0], parent_size=[323.8,34.0], gap=6.0, start_offset=0.0)
[WARN] Layout wrap: 'image_mode_label' in parent 'image_controls' - NoWrap set but would overflow (child_size=170.0, offset=285.0, container=323.8)
[WARN] Layout overflow: 'image_mode_label' extends outside parent 'image_controls' bounds (child_rel=[285.0,0.0], child_size=[170.0,28.0], child_end=[455.0,28.0], parent_size=[323.8,34.0], gap=6.0, start_offset=0.0)
[WARN] Layout wrap: 'image_zoom_in' in parent 'image_controls' - NoWrap set but would overflow (child_size=36.0, offset=461.0, container=323.8)
[WARN] Layout overflow: 'image_zoom_in' extends outside parent 'image_controls' bounds (child_rel=[461.0,0.0], child_size=[36.0,28.0], child_end=[497.0,28.0], parent_size=[323.8,34.0], gap=6.0, start_offset=0.0)
[WARN] Layout wrap: 'image_mode_label' in parent 'image_controls' - NoWrap set but would overflow (child_size=170.0, offset=285.0, container=323.8)
[WARN] Layout overflow: 'image_mode_label' extends outside parent 'image_controls' bounds (child_rel=[285.0,0.0], child_size=[170.0,28.0], child_end=[455.0,28.0], parent_size=[323.8,34.0], gap=6.0, start_offset=0.0)
[WARN] Layout wrap: 'image_zoom_in' in parent 'image_controls' - NoWrap set but would overflow (child_size=36.0, offset=461.0, container=323.8)
[WARN] Layout overflow: 'image_zoom_in' extends outside parent 'image_controls' bounds (child_rel=[461.0,0.0], child_size=[36.0,28.0], child_end=[497.0,28.0], parent_size=[323.8,34.0], gap=6.0, start_offset=0.0)
[WARN] Layout wrap: 'image_mode_label' in parent 'image_controls' - NoWrap set but would overflow (child_size=170.0, offset=285.0, container=323.8)
[WARN] Layout overflow: 'image_mode_label' extends outside parent 'image_controls' bounds (child_rel=[285.0,0.0], child_size=[170.0,28.0], child_end=[455.0,28.0], parent_size=[323.8,34.0], gap=6.0, start_offset=0.0)
[WARN] Layout wrap: 'image_zoom_in' in parent 'image_controls' - NoWrap set but would overflow (child_size=36.0, offset=461.0, container=323.8)
[WARN] Layout overflow: 'image_zoom_in' extends outside parent 'image_controls' bounds (child_rel=[461.0,0.0], child_size=[36.0,28.0], child_end=[497.0,28.0], parent_size=[323.8,34.0], gap=6.0, start_offset=0.0)
[WARN] Layout wrap: 'image_mode_label' in parent 'image_controls' - NoWrap set but would overflow (child_size=170.0, offset=285.0, container=323.8)
[WARN] Layout overflow: 'image_mode_label' extends outside parent 'image_controls' bounds (child_rel=[285.0,0.0], child_size=[170.0,28.0], child_end=[455.0,28.0], parent_size=[323.8,34.0], gap=6.0, start_offset=0.0)
[WARN] Layout wrap: 'image_zoom_in' in parent 'image_controls' - NoWrap set but would overflow (child_size=36.0, offset=461.0, container=323.8)
[WARN] Layout overflow: 'image_zoom_in' extends outside parent 'image_controls' bounds (child_rel=[461.0,0.0], child_size=[36.0,28.0], child_end=[497.0,28.0], parent_size=[323.8,34.0], gap=6.0, start_offset=0.0)
[WARN] Layout wrap: 'image_mode_label' in parent 'image_controls' - NoWrap set but would overflow (child_size=170.0, offset=285.0, container=323.8)
[WARN] Layout overflow: 'image_mode_label' extends outside parent 'image_controls' bounds (child_rel=[285.0,0.0], child_size=[170.0,28.0], child_end=[455.0,28.0], parent_size=[323.8,34.0], gap=6.0, start_offset=0.0)
[WARN] Layout wrap: 'image_zoom_in' in parent 'image_controls' - NoWrap set but would overflow (child_size=36.0, offset=461.0, container=323.8)
[WARN] Layout overflow: 'image_zoom_in' extends outside parent 'image_controls' bounds (child_rel=[461.0,0.0], child_size=[36.0,28.0], child_end=[497.0,28.0], parent_size=[323.8,34.0], gap=6.0, start_offset=0.0)
[WARN] Layout wrap: 'image_mode_label' in parent 'image_controls' - NoWrap set but would overflow (child_size=170.0, offset=285.0, container=323.8)
[WARN] Layout overflow: 'image_mode_label' extends outside parent 'image_controls' bounds (child_rel=[285.0,0.0], child_size=[170.0,28.0], child_end=[455.0,28.0], parent_size=[323.8,34.0], gap=6.0, start_offset=0.0)
[WARN] Layout wrap: 'image_zoom_in' in parent 'image_controls' - NoWrap set but would overflow (child_size=36.0, offset=461.0, container=323.8)
[WARN] Layout overflow: 'image_zoom_in' extends outside parent 'image_controls' bounds (child_rel=[461.0,0.0], child_size=[36.0,28.0], child_end=[497.0,28.0], parent_size=[323.8,34.0], gap=6.0, start_offset=0.0)
[WARN] Layout wrap: 'image_mode_label' in parent 'image_controls' - NoWrap set but would overflow (child_size=170.0, offset=285.0, container=323.8)
[WARN] Layout overflow: 'image_mode_label' extends outside parent 'image_controls' bounds (child_rel=[285.0,0.0], child_size=[170.0,28.0], child_end=[455.0,28.0], parent_size=[323.8,34.0], gap=6.0, start_offset=0.0)
[WARN] Layout wrap: 'image_zoom_in' in parent 'image_controls' - NoWrap set but would overflow (child_size=36.0, offset=461.0, container=323.8)
[WARN] Layout overflow: 'image_zoom_in' extends outside parent 'image_controls' bounds (child_rel=[461.0,0.0], child_size=[36.0,28.0], child_end=[497.0,28.0], parent_size=[323.8,34.0], gap=6.0, start_offset=0.0)
[WARN] Layout wrap: 'image_mode_label' in parent 'image_controls' - NoWrap set but would overflow (child_size=170.0, offset=285.0, container=323.8)
[WARN] Layout overflow: 'image_mode_label' extends outside parent 'image_controls' bounds (child_rel=[285.0,0.0], child_size=[170.0,28.0], child_end=[455.0,28.0], parent_size=[323.8,34.0], gap=6.0, start_offset=0.0)
[WARN] Layout wrap: 'image_zoom_in' in parent 'image_controls' - NoWrap set but would overflow (child_size=36.0, offset=461.0, container=323.8)
[WARN] Layout overflow: 'image_zoom_in' extends outside parent 'image_controls' bounds (child_rel=[461.0,0.0], child_size=[36.0,28.0], child_end=[497.0,28.0], parent_size=[323.8,34.0], gap=6.0, start_offset=0.0)
[INFO] git: 140 ms (waited 0 ms for lock): git rev-parse
[INFO] git: 149 ms (waited 0 ms for lock): git rev-parse
[INFO] git: 122 ms (waited 0 ms for lock): git cat-file
[INFO] git: 115 ms (waited 0 ms for lock): git cat-file
[INFO] git: 121 ms (waited 0 ms for lock): git cat-file
[INFO] git: 83 ms (waited 0 ms for lock): git cat-file
[INFO] git: 88 ms (waited 0 ms for lock): git cat-file
[INFO] git: 105 ms (waited 0 ms for lock): git cat-file
[WARN] Layout wrap: 'image_mode_label' in parent 'image_controls' - NoWrap set but would overflow (child_size=170.0, offset=285.0, container=323.8)
[WARN] Layout overflow: 'image_mode_label' extends outside parent 'image_controls' bounds (child_rel=[285.0,0.0], child_size=[170.0,28.0], child_end=[455.0,28.0], parent_size=[323.8,34.0], gap=6.0, start_offset=0.0)
[WARN] Layout wrap: 'image_zoom_in' in parent 'image_controls' - NoWrap set but would overflow (child_size=36.0, offset=461.0, container=323.8)
[WARN] Layout overflow: 'image_zoom_in' extends outside parent 'image_controls' bounds (child_rel=[461.0,0.0], child_size=[36.0,28.0], child_end=[497.0,28.0], parent_size=[323.8,34.0], gap=6.0, start_offset=0.0)
[WARN] Layout wrap: 'image_mode_label' in parent 'image_controls' - NoWrap set but would overflow (child_size=170.0, offset=285.0, container=323.8)
[WARN] Layout overflow: 'image_mode_label' extends outside parent 'image_controls' bounds (child_rel=[285.0,0.0], child_size=[170.0,28.0], child_end=[455.0,28.0], parent_size=[323.8,34.0], gap=6.0, start_offset=0.0)
[WARN] Layout wrap: 'image_zoom_in' in parent 'image_controls' - NoWrap set but would overflow (child_size=36.0, offset=461.0, container=323.8)
[WARN] Layout overflow: 'image_zoom_in' extends outside parent 'image_controls' bounds (child_rel=[461.0,0.0], child_size=[36.0,28.0], child_end=[497.0,28.0], parent_size=[323.8,34.0], gap=6.0, start_offset=0.0)
[WARN] Layout wrap: 'image_mode_label' in parent 'image_controls' - NoWrap set but would overflow (child_size=170.0, offset=285.0, container=323.8)
[WARN] Layout overflow: 'image_mode_label' extends outside parent 'image_controls' bounds (child_rel=[285.0,0.0], child_size=[170.0,28.0], child_end=[455.0,28.0], parent_size=[323.8,34.0], gap=6.0, start_offset=0.0)
[WARN] Layout wrap: 'image_zoom_in' in parent 'image_controls' - NoWrap set but would overflow (child_size=36.0, offset=461.0, container=323.8)
[WARN] Layout overflow: 'image_zoom_in' extends outside parent 'image_controls' bounds (child_rel=[461.0,0.0], child_size=[36.0,28.0], child_end=[497.0,28.0], parent_size=[323.8,34.0], gap=6.0, start_offset=0.0)
[WARN] Layout wrap: 'image_mode_label' in parent 'image_controls' - NoWrap set but would overflow (child_size=170.0, offset=285.0, container=323.8)
[WARN] Layout overflow: 'image_mode_label' extends outside parent 'image_controls' bounds (child_rel=[285.0,0.0], child_size=[170.0,28.0], child_end=[455.0,28.0], parent_size=[323.8,34.0], gap=6.0, start_offset=0.0)
[WARN] Layout wrap: 'image_zoom_in' in parent 'image_controls' - NoWrap set but would overflow (child_size=36.0, offset=461.0, container=323.8)
[WARN] Layout overflow: 'image_zoom_in' extends outside parent 'image_controls' bounds (child_rel=[461.0,0.0], child_size=[36.0,28.0], child_end=[497.0,28.0], parent_size=[323.8,34.0], gap=6.0, start_offset=0.0)
[WARN] Layout wrap: 'image_mode_label' in parent 'image_controls' - NoWrap set but would overflow (child_size=170.0, offset=285.0, container=323.8)
[WARN] Layout overflow: 'image_mode_label' extends outside parent 'image_controls' bounds (child_rel=[285.0,0.0], child_size=[170.0,28.0], child_end=[455.0,28.0], parent_size=[323.8,34.0], gap=6.0, start_offset=0.0)
[WARN] Layout wrap: 'image_zoom_in' in parent 'image_controls' - NoWrap set but would overflow (child_size=36.0, offset=461.0, container=323.8)
[WARN] Layout overflow: 'image_zoom_in' extends outside parent 'image_controls' bounds (child_rel=[461.0,0.0], child_size=[36.0,28.0], child_end=[497.0,28.0], parent_size=[323.8,34.0], gap=6.0, start_offset=0.0)
[WARN] Layout wrap: 'image_mode_label' in parent 'image_controls' - NoWrap set but would overflow (child_size=170.0, offset=285.0, container=323.8)
[WARN] Layout overflow: 'image_mode_label' extends outside parent 'image_controls' bounds (child_rel=[285.0,0.0], child_size=[170.0,28.0], child_end=[455.0,28.0], parent_size=[323.8,34.0], gap=6.0, start_offset=0.0)
[WARN] Layout wrap: 'image_zoom_in' in parent 'image_controls' - NoWrap set but would overflow (child_size=36.0, offset=461.0, container=323.8)
[WARN] Layout overflow: 'image_zoom_in' extends outside parent 'image_controls' bounds (child_rel=[461.0,0.0], child_size=[36.0,28.0], child_end=[497.0,28.0], parent_size=[323.8,34.0], gap=6.0, start_offset=0.0)
[WARN] Layout wrap: 'image_mode_label' in parent 'image_controls' - NoWrap set but would overflow (child_size=170.0, offset=285.0, container=323.8)
[WARN] Layout overflow: 'image_mode_label' extends outside parent 'image_controls' bounds (child_rel=[285.0,0.0], child_size=[170.0,28.0], child_end=[455.0,28.0], parent_size=[323.8,34.0], gap=6.0, start_offset=0.0)
[WARN] Layout wrap: 'image_zoom_in' in parent 'image_controls' - NoWrap set but would overflow (child_size=36.0, offset=461.0, container=323.8)
[WARN] Layout overflow: 'image_zoom_in' extends outside parent 'image_controls' bounds (child_rel=[461.0,0.0], child_size=[36.0,28.0], child_end=[497.0,28.0], parent_size=[323.8,34.0], gap=6.0, start_offset=0.0)
[WARN] Layout wrap: 'image_mode_label' in parent 'image_controls' - NoWrap set but would overflow (child_size=170.0, offset=285.0, container=323.8)
[WARN] Layout overflow: 'image_mode_label' extends outside parent 'image_controls' bounds (child_rel=[285.0,0.0], child_size=[170.0,28.0], child_end=[455.0,28.0], parent_size=[323.8,34.0], gap=6.0, start_offset=0.0)
[WARN] Layout wrap: 'image_zoom_in' in parent 'image_controls' - NoWrap set but would overflow (child_size=36.0, offset=461.0, container=323.8)
[WARN] Layout overflow: 'image_zoom_in' extends outside parent 'image_controls' bounds (child_rel=[461.0,0.0], child_size=[36.0,28.0], child_end=[497.0,28.0], parent_size=[323.8,34.0], gap=6.0, start_offset=0.0)
[WARN] Layout wrap: 'image_mode_label' in parent 'image_controls' - NoWrap set but would overflow (child_size=170.0, offset=285.0, container=323.8)
[WARN] Layout overflow: 'image_mode_label' extends outside parent 'image_controls' bounds (child_rel=[285.0,0.0], child_size=[170.0,28.0], child_end=[455.0,28.0], parent_size=[323.8,34.0], gap=6.0, start_offset=0.0)
[WARN] Layout wrap: 'image_zoom_in' in parent 'image_controls' - NoWrap set but would overflow (child_size=36.0, offset=461.0, container=323.8)
[WARN] Layout overflow: 'image_zoom_in' extends outside parent 'image_controls' bounds (child_rel=[461.0,0.0], child_size=[36.0,28.0], child_end=[497.0,28.0], parent_size=[323.8,34.0], gap=6.0, start_offset=0.0)
[WARN] Layout wrap: 'image_mode_label' in parent 'image_controls' - NoWrap set but would overflow (child_size=170.0, offset=285.0, container=323.8)
[WARN] Layout overflow: 'image_mode_label' extends outside parent 'image_controls' bounds (child_rel=[285.0,0.0], child_size=[170.0,28.0], child_end=[455.0,28.0], parent_size=[323.8,34.0], gap=6.0, start_offset=0.0)
[WARN] Layout wrap: 'image_zoom_in' in parent 'image_controls' - NoWrap set but would overflow (child_size=36.0, offset=461.0, container=323.8)
[WARN] Layout overflow: 'image_zoom_in' extends outside parent 'image_controls' bounds (child_rel=[461.0,0.0], child_size=[36.0,28.0], child_end=[497.0,28.0], parent_size=[323.8,34.0], gap=6.0, start_offset=0.0)
[WARN] Layout wrap: 'image_mode_label' in parent 'image_controls' - NoWrap set but would overflow (child_size=170.0, offset=285.0, container=323.8)
[WARN] Layout overflow: 'image_mode_label' extends outside parent 'image_controls' bounds (child_rel=[285.0,0.0], child_size=[170.0,28.0], child_end=[455.0,28.0], parent_size=[323.8,34.0], gap=6.0, start_offset=0.0)
[WARN] Layout wrap: 'image_zoom_in' in parent 'image_controls' - NoWrap set but would overflow (child_size=36.0, offset=461.0, container=323.8)
[WARN] Layout overflow: 'image_zoom_in' extends outside parent 'image_controls' bounds (child_rel=[461.0,0.0], child_size=[36.0,28.0], child_end=[497.0,28.0], parent_size=[323.8,34.0], gap=6.0, start_offset=0.0)
[WARN] Layout wrap: 'image_mode_label' in parent 'image_controls' - NoWrap set but would overflow (child_size=170.0, offset=285.0, container=323.8)
[WARN] Layout overflow: 'image_mode_label' extends outside parent 'image_controls' bounds (child_rel=[285.0,0.0], child_size=[170.0,28.0], child_end=[455.0,28.0], parent_size=[323.8,34.0], gap=6.0, start_offset=0.0)
[WARN] Layout wrap: 'image_zoom_in' in parent 'image_controls' - NoWrap set but would overflow (child_size=36.0, offset=461.0, container=323.8)
[WARN] Layout overflow: 'image_zoom_in' extends outside parent 'image_controls' bounds (child_rel=[461.0,0.0], child_size=[36.0,28.0], child_end=[497.0,28.0], parent_size=[323.8,34.0], gap=6.0, start_offset=0.0)
[WARN] Layout wrap: 'image_mode_label' in parent 'image_controls' - NoWrap set but would overflow (child_size=170.0, offset=285.0, container=323.8)
[WARN] Layout overflow: 'image_mode_label' extends outside parent 'image_controls' bounds (child_rel=[285.0,0.0], child_size=[170.0,28.0], child_end=[455.0,28.0], parent_size=[323.8,34.0], gap=6.0, start_offset=0.0)
[WARN] Layout wrap: 'image_zoom_in' in parent 'image_controls' - NoWrap set but would overflow (child_size=36.0, offset=461.0, container=323.8)
[WARN] Layout overflow: 'image_zoom_in' extends outside parent 'image_controls' bounds (child_rel=[461.0,0.0], child_size=[36.0,28.0], child_end=[497.0,28.0], parent_size=[323.8,34.0], gap=6.0, start_offset=0.0)
[WARN] Layout wrap: 'image_mode_label' in parent 'image_controls' - NoWrap set but would overflow (child_size=170.0, offset=285.0, container=323.8)
[WARN] Layout overflow: 'image_mode_label' extends outside parent 'image_controls' bounds (child_rel=[285.0,0.0], child_size=[170.0,28.0], child_end=[455.0,28.0], parent_size=[323.8,34.0], gap=6.0, start_offset=0.0)
[WARN] Layout wrap: 'image_zoom_in' in parent 'image_controls' - NoWrap set but would overflow (child_size=36.0, offset=461.0, container=323.8)
[WARN] Layout overflow: 'image_zoom_in' extends outside parent 'image_controls' bounds (child_rel=[461.0,0.0], child_size=[36.0,28.0], child_end=[497.0,28.0], parent_size=[323.8,34.0], gap=6.0, start_offset=0.0)
[WARN] Layout wrap: 'image_mode_label' in parent 'image_controls' - NoWrap set but would overflow (child_size=170.0, offset=285.0, container=323.8)
[WARN] Layout overflow: 'image_mode_label' extends outside parent 'image_controls' bounds (child_rel=[285.0,0.0], child_size=[170.0,28.0], child_end=[455.0,28.0], parent_size=[323.8,34.0], gap=6.0, start_offset=0.0)
[WARN] Layout wrap: 'image_zoom_in' in parent 'image_controls' - NoWrap set but would overflow (child_size=36.0, offset=461.0, container=323.8)
[WARN] Layout overflow: 'image_zoom_in' extends outside parent 'image_controls' bounds (child_rel=[461.0,0.0], child_size=[36.0,28.0], child_end=[497.0,28.0], parent_size=[323.8,34.0], gap=6.0, start_offset=0.0)
[WARN] Layout wrap: 'image_mode_label' in parent 'image_controls' - NoWrap set but would overflow (child_size=170.0, offset=285.0, container=323.8)
[WARN] Layout overflow: 'image_mode_label' extends outside parent 'image_controls' bounds (child_rel=[285.0,0.0], child_size=[170.0,28.0], child_end=[455.0,28.0], parent_size=[323.8,34.0], gap=6.0, start_offset=0.0)
[WARN] Layout wrap: 'image_zoom_in' in parent 'image_controls' - NoWrap set but would overflow (child_size=36.0, offset=461.0, container=323.8)
[WARN] Layout overflow: 'image_zoom_in' extends outside parent 'image_controls' bounds (child_rel=[461.0,0.0], child_size=[36.0,28.0], child_end=[497.0,28.0], parent_size=[323.8,34.0], gap=6.0, start_offset=0.0)
[WARN] Layout wrap: 'image_mode_label' in parent 'image_controls' - NoWrap set but would overflow (child_size=170.0, offset=285.0, container=323.8)
[WARN] Layout overflow: 'image_mode_label' extends outside parent 'image_controls' bounds (child_rel=[285.0,0.0], child_size=[170.0,28.0], child_end=[455.0,28.0], parent_size=[323.8,34.0], gap=6.0, start_offset=0.0)
[WARN] Layout wrap: 'image_zoom_in' in parent 'image_controls' - NoWrap set but would overflow (child_size=36.0, offset=461.0, container=323.8)
[WARN] Layout overflow: 'image_zoom_in' extends outside parent 'image_controls' bounds (child_rel=[461.0,0.0], child_size=[36.0,28.0], child_end=[497.0,28.0], parent_size=[323.8,34.0], gap=6.0, start_offset=0.0)
[WARN] Layout wrap: 'image_mode_label' in parent 'image_controls' - NoWrap set but would overflow (child_size=170.0, offset=285.0, container=323.8)
[WARN] Layout overflow: 'image_mode_label' extends outside parent 'image_controls' bounds (child_rel=[285.0,0.0], child_size=[170.0,28.0], child_end=[455.0,28.0], parent_size=[323.8,34.0], gap=6.0, start_offset=0.0)
[WARN] Layout wrap: 'image_zoom_in' in parent 'image_controls' - NoWrap set but would overflow (child_size=36.0, offset=461.0, container=323.8)
[WARN] Layout overflow: 'image_zoom_in' extends outside parent 'image_controls' bounds (child_rel=[461.0,0.0], child_size=[36.0,28.0], child_end=[497.0,28.0], parent_size=[323.8,34.0], gap=6.0, start_offset=0.0)
[WARN] Layout wrap: 'image_mode_label' in parent 'image_controls' - NoWrap set but would overflow (child_size=170.0, offset=285.0, container=323.8)
[WARN] Layout overflow: 'image_mode_label' extends outside parent 'image_controls' bounds (child_rel=[285.0,0.0], child_size=[170.0,28.0], child_end=[455.0,28.0], parent_size=[323.8,34.0], gap=6.0, start_offset=0.0)
[WARN] Layout wrap: 'image_zoom_in' in parent 'image_controls' - NoWrap set but would overflow (child_size=36.0, offset=461.0, container=323.8)
[WARN] Layout overflow: 'image_zoom_in' extends outside parent 'image_controls' bounds (child_rel=[461.0,0.0], child_size=[36.0,28.0], child_end=[497.0,28.0], parent_size=[323.8,34.0], gap=6.0, start_offset=0.0)
[WARN] Layout wrap: 'image_mode_label' in parent 'image_controls' - NoWrap set but would overflow (child_size=170.0, offset=285.0, container=323.8)
[WARN] Layout overflow: 'image_mode_label' extends outside parent 'image_controls' bounds (child_rel=[285.0,0.0], child_size=[170.0,28.0], child_end=[455.0,28.0], parent_size=[323.8,34.0], gap=6.0, start_offset=0.0)
[WARN] Layout wrap: 'image_zoom_in' in parent 'image_controls' - NoWrap set but would overflow (child_size=36.0, offset=461.0, container=323.8)
[WARN] Layout overflow: 'image_zoom_in' extends outside parent 'image_controls' bounds (child_rel=[461.0,0.0], child_size=[36.0,28.0], child_end=[497.0,28.0], parent_size=[323.8,34.0], gap=6.0, start_offset=0.0)
[WARN] Layout wrap: 'image_mode_label' in parent 'image_controls' - NoWrap set but would overflow (child_size=170.0, offset=285.0, container=323.8)
[WARN] Layout overflow: 'image_mode_label' extends outside parent 'image_controls' bounds (child_rel=[285.0,0.0], child_size=[170.0,28.0], child_end=[455.0,28.0], parent_size=[323.8,34.0], gap=6.0, start_offset=0.0)
[WARN] Layout wrap: 'image_zoom_in' in parent 'image_controls' - NoWrap set but would overflow (child_size=36.0, offset=461.0, container=323.8)
[WARN] Layout overflow: 'image_zoom_in' extends outside parent 'image_controls' bounds (child_rel=[461.0,0.0], child_size=[36.0,28.0], child_end=[497.0,28.0], parent_size=[323.8,34.0], gap=6.0, start_offset=0.0)
[WARN] Layout wrap: 'image_mode_label' in parent 'image_controls' - NoWrap set but would overflow (child_size=170.0, offset=285.0, container=323.8)
[WARN] Layout overflow: 'image_mode_label' extends outside parent 'image_controls' bounds (child_rel=[285.0,0.0], child_size=[170.0,28.0], child_end=[455.0,28.0], parent_size=[323.8,34.0], gap=6.0, start_offset=0.0)
[WARN] Layout wrap: 'image_zoom_in' in parent 'image_controls' - NoWrap set but would overflow (child_size=36.0, offset=461.0, container=323.8)
[WARN] Layout overflow: 'image_zoom_in' extends outside parent 'image_controls' bounds (child_rel=[461.0,0.0], child_size=[36.0,28.0], child_end=[497.0,28.0], parent_size=[323.8,34.0], gap=6.0, start_offset=0.0)
[WARN] Layout wrap: 'image_mode_label' in parent 'image_controls' - NoWrap set but would overflow (child_size=170.0, offset=285.0, container=323.8)
[WARN] Layout overflow: 'image_mode_label' extends outside parent 'image_controls' bounds (child_rel=[285.0,0.0], child_size=[170.0,28.0], child_end=[455.0,28.0], parent_size=[323.8,34.0], gap=6.0, start_offset=0.0)
[WARN] Layout wrap: 'image_zoom_in' in parent 'image_controls' - NoWrap set but would overflow (child_size=36.0, offset=461.0, container=323.8)
[WARN] Layout overflow: 'image_zoom_in' extends outside parent 'image_controls' bounds (child_rel=[461.0,0.0], child_size=[36.0,28.0], child_end=[497.0,28.0], parent_size=[323.8,34.0], gap=6.0, start_offset=0.0)
[WARN] Layout wrap: 'image_mode_label' in parent 'image_controls' - NoWrap set but would overflow (child_size=170.0, offset=285.0, container=323.8)
[WARN] Layout overflow: 'image_mode_label' extends outside parent 'image_controls' bounds (child_rel=[285.0,0.0], child_size=[170.0,28.0], child_end=[455.0,28.0], parent_size=[323.8,34.0], gap=6.0, start_offset=0.0)
[WARN] Layout wrap: 'image_zoom_in' in parent 'image_controls' - NoWrap set but would overflow (child_size=36.0, offset=461.0, container=323.8)
[WARN] Layout overflow: 'image_zoom_in' extends outside parent 'image_controls' bounds (child_rel=[461.0,0.0], child_size=[36.0,28.0], child_end=[497.0,28.0], parent_size=[323.8,34.0], gap=6.0, start_offset=0.0)
[WARN] Layout wrap: 'image_mode_label' in parent 'image_controls' - NoWrap set but would overflow (child_size=170.0, offset=285.0, container=323.8)
[WARN] Layout overflow: 'image_mode_label' extends outside parent 'image_controls' bounds (child_rel=[285.0,0.0], child_size=[170.0,28.0], child_end=[455.0,28.0], parent_size=[323.8,34.0], gap=6.0, start_offset=0.0)
[WARN] Layout wrap: 'image_zoom_in' in parent 'image_controls' - NoWrap set but would overflow (child_size=36.0, offset=461.0, container=323.8)
[WARN] Layout overflow: 'image_zoom_in' extends outside parent 'image_controls' bounds (child_rel=[461.0,0.0], child_size=[36.0,28.0], child_end=[497.0,28.0], parent_size=[323.8,34.0], gap=6.0, start_offset=0.0)
[WARN] Layout wrap: 'image_mode_label' in parent 'image_controls' - NoWrap set but would overflow (child_size=170.0, offset=285.0, container=323.8)
[WARN] Layout overflow: 'image_mode_label' extends outside parent 'image_controls' bounds (child_rel=[285.0,0.0], child_size=[170.0,28.0], child_end=[455.0,28.0], parent_size=[323.8,34.0], gap=6.0, start_offset=0.0)
[WARN] Layout wrap: 'image_zoom_in' in parent 'image_controls' - NoWrap set but would overflow (child_size=36.0, offset=461.0, container=323.8)
[WARN] Layout overflow: 'image_zoom_in' extends outside parent 'image_controls' bounds (child_rel=[461.0,0.0], child_size=[36.0,28.0], child_end=[497.0,28.0], parent_size=[323.8,34.0], gap=6.0, start_offset=0.0)
[WARN] Layout wrap: 'image_mode_label' in parent 'image_controls' - NoWrap set but would overflow (child_size=170.0, offset=285.0, container=323.8)
[WARN] Layout overflow: 'image_mode_label' extends outside parent 'image_controls' bounds (child_rel=[285.0,0.0], child_size=[170.0,28.0], child_end=[455.0,28.0], parent_size=[323.8,34.0], gap=6.0, start_offset=0.0)
[WARN] Layout wrap: 'image_zoom_in' in parent 'image_controls' - NoWrap set but would overflow (child_size=36.0, offset=461.0, container=323.8)
[WARN] Layout overflow: 'image_zoom_in' extends outside parent 'image_controls' bounds (child_rel=[461.0,0.0], child_size=[36.0,28.0], child_end=[497.0,28.0], parent_size=[323.8,34.0], gap=6.0, start_offset=0.0)
[WARN] Layout wrap: 'image_mode_label' in parent 'image_controls' - NoWrap set but would overflow (child_size=170.0, offset=285.0, container=323.8)
[WARN] Layout overflow: 'image_mode_label' extends outside parent 'image_controls' bounds (child_rel=[285.0,0.0], child_size=[170.0,28.0], child_end=[455.0,28.0], parent_size=[323.8,34.0], gap=6.0, start_offset=0.0)
[WARN] Layout wrap: 'image_zoom_in' in parent 'image_controls' - NoWrap set but would overflow (child_size=36.0, offset=461.0, container=323.8)
[WARN] Layout overflow: 'image_zoom_in' extends outside parent 'image_controls' bounds (child_rel=[461.0,0.0], child_size=[36.0,28.0], child_end=[497.0,28.0], parent_size=[323.8,34.0], gap=6.0, start_offset=0.0)
[WARN] Layout wrap: 'image_mode_label' in parent 'image_controls' - NoWrap set but would overflow (child_size=170.0, offset=285.0, container=323.8)
[WARN] Layout overflow: 'image_mode_label' extends outside parent 'image_controls' bounds (child_rel=[285.0,0.0], child_size=[170.0,28.0], child_end=[455.0,28.0], parent_size=[323.8,34.0], gap=6.0, start_offset=0.0)
[WARN] Layout wrap: 'image_zoom_in' in parent 'image_controls' - NoWrap set but would overflow (child_size=36.0, offset=461.0, container=323.8)
[WARN] Layout overflow: 'image_zoom_in' extends outside parent 'image_controls' bounds (child_rel=[461.0,0.0], child_size=[36.0,28.0], child_end=[497.0,28.0], parent_size=[323.8,34.0], gap=6.0, start_offset=0.0)
[WARN] Layout wrap: 'image_mode_label' in parent 'image_controls' - NoWrap set but would overflow (child_size=170.0, offset=285.0, container=323.8)
[WARN] Layout overflow: 'image_mode_label' extends outside parent 'image_controls' bounds (child_rel=[285.0,0.0], child_size=[170.0,28.0], child_end=[455.0,28.0], parent_size=[323.8,34.0], gap=6.0, start_offset=0.0)
[WARN] Layout wrap: 'image_zoom_in' in parent 'image_controls' - NoWrap set but would overflow (child_size=36.0, offset=461.0, container=323.8)
[WARN] Layout overflow: 'image_zoom_in' extends outside parent 'image_controls' bounds (child_rel=[461.0,0.0], child_size=[36.0,28.0], child_end=[497.0,28.0], parent_size=[323.8,34.0], gap=6.0, start_offset=0.0)
[WARN] Layout wrap: 'image_mode_label' in parent 'image_controls' - NoWrap set but would overflow (child_size=170.0, offset=285.0, container=323.8)
[WARN] Layout overflow: 'image_mode_label' extends outside parent 'image_controls' bounds (child_rel=[285.0,0.0], child_size=[170.0,28.0], child_end=[455.0,28.0], parent_size=[323.8,34.0], gap=6.0, start_offset=0.0)
[WARN] Layout wrap: 'image_zoom_in' in parent 'image_controls' - NoWrap set but would overflow (child_size=36.0, offset=461.0, container=323.8)
[WARN] Layout overflow: 'image_zoom_in' extends outside parent 'image_controls' bounds (child_rel=[461.0,0.0], child_size=[36.0,28.0], child_end=[497.0,28.0], parent_size=[323.8,34.0], gap=6.0, start_offset=0.0)
[WARN] Layout wrap: 'image_mode_label' in parent 'image_controls' - NoWrap set but would overflow (child_size=170.0, offset=285.0, container=323.8)
[WARN] Layout overflow: 'image_mode_label' extends outside parent 'image_controls' bounds (child_rel=[285.0,0.0], child_size=[170.0,28.0], child_end=[455.0,28.0], parent_size=[323.8,34.0], gap=6.0, start_offset=0.0)
[WARN] Layout wrap: 'image_zoom_in' in parent 'image_controls' - NoWrap set but would overflow (child_size=36.0, offset=461.0, container=323.8)
[WARN] Layout overflow: 'image_zoom_in' extends outside parent 'image_controls' bounds (child_rel=[461.0,0.0], child_size=[36.0,28.0], child_end=[497.0,28.0], parent_size=[323.8,34.0], gap=6.0, start_offset=0.0)
[WARN] Layout wrap: 'image_mode_label' in parent 'image_controls' - NoWrap set but would overflow (child_size=170.0, offset=285.0, container=323.8)
[WARN] Layout overflow: 'image_mode_label' extends outside parent 'image_controls' bounds (child_rel=[285.0,0.0], child_size=[170.0,28.0], child_end=[455.0,28.0], parent_size=[323.8,34.0], gap=6.0, start_offset=0.0)
[WARN] Layout wrap: 'image_zoom_in' in parent 'image_controls' - NoWrap set but would overflow (child_size=36.0, offset=461.0, container=323.8)
[WARN] Layout overflow: 'image_zoom_in' extends outside parent 'image_controls' bounds (child_rel=[461.0,0.0], child_size=[36.0,28.0], child_end=[497.0,28.0], parent_size=[323.8,34.0], gap=6.0, start_offset=0.0)
[WARN] Layout wrap: 'image_mode_label' in parent 'image_controls' - NoWrap set but would overflow (child_size=170.0, offset=285.0, container=323.8)
[WARN] Layout overflow: 'image_mode_label' extends outside parent 'image_controls' bounds (child_rel=[285.0,0.0], child_size=[170.0,28.0], child_end=[455.0,28.0], parent_size=[323.8,34.0], gap=6.0, start_offset=0.0)
[WARN] Layout wrap: 'image_zoom_in' in parent 'image_controls' - NoWrap set but would overflow (child_size=36.0, offset=461.0, container=323.8)
[WARN] Layout overflow: 'image_zoom_in' extends outside parent 'image_controls' bounds (child_rel=[461.0,0.0], child_size=[36.0,28.0], child_end=[497.0,28.0], parent_size=[323.8,34.0], gap=6.0, start_offset=0.0)
[WARN] Layout wrap: 'image_mode_label' in parent 'image_controls' - NoWrap set but would overflow (child_size=170.0, offset=285.0, container=323.8)
[WARN] Layout overflow: 'image_mode_label' extends outside parent 'image_controls' bounds (child_rel=[285.0,0.0], child_size=[170.0,28.0], child_end=[455.0,28.0], parent_size=[323.8,34.0], gap=6.0, start_offset=0.0)
[WARN] Layout wrap: 'image_zoom_in' in parent 'image_controls' - NoWrap set but would overflow (child_size=36.0, offset=461.0, container=323.8)
[WARN] Layout overflow: 'image_zoom_in' extends outside parent 'image_controls' bounds (child_rel=[461.0,0.0], child_size=[36.0,28.0], child_end=[497.0,28.0], parent_size=[323.8,34.0], gap=6.0, start_offset=0.0)
[WARN] Layout wrap: 'image_mode_label' in parent 'image_controls' - NoWrap set but would overflow (child_size=170.0, offset=285.0, container=323.8)
[WARN] Layout overflow: 'image_mode_label' extends outside parent 'image_controls' bounds (child_rel=[285.0,0.0], child_size=[170.0,28.0], child_end=[455.0,28.0], parent_size=[323.8,34.0], gap=6.0, start_offset=0.0)
[WARN] Layout wrap: 'image_zoom_in' in parent 'image_controls' - NoWrap set but would overflow (child_size=36.0, offset=461.0, container=323.8)
[WARN] Layout overflow: 'image_zoom_in' extends outside parent 'image_controls' bounds (child_rel=[461.0,0.0], child_size=[36.0,28.0], child_end=[497.0,28.0], parent_size=[323.8,34.0], gap=6.0, start_offset=0.0)
[WARN] Layout wrap: 'image_mode_label' in parent 'image_controls' - NoWrap set but would overflow (child_size=170.0, offset=285.0, container=323.8)
[WARN] Layout overflow: 'image_mode_label' extends outside parent 'image_controls' bounds (child_rel=[285.0,0.0], child_size=[170.0,28.0], child_end=[455.0,28.0], parent_size=[323.8,34.0], gap=6.0, start_offset=0.0)
[WARN] Layout wrap: 'image_zoom_in' in parent 'image_controls' - NoWrap set but would overflow (child_size=36.0, offset=461.0, container=323.8)
[WARN] Layout overflow: 'image_zoom_in' extends outside parent 'image_controls' bounds (child_rel=[461.0,0.0], child_size=[36.0,28.0], child_end=[497.0,28.0], parent_size=[323.8,34.0], gap=6.0, start_offset=0.0)
[WARN] Layout wrap: 'image_mode_label' in parent 'image_controls' - NoWrap set but would overflow (child_size=170.0, offset=285.0, container=323.8)
[WARN] Layout overflow: 'image_mode_label' extends outside parent 'image_controls' bounds (child_rel=[285.0,0.0], child_size=[170.0,28.0], child_end=[455.0,28.0], parent_size=[323.8,34.0], gap=6.0, start_offset=0.0)
[WARN] Layout wrap: 'image_zoom_in' in parent 'image_controls' - NoWrap set but would overflow (child_size=36.0, offset=461.0, container=323.8)
[WARN] Layout overflow: 'image_zoom_in' extends outside parent 'image_controls' bounds (child_rel=[461.0,0.0], child_size=[36.0,28.0], child_end=[497.0,28.0], parent_size=[323.8,34.0], gap=6.0, start_offset=0.0)
[INFO] git: 118 ms (waited 0 ms for lock): git cat-file
[WARN] Layout wrap: 'image_mode_label' in parent 'image_controls' - NoWrap set but would overflow (child_size=170.0, offset=285.0, container=323.8)
[WARN] Layout overflow: 'image_mode_label' extends outside parent 'image_controls' bounds (child_rel=[285.0,0.0], child_size=[170.0,28.0], child_end=[455.0,28.0], parent_size=[323.8,34.0], gap=6.0, start_offset=0.0)
[WARN] Layout wrap: 'image_zoom_in' in parent 'image_controls' - NoWrap set but would overflow (child_size=36.0, offset=461.0, container=323.8)
[WARN] Layout overflow: 'image_zoom_in' extends outside parent 'image_controls' bounds (child_rel=[461.0,0.0], child_size=[36.0,28.0], child_end=[497.0,28.0], parent_size=[323.8,34.0], gap=6.0, start_offset=0.0)
[WARN] Layout wrap: 'image_mode_label' in parent 'image_controls' - NoWrap set but would overflow (child_size=170.0, offset=285.0, container=323.8)
[WARN] Layout overflow: 'image_mode_label' extends outside parent 'image_controls' bounds (child_rel=[285.0,0.0], child_size=[170.0,28.0], child_end=[455.0,28.0], parent_size=[323.8,34.0], gap=6.0, start_offset=0.0)
[WARN] Layout wrap: 'image_zoom_in' in parent 'image_controls' - NoWrap set but would overflow (child_size=36.0, offset=461.0, container=323.8)
[WARN] Layout overflow: 'image_zoom_in' extends outside parent 'image_controls' bounds (child_rel=[461.0,0.0], child_size=[36.0,28.0], child_end=[497.0,28.0], parent_size=[323.8,34.0], gap=6.0, start_offset=0.0)
[WARN] Layout wrap: 'image_mode_label' in parent 'image_controls' - NoWrap set but would overflow (child_size=170.0, offset=285.0, container=323.8)
[WARN] Layout overflow: 'image_mode_label' extends outside parent 'image_controls' bounds (child_rel=[285.0,0.0], child_size=[170.0,28.0], child_end=[455.0,28.0], parent_size=[323.8,34.0], gap=6.0, start_offset=0.0)
[WARN] Layout wrap: 'image_zoom_in' in parent 'image_controls' - NoWrap set but would overflow (child_size=36.0, offset=461.0, container=323.8)
[WARN] Layout overflow: 'image_zoom_in' extends outside parent 'image_controls' bounds (child_rel=[461.0,0.0], child_size=[36.0,28.0], child_end=[497.0,28.0], parent_size=[323.8,34.0], gap=6.0, start_offset=0.0)
[WARN] Layout wrap: 'image_mode_label' in parent 'image_controls' - NoWrap set but would overflow (child_size=170.0, offset=285.0, container=323.8)
[WARN] Layout overflow: 'image_mode_label' extends outside parent 'image_controls' bounds (child_rel=[285.0,0.0], child_size=[170.0,28.0], child_end=[455.0,28.0], parent_size=[323.8,34.0], gap=6.0, start_offset=0.0)
[WARN] Layout wrap: 'image_zoom_in' in parent 'image_controls' - NoWrap set but would overflow (child_size=36.0, offset=461.0, container=323.8)
[WARN] Layout overflow: 'image_zoom_in' extends outside parent 'image_controls' bounds (child_rel=[461.0,0.0], child_size=[36.0,28.0], child_end=[497.0,28.0], parent_size=[323.8,34.0], gap=6.0, start_offset=0.0)
[WARN] Layout wrap: 'image_mode_label' in parent 'image_controls' - NoWrap set but would overflow (child_size=170.0, offset=285.0, container=323.8)
[WARN] Layout overflow: 'image_mode_label' extends outside parent 'image_controls' bounds (child_rel=[285.0,0.0], child_size=[170.0,28.0], child_end=[455.0,28.0], parent_size=[323.8,34.0], gap=6.0, start_offset=0.0)
[WARN] Layout wrap: 'image_zoom_in' in parent 'image_controls' - NoWrap set but would overflow (child_size=36.0, offset=461.0, container=323.8)
[WARN] Layout overflow: 'image_zoom_in' extends outside parent 'image_controls' bounds (child_rel=[461.0,0.0], child_size=[36.0,28.0], child_end=[497.0,28.0], parent_size=[323.8,34.0], gap=6.0, start_offset=0.0)
[WARN] Layout wrap: 'image_mode_label' in parent 'image_controls' - NoWrap set but would overflow (child_size=170.0, offset=285.0, container=323.8)
[WARN] Layout overflow: 'image_mode_label' extends outside parent 'image_controls' bounds (child_rel=[285.0,0.0], child_size=[170.0,28.0], child_end=[455.0,28.0], parent_size=[323.8,34.0], gap=6.0, start_offset=0.0)
[WARN] Layout wrap: 'image_zoom_in' in parent 'image_controls' - NoWrap set but would overflow (child_size=36.0, offset=461.0, container=323.8)
[WARN] Layout overflow: 'image_zoom_in' extends outside parent 'image_controls' bounds (child_rel=[461.0,0.0], child_size=[36.0,28.0], child_end=[497.0,28.0], parent_size=[323.8,34.0], gap=6.0, start_offset=0.0)
[WARN] Layout wrap: 'image_mode_label' in parent 'image_controls' - NoWrap set but would overflow (child_size=170.0, offset=285.0, container=323.8)
[WARN] Layout overflow: 'image_mode_label' extends outside parent 'image_controls' bounds (child_rel=[285.0,0.0], child_size=[170.0,28.0], child_end=[455.0,28.0], parent_size=[323.8,34.0], gap=6.0, start_offset=0.0)
[WARN] Layout wrap: 'image_zoom_in' in parent 'image_controls' - NoWrap set but would overflow (child_size=36.0, offset=461.0, container=323.8)
[WARN] Layout overflow: 'image_zoom_in' extends outside parent 'image_controls' bounds (child_rel=[461.0,0.0], child_size=[36.0,28.0], child_end=[497.0,28.0], parent_size=[323.8,34.0], gap=6.0, start_offset=0.0)
[WARN] Layout wrap: 'image_mode_label' in parent 'image_controls' - NoWrap set but would overflow (child_size=170.0, offset=285.0, container=323.8)
[WARN] Layout overflow: 'image_mode_label' extends outside parent 'image_controls' bounds (child_rel=[285.0,0.0], child_size=[170.0,28.0], child_end=[455.0,28.0], parent_size=[323.8,34.0], gap=6.0, start_offset=0.0)
[WARN] Layout wrap: 'image_zoom_in' in parent 'image_controls' - NoWrap set but would overflow (child_size=36.0, offset=461.0, container=323.8)
[WARN] Layout overflow: 'image_zoom_in' extends outside parent 'image_controls' bounds (child_rel=[461.0,0.0], child_size=[36.0,28.0], child_end=[497.0,28.0], parent_size=[323.8,34.0], gap=6.0, start_offset=0.0)
[WARN] Layout wrap: 'image_mode_label' in parent 'image_controls' - NoWrap set but would overflow (child_size=170.0, offset=285.0, container=323.8)
[WARN] Layout overflow: 'image_mode_label' extends outside parent 'image_controls' bounds (child_rel=[285.0,0.0], child_size=[170.0,28.0], child_end=[455.0,28.0], parent_size=[323.8,34.0], gap=6.0, start_offset=0.0)
[WARN] Layout wrap: 'image_zoom_in' in parent 'image_controls' - NoWrap set but would overflow (child_size=36.0, offset=461.0, container=323.8)
[WARN] Layout overflow: 'image_zoom_in' extends outside parent 'image_controls' bounds (child_rel=[461.0,0.0], child_size=[36.0,28.0], child_end=[497.0,28.0], parent_size=[323.8,34.0], gap=6.0, start_offset=0.0)
[WARN] Layout wrap: 'image_mode_label' in parent 'image_controls' - NoWrap set but would overflow (child_size=170.0, offset=285.0, container=323.8)
[WARN] Layout overflow: 'image_mode_label' extends outside parent 'image_controls' bounds (child_rel=[285.0,0.0], child_size=[170.0,28.0], child_end=[455.0,28.0], parent_size=[323.8,34.0], gap=6.0, start_offset=0.0)
[WARN] Layout wrap: 'image_zoom_in' in parent 'image_controls' - NoWrap set but would overflow (child_size=36.0, offset=461.0, container=323.8)
[WARN] Layout overflow: 'image_zoom_in' extends outside parent 'image_controls' bounds (child_rel=[461.0,0.0], child_size=[36.0,28.0], child_end=[497.0,28.0], parent_size=[323.8,34.0], gap=6.0, start_offset=0.0)
[WARN] Layout wrap: 'image_mode_label' in parent 'image_controls' - NoWrap set but would overflow (child_size=170.0, offset=285.0, container=323.8)
[WARN] Layout overflow: 'image_mode_label' extends outside parent 'image_controls' bounds (child_rel=[285.0,0.0], child_size=[170.0,28.0], child_end=[455.0,28.0], parent_size=[323.8,34.0], gap=6.0, start_offset=0.0)
[WARN] Layout wrap: 'image_zoom_in' in parent 'image_controls' - NoWrap set but would overflow (child_size=36.0, offset=461.0, container=323.8)
[WARN] Layout overflow: 'image_zoom_in' extends outside parent 'image_controls' bounds (child_rel=[461.0,0.0], child_size=[36.0,28.0], child_end=[497.0,28.0], parent_size=[323.8,34.0], gap=6.0, start_offset=0.0)
[WARN] Layout wrap: 'image_mode_label' in parent 'image_controls' - NoWrap set but would overflow (child_size=170.0, offset=285.0, container=323.8)
[WARN] Layout overflow: 'image_mode_label' extends outside parent 'image_controls' bounds (child_rel=[285.0,0.0], child_size=[170.0,28.0], child_end=[455.0,28.0], parent_size=[323.8,34.0], gap=6.0, start_offset=0.0)
[WARN] Layout wrap: 'image_zoom_in' in parent 'image_controls' - NoWrap set but would overflow (child_size=36.0, offset=461.0, container=323.8)
[WARN] Layout overflow: 'image_zoom_in' extends outside parent 'image_controls' bounds (child_rel=[461.0,0.0], child_size=[36.0,28.0], child_end=[497.0,28.0], parent_size=[323.8,34.0], gap=6.0, start_offset=0.0)
[WARN] Layout wrap: 'image_mode_label' in parent 'image_controls' - NoWrap set but would overflow (child_size=170.0, offset=285.0, container=323.8)
[WARN] Layout overflow: 'image_mode_label' extends outside parent 'image_controls' bounds (child_rel=[285.0,0.0], child_size=[170.0,28.0], child_end=[455.0,28.0], parent_size=[323.8,34.0], gap=6.0, start_offset=0.0)
[WARN] Layout wrap: 'image_zoom_in' in parent 'image_controls' - NoWrap set but would overflow (child_size=36.0, offset=461.0, container=323.8)
[WARN] Layout overflow: 'image_zoom_in' extends outside parent 'image_controls' bounds (child_rel=[461.0,0.0], child_size=[36.0,28.0], child_end=[497.0,28.0], parent_size=[323.8,34.0], gap=6.0, start_offset=0.0)
[WARN] Layout wrap: 'image_mode_label' in parent 'image_controls' - NoWrap set but would overflow (child_size=170.0, offset=285.0, container=323.8)
[WARN] Layout overflow: 'image_mode_label' extends outside parent 'image_controls' bounds (child_rel=[285.0,0.0], child_size=[170.0,28.0], child_end=[455.0,28.0], parent_size=[323.8,34.0], gap=6.0, start_offset=0.0)
[WARN] Layout wrap: 'image_zoom_in' in parent 'image_controls' - NoWrap set but would overflow (child_size=36.0, offset=461.0, container=323.8)
[WARN] Layout overflow: 'image_zoom_in' extends outside parent 'image_controls' bounds (child_rel=[461.0,0.0], child_size=[36.0,28.0], child_end=[497.0,28.0], parent_size=[323.8,34.0], gap=6.0, start_offset=0.0)
[WARN] Layout wrap: 'image_mode_label' in parent 'image_controls' - NoWrap set but would overflow (child_size=170.0, offset=285.0, container=323.8)
[WARN] Layout overflow: 'image_mode_label' extends outside parent 'image_controls' bounds (child_rel=[285.0,0.0], child_size=[170.0,28.0], child_end=[455.0,28.0], parent_size=[323.8,34.0], gap=6.0, start_offset=0.0)
[WARN] Layout wrap: 'image_zoom_in' in parent 'image_controls' - NoWrap set but would overflow (child_size=36.0, offset=461.0, container=323.8)
[WARN] Layout overflow: 'image_zoom_in' extends outside parent 'image_controls' bounds (child_rel=[461.0,0.0], child_size=[36.0,28.0], child_end=[497.0,28.0], parent_size=[323.8,34.0], gap=6.0, start_offset=0.0)
[WARN] Layout wrap: 'image_mode_label' in parent 'image_controls' - NoWrap set but would overflow (child_size=170.0, offset=285.0, container=323.8)
[WARN] Layout overflow: 'image_mode_label' extends outside parent 'image_controls' bounds (child_rel=[285.0,0.0], child_size=[170.0,28.0], child_end=[455.0,28.0], parent_size=[323.8,34.0], gap=6.0, start_offset=0.0)
[WARN] Layout wrap: 'image_zoom_in' in parent 'image_controls' - NoWrap set but would overflow (child_size=36.0, offset=461.0, container=323.8)
[WARN] Layout overflow: 'image_zoom_in' extends outside parent 'image_controls' bounds (child_rel=[461.0,0.0], child_size=[36.0,28.0], child_end=[497.0,28.0], parent_size=[323.8,34.0], gap=6.0, start_offset=0.0)
[WARN] Layout wrap: 'image_mode_label' in parent 'image_controls' - NoWrap set but would overflow (child_size=170.0, offset=285.0, container=323.8)
[WARN] Layout overflow: 'image_mode_label' extends outside parent 'image_controls' bounds (child_rel=[285.0,0.0], child_size=[170.0,28.0], child_end=[455.0,28.0], parent_size=[323.8,34.0], gap=6.0, start_offset=0.0)
[WARN] Layout wrap: 'image_zoom_in' in parent 'image_controls' - NoWrap set but would overflow (child_size=36.0, offset=461.0, container=323.8)
[WARN] Layout overflow: 'image_zoom_in' extends outside parent 'image_controls' bounds (child_rel=[461.0,0.0], child_size=[36.0,28.0], child_end=[497.0,28.0], parent_size=[323.8,34.0], gap=6.0, start_offset=0.0)
[WARN] Layout wrap: 'image_mode_label' in parent 'image_controls' - NoWrap set but would overflow (child_size=170.0, offset=285.0, container=323.8)
[WARN] Layout overflow: 'image_mode_label' extends outside parent 'image_controls' bounds (child_rel=[285.0,0.0], child_size=[170.0,28.0], child_end=[455.0,28.0], parent_size=[323.8,34.0], gap=6.0, start_offset=0.0)
[WARN] Layout wrap: 'image_zoom_in' in parent 'image_controls' - NoWrap set but would overflow (child_size=36.0, offset=461.0, container=323.8)
[WARN] Layout overflow: 'image_zoom_in' extends outside parent 'image_controls' bounds (child_rel=[461.0,0.0], child_size=[36.0,28.0], child_end=[497.0,28.0], parent_size=[323.8,34.0], gap=6.0, start_offset=0.0)
[WARN] Layout wrap: 'image_mode_label' in parent 'image_controls' - NoWrap set but would overflow (child_size=170.0, offset=285.0, container=323.8)
[WARN] Layout overflow: 'image_mode_label' extends outside parent 'image_controls' bounds (child_rel=[285.0,0.0], child_size=[170.0,28.0], child_end=[455.0,28.0], parent_size=[323.8,34.0], gap=6.0, start_offset=0.0)
[WARN] Layout wrap: 'image_zoom_in' in parent 'image_controls' - NoWrap set but would overflow (child_size=36.0, offset=461.0, container=323.8)
[WARN] Layout overflow: 'image_zoom_in' extends outside parent 'image_controls' bounds (child_rel=[461.0,0.0], child_size=[36.0,28.0], child_end=[497.0,28.0], parent_size=[323.8,34.0], gap=6.0, start_offset=0.0)
[WARN] Layout wrap: 'image_mode_label' in parent 'image_controls' - NoWrap set but would overflow (child_size=170.0, offset=285.0, container=323.8)
[WARN] Layout overflow: 'image_mode_label' extends outside parent 'image_controls' bounds (child_rel=[285.0,0.0], child_size=[170.0,28.0], child_end=[455.0,28.0], parent_size=[323.8,34.0], gap=6.0, start_offset=0.0)
[WARN] Layout wrap: 'image_zoom_in' in parent 'image_controls' - NoWrap set but would overflow (child_size=36.0, offset=461.0, container=323.8)
[WARN] Layout overflow: 'image_zoom_in' extends outside parent 'image_controls' bounds (child_rel=[461.0,0.0], child_size=[36.0,28.0], child_end=[497.0,28.0], parent_size=[323.8,34.0], gap=6.0, start_offset=0.0)
[WARN] Layout wrap: 'image_mode_label' in parent 'image_controls' - NoWrap set but would overflow (child_size=170.0, offset=285.0, container=323.8)
[WARN] Layout overflow: 'image_mode_label' extends outside parent 'image_controls' bounds (child_rel=[285.0,0.0], child_size=[170.0,28.0], child_end=[455.0,28.0], parent_size=[323.8,34.0], gap=6.0, start_offset=0.0)
[WARN] Layout wrap: 'image_zoom_in' in parent 'image_controls' - NoWrap set but would overflow (child_size=36.0, offset=461.0, container=323.8)
[WARN] Layout overflow: 'image_zoom_in' extends outside parent 'image_controls' bounds (child_rel=[461.0,0.0], child_size=[36.0,28.0], child_end=[497.0,28.0], parent_size=[323.8,34.0], gap=6.0, start_offset=0.0)
[WARN] Layout wrap: 'image_mode_label' in parent 'image_controls' - NoWrap set but would overflow (child_size=170.0, offset=285.0, container=323.8)
[WARN] Layout overflow: 'image_mode_label' extends outside parent 'image_controls' bounds (child_rel=[285.0,0.0], child_size=[170.0,28.0], child_end=[455.0,28.0], parent_size=[323.8,34.0], gap=6.0, start_offset=0.0)
[WARN] Layout wrap: 'image_zoom_in' in parent 'image_controls' - NoWrap set but would overflow (child_size=36.0, offset=461.0, container=323.8)
[WARN] Layout overflow: 'image_zoom_in' extends outside parent 'image_controls' bounds (child_rel=[461.0,0.0], child_size=[36.0,28.0], child_end=[497.0,28.0], parent_size=[323.8,34.0], gap=6.0, start_offset=0.0)
[WARN] Layout wrap: 'image_mode_label' in parent 'image_controls' - NoWrap set but would overflow (child_size=170.0, offset=285.0, container=323.8)
[WARN] Layout overflow: 'image_mode_label' extends outside parent 'image_controls' bounds (child_rel=[285.0,0.0], child_size=[170.0,28.0], child_end=[455.0,28.0], parent_size=[323.8,34.0], gap=6.0, start_offset=0.0)
[WARN] Layout wrap: 'image_zoom_in' in parent 'image_controls' - NoWrap set but would overflow (child_size=36.0, offset=461.0, container=323.8)
[WARN] Layout overflow: 'image_zoom_in' extends outside parent 'image_controls' bounds (child_rel=[461.0,0.0], child_size=[36.0,28.0], child_end=[497.0,28.0], parent_size=[323.8,34.0], gap=6.0, start_offset=0.0)
[WARN] Layout wrap: 'image_mode_label' in parent 'image_controls' - NoWrap set but would overflow (child_size=170.0, offset=285.0, container=323.8)
[WARN] Layout overflow: 'image_mode_label' extends outside parent 'image_controls' bounds (child_rel=[285.0,0.0], child_size=[170.0,28.0], child_end=[455.0,28.0], parent_size=[323.8,34.0], gap=6.0, start_offset=0.0)
[WARN] Layout wrap: 'image_zoom_in' in parent 'image_controls' - NoWrap set but would overflow (child_size=36.0, offset=461.0, container=323.8)
[WARN] Layout overflow: 'image_zoom_in' extends outside parent 'image_controls' bounds (child_rel=[461.0,0.0], child_size=[36.0,28.0], child_end=[497.0,28.0], parent_size=[323.8,34.0], gap=6.0, start_offset=0.0)
[WARN] Layout wrap: 'image_mode_label' in parent 'image_controls' - NoWrap set but would overflow (child_size=170.0, offset=285.0, container=323.8)
[WARN] Layout overflow: 'image_mode_label' extends outside parent 'image_controls' bounds (child_rel=[285.0,0.0], child_size=[170.0,28.0], child_end=[455.0,28.0], parent_size=[323.8,34.0], gap=6.0, start_offset=0.0)
[WARN] Layout wrap: 'image_zoom_in' in parent 'image_controls' - NoWrap set but would overflow (child_size=36.0, offset=461.0, container=323.8)
[WARN] Layout overflow: 'image_zoom_in' extends outside parent 'image_controls' bounds (child_rel=[461.0,0.0], child_size=[36.0,28.0], child_end=[497.0,28.0], parent_size=[323.8,34.0], gap=6.0, start_offset=0.0)
[WARN] Layout wrap: 'image_mode_label' in parent 'image_controls' - NoWrap set but would overflow (child_size=170.0, offset=285.0, container=323.8)
[WARN] Layout overflow: 'image_mode_label' extends outside parent 'image_controls' bounds (child_rel=[285.0,0.0], child_size=[170.0,28.0], child_end=[455.0,28.0], parent_size=[323.8,34.0], gap=6.0, start_offset=0.0)
[WARN] Layout wrap: 'image_zoom_in' in parent 'image_controls' - NoWrap set but would overflow (child_size=36.0, offset=461.0, container=323.8)
[WARN] Layout overflow: 'image_zoom_in' extends outside parent 'image_controls' bounds (child_rel=[461.0,0.0], child_size=[36.0,28.0], child_end=[497.0,28.0], parent_size=[323.8,34.0], gap=6.0, start_offset=0.0)
[WARN] Layout wrap: 'image_mode_label' in parent 'image_controls' - NoWrap set but would overflow (child_size=170.0, offset=285.0, container=323.8)
[WARN] Layout overflow: 'image_mode_label' extends outside parent 'image_controls' bounds (child_rel=[285.0,0.0], child_size=[170.0,28.0], child_end=[455.0,28.0], parent_size=[323.8,34.0], gap=6.0, start_offset=0.0)
[WARN] Layout wrap: 'image_zoom_in' in parent 'image_controls' - NoWrap set but would overflow (child_size=36.0, offset=461.0, container=323.8)
[WARN] Layout overflow: 'image_zoom_in' extends outside parent 'image_controls' bounds (child_rel=[461.0,0.0], child_size=[36.0,28.0], child_end=[497.0,28.0], parent_size=[323.8,34.0], gap=6.0, start_offset=0.0)
[WARN] Layout wrap: 'image_mode_label' in parent 'image_controls' - NoWrap set but would overflow (child_size=170.0, offset=285.0, container=323.8)
[WARN] Layout overflow: 'image_mode_label' extends outside parent 'image_controls' bounds (child_rel=[285.0,0.0], child_size=[170.0,28.0], child_end=[455.0,28.0], parent_size=[323.8,34.0], gap=6.0, start_offset=0.0)
[WARN] Layout wrap: 'image_zoom_in' in parent 'image_controls' - NoWrap set but would overflow (child_size=36.0, offset=461.0, container=323.8)
[WARN] Layout overflow: 'image_zoom_in' extends outside parent 'image_controls' bounds (child_rel=[461.0,0.0], child_size=[36.0,28.0], child_end=[497.0,28.0], parent_size=[323.8,34.0], gap=6.0, start_offset=0.0)
[WARN] Layout wrap: 'image_mode_label' in parent 'image_controls' - NoWrap set but would overflow (child_size=170.0, offset=285.0, container=323.8)
[WARN] Layout overflow: 'image_mode_label' extends outside parent 'image_controls' bounds (child_rel=[285.0,0.0], child_size=[170.0,28.0], child_end=[455.0,28.0], parent_size=[323.8,34.0], gap=6.0, start_offset=0.0)
[WARN] Layout wrap: 'image_zoom_in' in parent 'image_controls' - NoWrap set but would overflow (child_size=36.0, offset=461.0, container=323.8)
[WARN] Layout overflow: 'image_zoom_in' extends outside parent 'image_controls' bounds (child_rel=[461.0,0.0], child_size=[36.0,28.0], child_end=[497.0,28.0], parent_size=[323.8,34.0], gap=6.0, start_offset=0.0)
[WARN] Layout wrap: 'image_mode_label' in parent 'image_controls' - NoWrap set but would overflow (child_size=170.0, offset=285.0, container=323.8)
[WARN] Layout overflow: 'image_mode_label' extends outside parent 'image_controls' bounds (child_rel=[285.0,0.0], child_size=[170.0,28.0], child_end=[455.0,28.0], parent_size=[323.8,34.0], gap=6.0, start_offset=0.0)
[WARN] Layout wrap: 'image_zoom_in' in parent 'image_controls' - NoWrap set but would overflow (child_size=36.0, offset=461.0, container=323.8)
[WARN] Layout overflow: 'image_zoom_in' extends outside parent 'image_controls' bounds (child_rel=[461.0,0.0], child_size=[36.0,28.0], child_end=[497.0,28.0], parent_size=[323.8,34.0], gap=6.0, start_offset=0.0)
[WARN] Layout wrap: 'image_mode_label' in parent 'image_controls' - NoWrap set but would overflow (child_size=170.0, offset=285.0, container=323.8)
[WARN] Layout overflow: 'image_mode_label' extends outside parent 'image_controls' bounds (child_rel=[285.0,0.0], child_size=[170.0,28.0], child_end=[455.0,28.0], parent_size=[323.8,34.0], gap=6.0, start_offset=0.0)
[WARN] Layout wrap: 'image_zoom_in' in parent 'image_controls' - NoWrap set but would overflow (child_size=36.0, offset=461.0, container=323.8)
[WARN] Layout overflow: 'image_zoom_in' extends outside parent 'image_controls' bounds (child_rel=[461.0,0.0], child_size=[36.0,28.0], child_end=[497.0,28.0], parent_size=[323.8,34.0], gap=6.0, start_offset=0.0)
[WARN] Layout wrap: 'image_mode_label' in parent 'image_controls' - NoWrap set but would overflow (child_size=170.0, offset=285.0, container=323.8)
[WARN] Layout overflow: 'image_mode_label' extends outside parent 'image_controls' bounds (child_rel=[285.0,0.0], child_size=[170.0,28.0], child_end=[455.0,28.0], parent_size=[323.8,34.0], gap=6.0, start_offset=0.0)
[WARN] Layout wrap: 'image_zoom_in' in parent 'image_controls' - NoWrap set but would overflow (child_size=36.0, offset=461.0, container=323.8)
[WARN] Layout overflow: 'image_zoom_in' extends outside parent 'image_controls' bounds (child_rel=[461.0,0.0], child_size=[36.0,28.0], child_end=[497.0,28.0], parent_size=[323.8,34.0], gap=6.0, start_offset=0.0)
[WARN] Layout wrap: 'image_mode_label' in parent 'image_controls' - NoWrap set but would overflow (child_size=170.0, offset=285.0, container=323.8)
[WARN] Layout overflow: 'image_mode_label' extends outside parent 'image_controls' bounds (child_rel=[285.0,0.0], child_size=[170.0,28.0], child_end=[455.0,28.0], parent_size=[323.8,34.0], gap=6.0, start_offset=0.0)
[WARN] Layout wrap: 'image_zoom_in' in parent 'image_controls' - NoWrap set but would overflow (child_size=36.0, offset=461.0, container=323.8)
[WARN] Layout overflow: 'image_zoom_in' extends outside parent 'image_controls' bounds (child_rel=[461.0,0.0], child_size=[36.0,28.0], child_end=[497.0,28.0], parent_size=[323.8,34.0], gap=6.0, start_offset=0.0)
[WARN] Layout wrap: 'image_mode_label' in parent 'image_controls' - NoWrap set but would overflow (child_size=170.0, offset=285.0, container=323.8)
[WARN] Layout overflow: 'image_mode_label' extends outside parent 'image_controls' bounds (child_rel=[285.0,0.0], child_size=[170.0,28.0], child_end=[455.0,28.0], parent_size=[323.8,34.0], gap=6.0, start_offset=0.0)
[WARN] Layout wrap: 'image_zoom_in' in parent 'image_controls' - NoWrap set but would overflow (child_size=36.0, offset=461.0, container=323.8)
[WARN] Layout overflow: 'image_zoom_in' extends outside parent 'image_controls' bounds (child_rel=[461.0,0.0], child_size=[36.0,28.0], child_end=[497.0,28.0], parent_size=[323.8,34.0], gap=6.0, start_offset=0.0)
[WARN] Layout wrap: 'image_mode_label' in parent 'image_controls' - NoWrap set but would overflow (child_size=170.0, offset=285.0, container=323.8)
[WARN] Layout overflow: 'image_mode_label' extends outside parent 'image_controls' bounds (child_rel=[285.0,0.0], child_size=[170.0,28.0], child_end=[455.0,28.0], parent_size=[323.8,34.0], gap=6.0, start_offset=0.0)
[WARN] Layout wrap: 'image_zoom_in' in parent 'image_controls' - NoWrap set but would overflow (child_size=36.0, offset=461.0, container=323.8)
[WARN] Layout overflow: 'image_zoom_in' extends outside parent 'image_controls' bounds (child_rel=[461.0,0.0], child_size=[36.0,28.0], child_end=[497.0,28.0], parent_size=[323.8,34.0], gap=6.0, start_offset=0.0)
[WARN] Layout wrap: 'image_mode_label' in parent 'image_controls' - NoWrap set but would overflow (child_size=170.0, offset=285.0, container=323.8)
[WARN] Layout overflow: 'image_mode_label' extends outside parent 'image_controls' bounds (child_rel=[285.0,0.0], child_size=[170.0,28.0], child_end=[455.0,28.0], parent_size=[323.8,34.0], gap=6.0, start_offset=0.0)
[WARN] Layout wrap: 'image_zoom_in' in parent 'image_controls' - NoWrap set but would overflow (child_size=36.0, offset=461.0, container=323.8)
[WARN] Layout overflow: 'image_zoom_in' extends outside parent 'image_controls' bounds (child_rel=[461.0,0.0], child_size=[36.0,28.0], child_end=[497.0,28.0], parent_size=[323.8,34.0], gap=6.0, start_offset=0.0)
[WARN] Layout wrap: 'image_mode_label' in parent 'image_controls' - NoWrap set but would overflow (child_size=170.0, offset=285.0, container=323.8)
[WARN] Layout overflow: 'image_mode_label' extends outside parent 'image_controls' bounds (child_rel=[285.0,0.0], child_size=[170.0,28.0], child_end=[455.0,28.0], parent_size=[323.8,34.0], gap=6.0, start_offset=0.0)
[WARN] Layout wrap: 'image_zoom_in' in parent 'image_controls' - NoWrap set but would overflow (child_size=36.0, offset=461.0, container=323.8)
[WARN] Layout overflow: 'image_zoom_in' extends outside parent 'image_controls' bounds (child_rel=[461.0,0.0], child_size=[36.0,28.0], child_end=[497.0,28.0], parent_size=[323.8,34.0], gap=6.0, start_offset=0.0)
[WARN] Layout wrap: 'image_mode_label' in parent 'image_controls' - NoWrap set but would overflow (child_size=170.0, offset=285.0, container=323.8)
[WARN] Layout overflow: 'image_mode_label' extends outside parent 'image_controls' bounds (child_rel=[285.0,0.0], child_size=[170.0,28.0], child_end=[455.0,28.0], parent_size=[323.8,34.0], gap=6.0, start_offset=0.0)
[WARN] Layout wrap: 'image_zoom_in' in parent 'image_controls' - NoWrap set but would overflow (child_size=36.0, offset=461.0, container=323.8)
[WARN] Layout overflow: 'image_zoom_in' extends outside parent 'image_controls' bounds (child_rel=[461.0,0.0], child_size=[36.0,28.0], child_end=[497.0,28.0], parent_size=[323.8,34.0], gap=6.0, start_offset=0.0)
[INFO] git: 122 ms (waited 0 ms for lock): git cat-file
[INFO] git: 102 ms (waited 0 ms for lock): git rev-parse
[WARN] Layout wrap: 'image_mode_label' in parent 'image_controls' - NoWrap set but would overflow (child_size=170.0, offset=285.0, container=323.8)
[WARN] Layout overflow: 'image_mode_label' extends outside parent 'image_controls' bounds (child_rel=[285.0,0.0], child_size=[170.0,28.0], child_end=[455.0,28.0], parent_size=[323.8,34.0], gap=6.0, start_offset=0.0)
[WARN] Layout wrap: 'image_zoom_in' in parent 'image_controls' - NoWrap set but would overflow (child_size=36.0, offset=461.0, container=323.8)
[WARN] Layout overflow: 'image_zoom_in' extends outside parent 'image_controls' bounds (child_rel=[461.0,0.0], child_size=[36.0,28.0], child_end=[497.0,28.0], parent_size=[323.8,34.0], gap=6.0, start_offset=0.0)
[WARN] Layout wrap: 'image_mode_label' in parent 'image_controls' - NoWrap set but would overflow (child_size=170.0, offset=285.0, container=323.8)
[WARN] Layout overflow: 'image_mode_label' extends outside parent 'image_controls' bounds (child_rel=[285.0,0.0], child_size=[170.0,28.0], child_end=[455.0,28.0], parent_size=[323.8,34.0], gap=6.0, start_offset=0.0)
[WARN] Layout wrap: 'image_zoom_in' in parent 'image_controls' - NoWrap set but would overflow (child_size=36.0, offset=461.0, container=323.8)
[WARN] Layout overflow: 'image_zoom_in' extends outside parent 'image_controls' bounds (child_rel=[461.0,0.0], child_size=[36.0,28.0], child_end=[497.0,28.0], parent_size=[323.8,34.0], gap=6.0, start_offset=0.0)
[WARN] Layout wrap: 'image_mode_label' in parent 'image_controls' - NoWrap set but would overflow (child_size=170.0, offset=285.0, container=323.8)
[WARN] Layout overflow: 'image_mode_label' extends outside parent 'image_controls' bounds (child_rel=[285.0,0.0], child_size=[170.0,28.0], child_end=[455.0,28.0], parent_size=[323.8,34.0], gap=6.0, start_offset=0.0)
[WARN] Layout wrap: 'image_zoom_in' in parent 'image_controls' - NoWrap set but would overflow (child_size=36.0, offset=461.0, container=323.8)
[WARN] Layout overflow: 'image_zoom_in' extends outside parent 'image_controls' bounds (child_rel=[461.0,0.0], child_size=[36.0,28.0], child_end=[497.0,28.0], parent_size=[323.8,34.0], gap=6.0, start_offset=0.0)
[WARN] Layout wrap: 'image_mode_label' in parent 'image_controls' - NoWrap set but would overflow (child_size=170.0, offset=285.0, container=323.8)
[WARN] Layout overflow: 'image_mode_label' extends outside parent 'image_controls' bounds (child_rel=[285.0,0.0], child_size=[170.0,28.0], child_end=[455.0,28.0], parent_size=[323.8,34.0], gap=6.0, start_offset=0.0)
[WARN] Layout wrap: 'image_zoom_in' in parent 'image_controls' - NoWrap set but would overflow (child_size=36.0, offset=461.0, container=323.8)
[WARN] Layout overflow: 'image_zoom_in' extends outside parent 'image_controls' bounds (child_rel=[461.0,0.0], child_size=[36.0,28.0], child_end=[497.0,28.0], parent_size=[323.8,34.0], gap=6.0, start_offset=0.0)
[WARN] Layout wrap: 'image_mode_label' in parent 'image_controls' - NoWrap set but would overflow (child_size=170.0, offset=285.0, container=323.8)
[WARN] Layout overflow: 'image_mode_label' extends outside parent 'image_controls' bounds (child_rel=[285.0,0.0], child_size=[170.0,28.0], child_end=[455.0,28.0], parent_size=[323.8,34.0], gap=6.0, start_offset=0.0)
[WARN] Layout wrap: 'image_zoom_in' in parent 'image_controls' - NoWrap set but would overflow (child_size=36.0, offset=461.0, container=323.8)
[WARN] Layout overflow: 'image_zoom_in' extends outside parent 'image_controls' bounds (child_rel=[461.0,0.0], child_size=[36.0,28.0], child_end=[497.0,28.0], parent_size=[323.8,34.0], gap=6.0, start_offset=0.0)
[WARN] Layout wrap: 'image_mode_label' in parent 'image_controls' - NoWrap set but would overflow (child_size=170.0, offset=285.0, container=323.8)
[WARN] Layout overflow: 'image_mode_label' extends outside parent 'image_controls' bounds (child_rel=[285.0,0.0], child_size=[170.0,28.0], child_end=[455.0,28.0], parent_size=[323.8,34.0], gap=6.0, start_offset=0.0)
[WARN] Layout wrap: 'image_zoom_in' in parent 'image_controls' - NoWrap set but would overflow (child_size=36.0, offset=461.0, container=323.8)
[WARN] Layout overflow: 'image_zoom_in' extends outside parent 'image_controls' bounds (child_rel=[461.0,0.0], child_size=[36.0,28.0], child_end=[497.0,28.0], parent_size=[323.8,34.0], gap=6.0, start_offset=0.0)
[WARN] Layout wrap: 'image_mode_label' in parent 'image_controls' - NoWrap set but would overflow (child_size=170.0, offset=285.0, container=323.8)
[WARN] Layout overflow: 'image_mode_label' extends outside parent 'image_controls' bounds (child_rel=[285.0,0.0], child_size=[170.0,28.0], child_end=[455.0,28.0], parent_size=[323.8,34.0], gap=6.0, start_offset=0.0)
[WARN] Layout wrap: 'image_zoom_in' in parent 'image_controls' - NoWrap set but would overflow (child_size=36.0, offset=461.0, container=323.8)
[WARN] Layout overflow: 'image_zoom_in' extends outside parent 'image_controls' bounds (child_rel=[461.0,0.0], child_size=[36.0,28.0], child_end=[497.0,28.0], parent_size=[323.8,34.0], gap=6.0, start_offset=0.0)
[WARN] Layout wrap: 'image_mode_label' in parent 'image_controls' - NoWrap set but would overflow (child_size=170.0, offset=285.0, container=323.8)
[WARN] Layout overflow: 'image_mode_label' extends outside parent 'image_controls' bounds (child_rel=[285.0,0.0], child_size=[170.0,28.0], child_end=[455.0,28.0], parent_size=[323.8,34.0], gap=6.0, start_offset=0.0)
[WARN] Layout wrap: 'image_zoom_in' in parent 'image_controls' - NoWrap set but would overflow (child_size=36.0, offset=461.0, container=323.8)
[WARN] Layout overflow: 'image_zoom_in' extends outside parent 'image_controls' bounds (child_rel=[461.0,0.0], child_size=[36.0,28.0], child_end=[497.0,28.0], parent_size=[323.8,34.0], gap=6.0, start_offset=0.0)
[WARN] Layout wrap: 'image_mode_label' in parent 'image_controls' - NoWrap set but would overflow (child_size=170.0, offset=285.0, container=323.8)
[WARN] Layout overflow: 'image_mode_label' extends outside parent 'image_controls' bounds (child_rel=[285.0,0.0], child_size=[170.0,28.0], child_end=[455.0,28.0], parent_size=[323.8,34.0], gap=6.0, start_offset=0.0)
[WARN] Layout wrap: 'image_zoom_in' in parent 'image_controls' - NoWrap set but would overflow (child_size=36.0, offset=461.0, container=323.8)
[WARN] Layout overflow: 'image_zoom_in' extends outside parent 'image_controls' bounds (child_rel=[461.0,0.0], child_size=[36.0,28.0], child_end=[497.0,28.0], parent_size=[323.8,34.0], gap=6.0, start_offset=0.0)
[WARN] Layout wrap: 'image_mode_label' in parent 'image_controls' - NoWrap set but would overflow (child_size=170.0, offset=285.0, container=323.8)
[WARN] Layout overflow: 'image_mode_label' extends outside parent 'image_controls' bounds (child_rel=[285.0,0.0], child_size=[170.0,28.0], child_end=[455.0,28.0], parent_size=[323.8,34.0], gap=6.0, start_offset=0.0)
[WARN] Layout wrap: 'image_zoom_in' in parent 'image_controls' - NoWrap set but would overflow (child_size=36.0, offset=461.0, container=323.8)
[WARN] Layout overflow: 'image_zoom_in' extends outside parent 'image_controls' bounds (child_rel=[461.0,0.0], child_size=[36.0,28.0], child_end=[497.0,28.0], parent_size=[323.8,34.0], gap=6.0, start_offset=0.0)
[WARN] Layout wrap: 'image_mode_label' in parent 'image_controls' - NoWrap set but would overflow (child_size=170.0, offset=285.0, container=323.8)
[WARN] Layout overflow: 'image_mode_label' extends outside parent 'image_controls' bounds (child_rel=[285.0,0.0], child_size=[170.0,28.0], child_end=[455.0,28.0], parent_size=[323.8,34.0], gap=6.0, start_offset=0.0)
[WARN] Layout wrap: 'image_zoom_in' in parent 'image_controls' - NoWrap set but would overflow (child_size=36.0, offset=461.0, container=323.8)
[WARN] Layout overflow: 'image_zoom_in' extends outside parent 'image_controls' bounds (child_rel=[461.0,0.0], child_size=[36.0,28.0], child_end=[497.0,28.0], parent_size=[323.8,34.0], gap=6.0, start_offset=0.0)
[WARN] Layout wrap: 'image_mode_label' in parent 'image_controls' - NoWrap set but would overflow (child_size=170.0, offset=285.0, container=323.8)
[WARN] Layout overflow: 'image_mode_label' extends outside parent 'image_controls' bounds (child_rel=[285.0,0.0], child_size=[170.0,28.0], child_end=[455.0,28.0], parent_size=[323.8,34.0], gap=6.0, start_offset=0.0)
[WARN] Layout wrap: 'image_zoom_in' in parent 'image_controls' - NoWrap set but would overflow (child_size=36.0, offset=461.0, container=323.8)
[WARN] Layout overflow: 'image_zoom_in' extends outside parent 'image_controls' bounds (child_rel=[461.0,0.0], child_size=[36.0,28.0], child_end=[497.0,28.0], parent_size=[323.8,34.0], gap=6.0, start_offset=0.0)
[WARN] Layout wrap: 'image_mode_label' in parent 'image_controls' - NoWrap set but would overflow (child_size=170.0, offset=285.0, container=323.8)
[WARN] Layout overflow: 'image_mode_label' extends outside parent 'image_controls' bounds (child_rel=[285.0,0.0], child_size=[170.0,28.0], child_end=[455.0,28.0], parent_size=[323.8,34.0], gap=6.0, start_offset=0.0)
[WARN] Layout wrap: 'image_zoom_in' in parent 'image_controls' - NoWrap set but would overflow (child_size=36.0, offset=461.0, container=323.8)
[WARN] Layout overflow: 'image_zoom_in' extends outside parent 'image_controls' bounds (child_rel=[461.0,0.0], child_size=[36.0,28.0], child_end=[497.0,28.0], parent_size=[323.8,34.0], gap=6.0, start_offset=0.0)
[WARN] Layout wrap: 'image_mode_label' in parent 'image_controls' - NoWrap set but would overflow (child_size=170.0, offset=285.0, container=323.8)
[WARN] Layout overflow: 'image_mode_label' extends outside parent 'image_controls' bounds (child_rel=[285.0,0.0], child_size=[170.0,28.0], child_end=[455.0,28.0], parent_size=[323.8,34.0], gap=6.0, start_offset=0.0)
[WARN] Layout wrap: 'image_zoom_in' in parent 'image_controls' - NoWrap set but would overflow (child_size=36.0, offset=461.0, container=323.8)
[WARN] Layout overflow: 'image_zoom_in' extends outside parent 'image_controls' bounds (child_rel=[461.0,0.0], child_size=[36.0,28.0], child_end=[497.0,28.0], parent_size=[323.8,34.0], gap=6.0, start_offset=0.0)
[WARN] Layout wrap: 'image_mode_label' in parent 'image_controls' - NoWrap set but would overflow (child_size=170.0, offset=285.0, container=323.8)
[WARN] Layout overflow: 'image_mode_label' extends outside parent 'image_controls' bounds (child_rel=[285.0,0.0], child_size=[170.0,28.0], child_end=[455.0,28.0], parent_size=[323.8,34.0], gap=6.0, start_offset=0.0)
[WARN] Layout wrap: 'image_zoom_in' in parent 'image_controls' - NoWrap set but would overflow (child_size=36.0, offset=461.0, container=323.8)
[WARN] Layout overflow: 'image_zoom_in' extends outside parent 'image_controls' bounds (child_rel=[461.0,0.0], child_size=[36.0,28.0], child_end=[497.0,28.0], parent_size=[323.8,34.0], gap=6.0, start_offset=0.0)
[WARN] Layout wrap: 'image_mode_label' in parent 'image_controls' - NoWrap set but would overflow (child_size=170.0, offset=285.0, container=323.8)
[WARN] Layout overflow: 'image_mode_label' extends outside parent 'image_controls' bounds (child_rel=[285.0,0.0], child_size=[170.0,28.0], child_end=[455.0,28.0], parent_size=[323.8,34.0], gap=6.0, start_offset=0.0)
[WARN] Layout wrap: 'image_zoom_in' in parent 'image_controls' - NoWrap set but would overflow (child_size=36.0, offset=461.0, container=323.8)
[WARN] Layout overflow: 'image_zoom_in' extends outside parent 'image_controls' bounds (child_rel=[461.0,0.0], child_size=[36.0,28.0], child_end=[497.0,28.0], parent_size=[323.8,34.0], gap=6.0, start_offset=0.0)
[WARN] Layout wrap: 'image_mode_label' in parent 'image_controls' - NoWrap set but would overflow (child_size=170.0, offset=285.0, container=323.8)
[WARN] Layout overflow: 'image_mode_label' extends outside parent 'image_controls' bounds (child_rel=[285.0,0.0], child_size=[170.0,28.0], child_end=[455.0,28.0], parent_size=[323.8,34.0], gap=6.0, start_offset=0.0)
[WARN] Layout wrap: 'image_zoom_in' in parent 'image_controls' - NoWrap set but would overflow (child_size=36.0, offset=461.0, container=323.8)
[WARN] Layout overflow: 'image_zoom_in' extends outside parent 'image_controls' bounds (child_rel=[461.0,0.0], child_size=[36.0,28.0], child_end=[497.0,28.0], parent_size=[323.8,34.0], gap=6.0, start_offset=0.0)
[WARN] Layout wrap: 'image_mode_label' in parent 'image_controls' - NoWrap set but would overflow (child_size=170.0, offset=285.0, container=323.8)
[WARN] Layout overflow: 'image_mode_label' extends outside parent 'image_controls' bounds (child_rel=[285.0,0.0], child_size=[170.0,28.0], child_end=[455.0,28.0], parent_size=[323.8,34.0], gap=6.0, start_offset=0.0)
[WARN] Layout wrap: 'image_zoom_in' in parent 'image_controls' - NoWrap set but would overflow (child_size=36.0, offset=461.0, container=323.8)
[WARN] Layout overflow: 'image_zoom_in' extends outside parent 'image_controls' bounds (child_rel=[461.0,0.0], child_size=[36.0,28.0], child_end=[497.0,28.0], parent_size=[323.8,34.0], gap=6.0, start_offset=0.0)
[WARN] Layout wrap: 'image_mode_label' in parent 'image_controls' - NoWrap set but would overflow (child_size=170.0, offset=285.0, container=323.8)
[WARN] Layout overflow: 'image_mode_label' extends outside parent 'image_controls' bounds (child_rel=[285.0,0.0], child_size=[170.0,28.0], child_end=[455.0,28.0], parent_size=[323.8,34.0], gap=6.0, start_offset=0.0)
[WARN] Layout wrap: 'image_zoom_in' in parent 'image_controls' - NoWrap set but would overflow (child_size=36.0, offset=461.0, container=323.8)
[WARN] Layout overflow: 'image_zoom_in' extends outside parent 'image_controls' bounds (child_rel=[461.0,0.0], child_size=[36.0,28.0], child_end=[497.0,28.0], parent_size=[323.8,34.0], gap=6.0, start_offset=0.0)
[INFO] E2E finished in 0.43 seconds
[INFO] git: 162 ms (waited 0 ms for lock): git rev-parse
[INFO] git: 39 ms (waited 0 ms for lock): git rev-parse
[INFO] git: 104 ms (waited 0 ms for lock): git rev-parse
[INFO] git: 39 ms (waited 0 ms for lock): git cat-file
Traceback (most recent call last):
  File "<stdin>", line 7, in <module>
  File "/opt/homebrew/Cellar/python@3.14/3.14.6/Frameworks/Python.framework/Versions/3.14/lib/python3.14/subprocess.py", line 578, in run
    raise CalledProcessError(retcode, process.args,
                             output=stdout, stderr=stderr)
subprocess.CalledProcessError: Command '['output/floatinghotel.exe', '.', '--test-mode', '--headless', '--test-script=tests/review_focus/dock_resize.e2e', '--screenshot-dir=output/step07-dock-final', '--e2e-timeout=60']' returned non-zero exit status 1.
